corridor,link_id,period,lanes,length_mi,bins,bins_below_cutoff,weekdays_averaged,free_speed_mph,speed_at_capacity_mph,cutoff_mph,capacity_vph,capacity_vphpl,capacity_source,capacity_alt_profile_p995_vph,capacity_alt_daily_p995_vph,capacity_alt_network_vph,t0_hhmm,T2_hhmm,t3_hhmm,P_h,window_type,congestion_source,v_t2_mph,severity,mu_vph,mu_over_C,congested_passed_volume_counts_veh,congested_passed_volume_speed_veh,period_volume_counts_veh,period_volume_speed_veh,capacity_equivalent_hours_counts,counts_evidence_layer,speed_evidence_layer,schema_version,DC_hours,D_counts,D_speed,V_counts,V_speed,V_err,D_err
D12_I405_N,L405N-001,AM,8,1.0545,36,0,23,70.5154347826087,49.86194211310035,49.36080434782608,10356.589565217391,1294.573695652174,profile,10356.589565217391,11014.680000000004,16000.0,,,,,,none,,,,,0.0,0.0,28489.391304347828,27594.63719464802,0.0,A_OBSERVED,B_RECOVERED,0.3,0.0,0.0,0.0,28489.391304347828,27594.63719464802,-3.140657166526602,
D12_I405_N,L405N-001,MD,8,1.0545,72,0,23,70.5154347826087,49.86194211310035,49.36080434782608,10356.589565217391,1294.573695652174,profile,10356.589565217391,11014.680000000004,16000.0,,,,,,none,,,,,0.0,0.0,53867.563241106705,59420.588566663886,0.0,A_OBSERVED,B_RECOVERED,0.3,0.0,0.0,0.0,53867.563241106705,59420.588566663886,10.308662563224374,
D12_I405_N,L405N-001,PM,8,1.0545,48,41,23,70.5154347826087,49.86194211310035,49.36080434782608,10356.589565217391,1294.573695652174,profile,10356.589565217391,11014.680000000004,16000.0,15:20,16:25,18:45,3.4166666666666665,normal,own_episode,36.1695652173913,0.27460576775471435,9595.565217391304,0.9265178615958686,33037.43478260869,34207.41747724578,38610.82608695652,40243.94017182263,3.1899917028251195,A_OBSERVED,B_RECOVERED,0.3,3.1899917028251195,33037.43478260869,34207.41747724578,38610.82608695652,40243.94017182263,4.229679212737192,3.541384802832761
D12_I405_N,L405N-001,NT,8,1.0545,132,0,23,70.5154347826087,49.86194211310035,49.36080434782608,10356.589565217391,1294.573695652174,profile,10356.589565217391,11014.680000000004,16000.0,,,,,,none,,,,,0.0,0.0,39587.43478260869,66614.8144153564,0.0,A_OBSERVED,B_RECOVERED,0.3,0.0,0.0,0.0,39587.43478260869,66614.8144153564,68.27262180832496,
D12_I405_N,L405N-002,AM,5,0.9681,36,0,23,71.87369565217391,50.82237758459025,50.31158695652173,7213.642173913044,1442.7284347826087,profile,7213.642173913044,7764.0,10000.0,,,,,,none,,,,,0.0,0.0,18353.282608695652,17189.18323283737,0.0,A_OBSERVED,B_RECOVERED,0.3,0.0,0.0,0.0,18353.282608695652,17189.18323283737,-6.342731165196241,
D12_I405_N,L405N-002,MD,5,0.9681,72,0,23,71.87369565217391,50.82237758459025,50.31158695652173,7213.642173913044,1442.7284347826087,profile,7213.642173913044,7764.0,10000.0,,,,,,none,,,,,0.0,0.0,36660.729249011856,39511.99103290636,0.0,A_OBSERVED,B_RECOVERED,0.3,0.0,0.0,0.0,36660.729249011856,39511.99103290636,7.777427897104237,
D12_I405_N,L405N-002,PM,5,0.9681,48,13,23,71.87369565217391,50.82237758459025,50.31158695652173,7213.642173913044,1442.7284347826087,profile,7213.642173913044,7764.0,10000.0,16:10,16:30,17:15,1.0833333333333333,normal,own_episode,48.6695652173913,0.04235953667487802,6856.173913043478,0.9504455235993974,7463.456521739132,7808.931793259981,27393.95652173913,28681.617547860697,1.0346308205762549,A_OBSERVED,B_RECOVERED,0.3,1.0346308205762549,7463.456521739132,7808.931793259981,27393.95652173913,28681.617547860697,4.700529567898358,4.628891057575911
D12_I405_N,L405N-002,NT,5,0.9681,132,0,23,71.87369565217391,50.82237758459025,50.31158695652173,7213.642173913044,1442.7284347826087,profile,7213.642173913044,7764.0,10000.0,,,,,,none,,,,,0.0,0.0,26787.15217391304,40206.29718378525,0.0,A_OBSERVED,B_RECOVERED,0.3,0.0,0.0,0.0,26787.15217391304,40206.29718378525,50.09545218823445,
D12_I405_N,L405N-016,AM,5,0.6301,36,0,23,67.94345238095238,48.043275915796706,47.56041666666666,6507.104285714286,1301.4208571428571,profile,6507.104285714286,6960.0,10000.0,,,,,,none,,,,,0.0,0.0,13701.238095238095,14051.727030945556,0.0,A_OBSERVED,B_RECOVERED,0.3,0.0,0.0,0.0,13701.238095238095,14051.727030945556,2.5580822205350495,
D12_I405_N,L405N-016,MD,5,0.6301,72,6,23,67.94345238095238,48.043275915796706,47.56041666666666,6507.104285714286,1301.4208571428571,profile,6507.104285714286,6960.0,10000.0,,,,,,spillover_from_PM,,,,,3187.285714285714,3223.8421746732115,32258.07976190476,35968.84443808624,0.48981629528868775,A_OBSERVED,B_RECOVERED,0.3,0.48981629528868775,3187.285714285714,3223.8421746732115,32258.07976190476,35968.84443808624,11.50336505945316,1.1469464511338845
D12_I405_N,L405N-016,PM,5,0.6301,48,48,23,67.94345238095238,48.043275915796706,47.56041666666666,6507.104285714286,1301.4208571428571,profile,6507.104285714286,6960.0,10000.0,14:30,18:00,19:20,4.833333333333333,normal,own_episode,35.44761904761906,0.26217314760661803,5845.714285714286,0.8983587828072747,23952.197444831592,24847.858076762757,23952.197444831592,24847.858076762757,3.6809303175632686,A_OBSERVED,B_RECOVERED,0.3,3.6809303175632686,23952.197444831592,24847.858076762757,23952.197444831592,24847.858076762757,3.7393672709742574,3.7393672709742574
D12_I405_N,L405N-016,NT,5,0.6301,132,4,23,67.94345238095238,48.043275915796706,47.56041666666666,6507.104285714286,1301.4208571428571,profile,6507.104285714286,6960.0,10000.0,,,,,,spillover_from_PM,,,,,1922.8809523809523,2166.8197188955523,22309.45238095238,39160.67232483251,0.29550486175585816,A_OBSERVED,B_RECOVERED,0.3,0.29550486175585816,1922.8809523809523,2166.8197188955523,22309.45238095238,39160.67232483251,75.53399185301183,12.686108633639012
D12_I405_N,L405N-017,AM,4,0.6761,36,0,23,69.23413043478261,48.955923119988725,48.463891304347825,5306.947826086956,1326.736956521739,profile,5306.947826086956,5568.0,8000.0,,,,,,none,,,,,0.0,0.0,10966.08695652174,11754.215550691028,0.0,A_OBSERVED,B_RECOVERED,0.3,0.0,0.0,0.0,10966.08695652174,11754.215550691028,7.186962836370476,
D12_I405_N,L405N-017,MD,4,0.6761,72,0,23,69.23413043478261,48.955923119988725,48.463891304347825,5306.947826086956,1326.736956521739,profile,5306.947826086956,5568.0,8000.0,,,,,,none,,,,,0.0,0.0,24976.875494071144,29390.4250352085,0.0,A_OBSERVED,B_RECOVERED,0.3,0.0,0.0,0.0,24976.875494071144,29390.4250352085,17.670543067666795,
D12_I405_N,L405N-017,PM,4,0.6761,48,0,23,69.23413043478261,48.955923119988725,48.463891304347825,5306.947826086956,1326.736956521739,profile,5306.947826086956,5568.0,8000.0,,,,,,none,,,,,0.0,0.0,19645.391304347824,21080.88106443808,0.0,A_OBSERVED,B_RECOVERED,0.3,0.0,0.0,0.0,19645.391304347824,21080.88106443808,7.3070051792379385,
D12_I405_N,L405N-017,NT,4,0.6761,132,0,23,69.23413043478261,48.955923119988725,48.463891304347825,5306.947826086956,1326.736956521739,profile,5306.947826086956,5568.0,8000.0,,,,,,none,,,,,0.0,0.0,15213.304347826088,34211.74545503085,0.0,A_OBSERVED,B_RECOVERED,0.3,0.0,0.0,0.0,15213.304347826088,34211.74545503085,124.88043802212863,
D12_I405_N,L405N-027,AM,8,0.2517,36,0,23,70.70239130434783,49.99414033740914,49.49167391304348,9146.35304347826,1143.2941304347826,profile,9146.35304347826,9816.0,16000.0,,,,,,none,,,,,0.0,0.0,25330.826086956517,24351.43832339398,0.0,A_OBSERVED,B_RECOVERED,0.3,0.0,0.0,0.0,25330.826086956517,24351.43832339398,-3.866386987145466,
D12_I405_N,L405N-027,MD,8,0.2517,72,2,23,70.70239130434783,49.99414033740914,49.49167391304348,9146.35304347826,1143.2941304347826,profile,9146.35304347826,9816.0,16000.0,,,,,,spillover_from_PM,,,,,1466.9565217391305,1520.500758154335,49301.06324110672,52465.5924346862,0.16038704331286807,A_OBSERVED,B_RECOVERED,0.3,0.16038704331286807,1466.9565217391305,1520.500758154335,49301.06324110672,52465.5924346862,6.4187848811766175,3.6500220437157798
D12_I405_N,L405N-027,PM,8,0.2517,48,46,23,70.70239130434783,49.99414033740914,49.49167391304348,9146.35304347826,1143.2941304347826,profile,9146.35304347826,9816.0,16000.0,14:50,16:10,18:50,4.0,normal,own_episode,34.708695652173915,0.3057447249232442,8203.04347826087,0.896864951447505,31872.65217391304,33762.52253790808,33224.34782608696,35286.28378006069,3.4847388923653675,A_OBSERVED,B_RECOVERED,0.3,3.4847388923653675,31872.65217391304,33762.52253790808,33224.34782608696,35286.28378006069,6.206099107699398,5.929441810122883
D12_I405_N,L405N-027,NT,8,0.2517,132,0,23,70.70239130434783,49.99414033740914,49.49167391304348,9146.35304347826,1143.2941304347826,profile,9146.35304347826,9816.0,16000.0,,,,,,none,,,,,0.0,0.0,38178.82608695653,59959.80249067365,0.0,A_OBSERVED,B_RECOVERED,0.3,0.0,0.0,0.0,38178.82608695653,59959.80249067365,57.04988507008707,
D12_I405_N,L405N-063,AM,6,0.2336,36,0,23,71.34347826086957,50.44745727169592,49.9404347826087,6950.175652173913,1158.3626086956522,profile,6950.175652173913,7353.360000000008,12000.0,,,,,,none,,,,,0.0,0.0,16272.91304347826,15809.075352630149,0.0,A_OBSERVED,B_RECOVERED,0.3,0.0,0.0,0.0,16272.91304347826,15809.075352630149,-2.8503666774892826,
D12_I405_N,L405N-063,MD,6,0.2336,72,2,23,71.34347826086957,50.44745727169592,49.9404347826087,6950.175652173913,1158.3626086956522,profile,6950.175652173913,7353.360000000008,12000.0,,,,,,spillover_from_PM,,,,,1068.782608695652,1149.0497215787673,35965.19960474308,38806.8758877683,0.15377778378325627,A_OBSERVED,B_RECOVERED,0.3,0.15377778378325627,1068.782608695652,1149.0497215787673,35965.19960474308,38806.8758877683,7.901183127732342,7.510143992806327
D12_I405_N,L405N-063,PM,6,0.2336,48,48,23,71.34347826086957,50.44745727169592,49.9404347826087,6950.175652173913,1158.3626086956522,profile,6950.175652173913,7353.360000000008,12000.0,14:50,17:35,19:00,4.166666666666666,normal,own_episode,33.695652173913054,0.33206440926372793,5703.652173913043,0.8206486367188468,23576.869565217392,26550.764095862833,23576.869565217392,26550.764095862833,3.3922695979407216,A_OBSERVED,B_RECOVERED,0.3,3.3922695979407216,23576.869565217392,26550.764095862833,23576.869565217392,26550.764095862833,12.613610650977956,12.613610650977956
D12_I405_N,L405N-063,NT,6,0.2336,132,0,23,71.34347826086957,50.44745727169592,49.9404347826087,6950.175652173913,1158.3626086956522,profile,6950.175652173913,7353.360000000008,12000.0,,,,,,none,,,,,0.0,0.0,23539.91304347826,38981.987255336615,0.0,A_OBSERVED,B_RECOVERED,0.3,0.0,0.0,0.0,23539.91304347826,38981.987255336615,65.59953804135476,
D12_I405_N,L405N-065,AM,5,0.292,36,0,23,68.482,48.42408658921715,47.9374,6834.324,1366.8647999999998,profile,6834.324,7828.919999999998,10000.0,,,,,,none,,,,,0.0,0.0,14372.333333333332,11222.204980155173,0.0,A_OBSERVED,B_RECOVERED,0.3,0.0,0.0,0.0,14372.333333333332,11222.204980155173,-21.918002318191153,
D12_I405_N,L405N-065,MD,5,0.292,72,0,23,68.482,48.42408658921715,47.9374,6834.324,1366.8647999999998,profile,6834.324,7828.919999999998,10000.0,,,,,,none,,,,,0.0,0.0,32926.352380952376,33310.58654166396,0.0,A_OBSERVED,B_RECOVERED,0.3,0.0,0.0,0.0,32926.352380952376,33310.58654166396,1.166950278202871,
D12_I405_N,L405N-065,PM,5,0.292,48,23,23,68.482,48.42408658921715,47.9374,6834.324,1366.8647999999998,profile,6834.324,7828.919999999998,10000.0,16:15,17:30,18:10,1.9166666666666665,normal,own_episode,43.94,0.09260033394652911,4986.0,0.7295527692277979,10181.333333333332,13050.779360649827,22532.666666666664,27243.158673791353,1.4897352442367866,A_OBSERVED,B_RECOVERED,0.3,1.4897352442367866,10181.333333333332,13050.779360649827,22532.666666666664,27243.158673791353,20.905168823595474,28.183401263585274
D12_I405_N,L405N-065,NT,5,0.292,132,0,23,68.482,48.42408658921715,47.9374,6834.324,1366.8647999999998,profile,6834.324,7828.919999999998,10000.0,,,,,,none,,,,,0.0,0.0,22643.399999999994,40508.77089762717,0.0,A_OBSERVED,B_RECOVERED,0.3,0.0,0.0,0.0,22643.399999999994,40508.77089762717,78.8988000813799,
D12_I405_N,L405N-071,AM,6,0.2896,36,0,23,70.36434782608696,49.75510750159499,49.255043478260866,7897.205217391304,1316.2008695652173,profile,7897.205217391304,8556.0,12000.0,,,,,,none,,,,,0.0,0.0,16511.434782608692,16265.10870793105,0.0,A_OBSERVED,B_RECOVERED,0.3,0.0,0.0,0.0,16511.434782608692,16265.10870793105,-1.4918514224887085,
D12_I405_N,L405N-071,MD,6,0.2896,72,4,23,70.36434782608696,49.75510750159499,49.255043478260866,7897.205217391304,1316.2008695652173,profile,7897.205217391304,8556.0,12000.0,,,,,,spillover_from_PM,,,,,2482.086956521739,2619.4232359530433,39372.50592885375,43619.333352028276,0.31429941203195055,A_OBSERVED,B_RECOVERED,0.3,0.31429941203195055,2482.086956521739,2619.4232359530433,39372.50592885375,43619.333352028276,10.786276674511281,5.533097020249438
D12_I405_N,L405N-071,PM,6,0.2896,48,48,23,70.36434782608696,49.75510750159499,49.255043478260866,7897.205217391304,1316.2008695652173,profile,7897.205217391304,8556.0,12000.0,14:40,17:05,19:20,4.666666666666666,normal,own_episode,32.10000000000001,0.35484010362210583,6303.130434782609,0.798146972412695,25945.173913043476,29415.0900503714,25945.173913043476,29415.0900503714,3.2853614916713516,A_OBSERVED,B_RECOVERED,0.3,3.2853614916713516,25945.173913043476,29415.0900503714,25945.173913043476,29415.0900503714,13.374033062786623,13.374033062786623
D12_I405_N,L405N-071,NT,6,0.2896,132,4,23,70.36434782608696,49.75510750159499,49.255043478260866,7897.205217391304,1316.2008695652173,profile,7897.205217391304,8556.0,12000.0,,,,,,spillover_from_PM,,,,,2275.086956521739,2627.042559501954,27471.78260869565,49744.39435760009,0.2880876074375679,A_OBSERVED,B_RECOVERED,0.3,0.2880876074375679,2275.086956521739,2627.042559501954,27471.78260869565,49744.39435760009,81.07450494258967,15.469984651413132
D12_I405_N,L405N-074,AM,5,0.6257,36,0,23,69.62304347826087,49.230926170324096,48.7361304347826,7245.783913043479,1449.1567826086957,profile,7245.783913043479,8304.0,10000.0,,,,,,none,,,,,0.0,0.0,15774.0,14972.02806569243,0.0,A_OBSERVED,B_RECOVERED,0.3,0.0,0.0,0.0,15774.0,14972.02806569243,-5.084138039226387,
D12_I405_N,L405N-074,MD,5,0.6257,72,0,23,69.62304347826087,49.230926170324096,48.7361304347826,7245.783913043479,1449.1567826086957,profile,7245.783913043479,8304.0,10000.0,,,,,,none,,,,,0.0,0.0,35703.58893280632,38801.2560310771,0.0,A_OBSERVED,B_RECOVERED,0.3,0.0,0.0,0.0,35703.58893280632,38801.2560310771,8.676066442789683,
D12_I405_N,L405N-074,PM,5,0.6257,48,37,23,69.62304347826087,49.230926170324096,48.7361304347826,7245.783913043479,1449.1567826086957,profile,7245.783913043479,8304.0,10000.0,15:45,17:40,18:50,3.083333333333333,normal,own_episode,38.14565217391304,0.2251689102508322,6811.173913043478,0.9400189123474082,21392.65217391304,21903.311164401228,27817.304347826084,28532.240525154026,2.9524275676235825,A_OBSERVED,B_RECOVERED,0.3,2.9524275676235825,21392.65217391304,21903.311164401228,27817.304347826084,28532.240525154026,2.5701130792129168,2.3870765828226914
D12_I405_N,L405N-074,NT,5,0.6257,132,0,23,69.62304347826087,49.230926170324096,48.7361304347826,7245.783913043479,1449.1567826086957,profile,7245.783913043479,8304.0,10000.0,,,,,,none,,,,,0.0,0.0,25070.782608695656,44722.08104875026,0.0,A_OBSERVED,B_RECOVERED,0.3,0.0,0.0,0.0,25070.782608695656,44722.08104875026,78.38326687591581,
D12_I405_N,L405N-076,AM,5,0.4548,36,15,23,70.33521739130434,49.73450917362129,49.234652173913034,9912.594782608696,1982.5189565217393,profile,9912.594782608696,10174.680000000004,10000.0,07:45,08:45,09:15,1.5,normal,own_episode,44.21739130434783,0.11093138267462166,7596.260869565218,0.7663241599356603,9374.347826086956,12316.942068804463,24854.652173913033,29236.245305354532,0.9457007001369535,A_OBSERVED,B_RECOVERED,0.3,0.9457007001369535,9374.347826086956,12316.942068804463,24854.652173913033,29236.245305354532,17.628865215182273,31.389855564446297
D12_I405_N,L405N-076,MD,5,0.4548,72,3,23,70.33521739130434,49.73450917362129,49.234652173913034,9912.594782608696,1982.5189565217393,profile,9912.594782608696,10174.680000000004,10000.0,,,,,,spillover_from_AM,,,,,1920.3478260869565,2473.1692006017433,47180.739130434784,58597.11155854486,0.19372806698969883,A_OBSERVED,B_RECOVERED,0.3,0.19372806698969883,1920.3478260869565,2473.1692006017433,47180.739130434784,58597.11155854486,24.197103815072996,28.787564784097302
D12_I405_N,L405N-076,PM,5,0.4548,48,0,23,70.33521739130434,49.73450917362129,49.234652173913034,9912.594782608696,1982.5189565217393,profile,9912.594782608696,10174.680000000004,10000.0,,,,,,none,,,,,0.0,0.0,31338.95652173913,38526.287192125295,0.0,A_OBSERVED,B_RECOVERED,0.3,0.0,0.0,0.0,31338.95652173913,38526.287192125295,22.934173527444916,
D12_I405_N,L405N-076,NT,5,0.4548,132,0,23,70.33521739130434,49.73450917362129,49.234652173913034,9912.594782608696,1982.5189565217393,profile,9912.594782608696,10174.680000000004,10000.0,,,,,,none,,,,,0.0,0.0,29615.086956521736,60606.39274066209,0.0,A_OBSERVED,B_RECOVERED,0.3,0.0,0.0,0.0,29615.086956521736,60606.39274066209,104.64701937103567,
D12_I405_N,L405N-080,AM,5,0.8345,36,0,23,71.42543478260869,50.50540928398011,49.99780434782608,8216.913913043478,1643.3827826086956,profile,8216.913913043478,8794.680000000004,10000.0,,,,,,none,,,,,0.0,0.0,20123.826086956524,19792.675602053703,0.0,A_OBSERVED,B_RECOVERED,0.3,0.0,0.0,0.0,20123.826086956524,19792.675602053703,-1.645564235508174,
D12_I405_N,L405N-080,MD,5,0.8345,72,0,23,71.42543478260869,50.50540928398011,49.99780434782608,8216.913913043478,1643.3827826086956,profile,8216.913913043478,8794.680000000004,10000.0,,,,,,none,,,,,0.0,0.0,40729.78656126482,45493.38521549292,0.0,A_OBSERVED,B_RECOVERED,0.3,0.0,0.0,0.0,40729.78656126482,45493.38521549292,11.695614085928995,
D12_I405_N,L405N-080,PM,5,0.8345,48,0,23,71.42543478260869,50.50540928398011,49.99780434782608,8216.913913043478,1643.3827826086956,profile,8216.913913043478,8794.680000000004,10000.0,,,,,,none,,,,,0.0,0.0,31466.478260869568,32648.817198459397,0.0,A_OBSERVED,B_RECOVERED,0.3,0.0,0.0,0.0,31466.478260869568,32648.817198459397,3.7574555620358003,
D12_I405_N,L405N-080,NT,5,0.8345,132,0,23,71.42543478260869,50.50540928398011,49.99780434782608,8216.913913043478,1643.3827826086956,profile,8216.913913043478,8794.680000000004,10000.0,,,,,,none,,,,,0.0,0.0,29321.173913043476,47119.50338116077,0.0,A_OBSERVED,B_RECOVERED,0.3,0.0,0.0,0.0,29321.173913043476,47119.50338116077,60.70128542909307,
D12_I405_N,L405N-086,AM,6,0.1087,36,0,23,70.90891304347826,50.14017325961071,49.63623913043478,8849.068695652173,1474.8447826086956,profile,8849.068695652173,9586.680000000004,12000.0,,,,,,none,,,,,0.0,0.0,24256.260869565216,24695.037299042247,0.0,A_OBSERVED,B_RECOVERED,0.3,0.0,0.0,0.0,24256.260869565216,24695.037299042247,1.8089203106632659,
D12_I405_N,L405N-086,MD,6,0.1087,72,0,23,70.90891304347826,50.14017325961071,49.63623913043478,8849.068695652173,1474.8447826086956,profile,8849.068695652173,9586.680000000004,12000.0,,,,,,none,,,,,0.0,0.0,48245.667984189735,50530.750499324306,0.0,A_OBSERVED,B_RECOVERED,0.3,0.0,0.0,0.0,48245.667984189735,50530.750499324306,4.736347553283747,
D12_I405_N,L405N-086,PM,6,0.1087,48,32,23,70.90891304347826,50.14017325961071,49.63623913043478,8849.068695652173,1474.8447826086956,profile,8849.068695652173,9586.680000000004,12000.0,15:40,17:35,18:20,2.6666666666666665,normal,own_episode,43.77391304347825,0.12696925044853524,7948.695652173913,0.898252225805339,21706.0,23429.033169722592,32649.173913043476,35219.18474880658,2.4529134925424234,A_OBSERVED,B_RECOVERED,0.3,2.4529134925424234,21706.0,23429.033169722592,32649.173913043476,35219.18474880658,7.871595289387636,7.938050169181757
D12_I405_N,L405N-086,NT,6,0.1087,132,0,23,70.90891304347826,50.14017325961071,49.63623913043478,8849.068695652173,1474.8447826086956,profile,8849.068695652173,9586.680000000004,12000.0,,,,,,none,,,,,0.0,0.0,36786.21739130434,59831.862870103454,0.0,A_OBSERVED,B_RECOVERED,0.3,0.0,0.0,0.0,36786.21739130434,59831.862870103454,62.64749983304,
D12_I405_N,L405N-087,AM,6,0.0802,36,0,23,70.35586956521738,49.74911246584144,49.24910869565216,9084.451304347825,1514.0752173913042,profile,9084.451304347825,9660.0,12000.0,,,,,,none,,,,,0.0,0.0,19685.17391304348,19556.705236711532,0.0,A_OBSERVED,B_RECOVERED,0.3,0.0,0.0,0.0,19685.17391304348,19556.705236711532,-0.6526164152749695,
D12_I405_N,L405N-087,MD,6,0.0802,72,0,23,70.35586956521738,49.74911246584144,49.24910869565216,9084.451304347825,1514.0752173913042,profile,9084.451304347825,9660.0,12000.0,,,,,,none,,,,,0.0,0.0,43298.36166007905,48296.25303840185,0.0,A_OBSERVED,B_RECOVERED,0.3,0.0,0.0,0.0,43298.36166007905,48296.25303840185,11.542911063378266,
D12_I405_N,L405N-087,PM,6,0.0802,48,25,23,70.35586956521738,49.74911246584144,49.24910869565216,9084.451304347825,1514.0752173913042,profile,9084.451304347825,9660.0,12000.0,16:35,17:50,18:40,2.083333333333333,normal,own_episode,42.44347826086957,0.1468495384714258,8484.260869565218,0.9339321204247795,17865.173913043476,18793.83377028106,34789.695652173905,36116.02771444936,1.9665660934847204,A_OBSERVED,B_RECOVERED,0.3,1.9665660934847204,17865.173913043476,18793.83377028106,34789.695652173905,36116.02771444936,3.812427896857948,5.198157385747943
D12_I405_N,L405N-087,NT,6,0.0802,132,0,23,70.35586956521738,49.74911246584144,49.24910869565216,9084.451304347825,1514.0752173913042,profile,9084.451304347825,9660.0,12000.0,,,,,,none,,,,,0.0,0.0,29879.82608695652,49958.91593686759,0.0,A_OBSERVED,B_RECOVERED,0.3,0.0,0.0,0.0,29879.82608695652,49958.91593686759,67.19948700998705,
D12_I405_N,L405N-091,AM,8,0.2666,36,0,23,69.84434782608696,49.387411975377994,48.89104347826087,11059.145217391304,1382.393152173913,profile,11059.145217391304,11842.680000000004,16000.0,,,,,,none,,,,,0.0,0.0,29941.826086956527,29445.1631653354,0.0,A_OBSERVED,B_RECOVERED,0.3,0.0,0.0,0.0,29941.826086956527,29445.1631653354,-1.6587596233400264,
D12_I405_N,L405N-091,MD,8,0.2666,72,3,23,69.84434782608696,49.387411975377994,48.89104347826087,11059.145217391304,1382.393152173913,profile,11059.145217391304,11842.680000000004,16000.0,,,,,,spillover_from_PM,,,,,2729.869565217391,2744.234210371466,58498.31422924901,62867.19405090091,0.24684272713269684,A_OBSERVED,B_RECOVERED,0.3,0.24684272713269684,2729.869565217391,2744.234210371466,58498.31422924901,62867.19405090091,7.468385848745484,0.5262026192423945
D12_I405_N,L405N-091,PM,8,0.2666,48,48,23,69.84434782608696,49.387411975377994,48.89104347826087,11059.145217391304,1382.393152173913,profile,11059.145217391304,11842.680000000004,16000.0,14:45,16:10,19:05,4.333333333333333,normal,own_episode,30.13478260869565,0.38982867489150286,10508.347826086956,0.950195301673209,42374.95652173912,41645.016135242724,42374.95652173912,41645.016135242724,3.8316665247420247,A_OBSERVED,B_RECOVERED,0.3,3.8316665247420247,42374.95652173912,41645.016135242724,42374.95652173912,41645.016135242724,-1.722574950895641,-1.722574950895641
D12_I405_N,L405N-091,NT,8,0.2666,132,1,23,69.84434782608696,49.387411975377994,48.89104347826087,11059.145217391304,1382.393152173913,profile,11059.145217391304,11842.680000000004,16000.0,,,,,,spillover_from_PM,,,,,798.2173913043478,921.4813091739403,44558.69565217392,75098.85231749521,0.07217713264575759,A_OBSERVED,B_RECOVERED,0.3,0.07217713264575759,798.2173913043478,921.4813091739403,44558.69565217392,75098.85231749521,68.53916215079178,15.44239942807685
D12_I405_N,L405N-095,AM,5,0.2392,36,0,23,71.58136363636363,50.61566763385287,50.10695454545454,7257.152727272727,1451.4305454545454,profile,7257.152727272727,7838.040000000001,10000.0,,,,,,none,,,,,0.0,0.0,16651.09090909091,16864.421846908044,0.0,A_OBSERVED,B_RECOVERED,0.3,0.0,0.0,0.0,16651.09090909091,16864.421846908044,1.2811829506057244,
D12_I405_N,L405N-095,MD,5,0.2392,72,0,23,71.58136363636363,50.61566763385287,50.10695454545454,7257.152727272727,1451.4305454545454,profile,7257.152727272727,7838.040000000001,10000.0,,,,,,none,,,,,0.0,0.0,32780.209090909084,41975.49501077915,0.0,A_OBSERVED,B_RECOVERED,0.3,0.0,0.0,0.0,32780.209090909084,41975.49501077915,28.051333944725176,
D12_I405_N,L405N-095,PM,5,0.2392,48,36,23,71.58136363636363,50.61566763385287,50.10695454545454,7257.152727272727,1451.4305454545454,profile,7257.152727272727,7838.040000000001,10000.0,16:00,17:45,19:05,3.083333333333333,normal,own_episode,36.081818181818186,0.28714131673952525,6361.090909090909,0.8765270827477042,18822.09090909091,21047.322232757408,25983.818181818184,28252.711611630606,2.593591676575387,A_OBSERVED,B_RECOVERED,0.3,2.593591676575387,18822.09090909091,21047.322232757408,25983.818181818184,28252.711611630606,8.731947760472126,11.8224448835901
D12_I405_N,L405N-095,NT,5,0.2392,132,1,23,71.58136363636363,50.61566763385287,50.10695454545454,7257.152727272727,1451.4305454545454,profile,7257.152727272727,7838.040000000001,10000.0,,,,,,spillover_from_PM,,,,,526.2727272727273,604.0830895247124,24724.272727272724,43302.687987591526,0.07251779686197993,A_OBSERVED,B_RECOVERED,0.3,0.07251779686197993,526.2727272727273,604.0830895247124,24724.272727272724,43302.687987591526,75.14241355146281,14.785178524301887
D12_I405_N,L405N-100,AM,6,0.2206,36,0,23,70.92021739130435,50.14816664061543,49.64415217391304,7998.774782608696,1333.1291304347826,profile,7998.774782608696,8388.0,12000.0,,,,,,none,,,,,0.0,0.0,17925.608695652176,18818.556229548296,0.0,A_OBSERVED,B_RECOVERED,0.3,0.0,0.0,0.0,17925.608695652176,18818.556229548296,4.981407042053211,
D12_I405_N,L405N-100,MD,6,0.2206,72,0,23,70.92021739130435,50.14816664061543,49.64415217391304,7998.774782608696,1333.1291304347826,profile,7998.774782608696,8388.0,12000.0,,,,,,none,,,,,0.0,0.0,40926.00395256917,44969.73341064331,0.0,A_OBSERVED,B_RECOVERED,0.3,0.0,0.0,0.0,40926.00395256917,44969.73341064331,9.880587077987355,
D12_I405_N,L405N-100,PM,6,0.2206,48,44,23,70.92021739130435,50.14816664061543,49.64415217391304,7998.774782608696,1333.1291304347826,profile,7998.774782608696,8388.0,12000.0,15:05,17:45,18:45,3.6666666666666665,normal,own_episode,44.69130434782609,0.10881479141392536,6606.782608695652,0.8259743258505569,25025.695652173912,29248.798634082916,27332.60869565217,31914.770286707557,3.128691122368632,A_OBSERVED,B_RECOVERED,0.3,3.128691122368632,25025.695652173912,29248.798634082916,27332.60869565217,31914.770286707557,16.764450265533117,16.87506729325286
D12_I405_N,L405N-100,NT,6,0.2206,132,0,23,70.92021739130435,50.14816664061543,49.64415217391304,7998.774782608696,1333.1291304347826,profile,7998.774782608696,8388.0,12000.0,,,,,,none,,,,,0.0,0.0,27176.260869565216,45505.1092097371,0.0,A_OBSERVED,B_RECOVERED,0.3,0.0,0.0,0.0,27176.260869565216,45505.1092097371,67.44433470131435,
D12_I405_N,L405N-110,AM,2,4.8287,36,0,23,71.00999999999999,50.21165253205674,49.706999999999994,8924.154782608695,4462.077391304348,profile,8924.154782608695,9540.0,4000.0,,,,,,none,,,,,0.0,0.0,24239.782608695652,24357.19252870842,0.0,A_OBSERVED,B_RECOVERED,0.3,0.0,0.0,0.0,24239.782608695652,24357.19252870842,0.48436870044638325,
D12_I405_N,L405N-110,MD,2,4.8287,72,7,23,71.00999999999999,50.21165253205674,49.706999999999994,8924.154782608695,4462.077391304348,profile,8924.154782608695,9540.0,4000.0,,,,,,spillover_from_PM,,,,,5056.913043478261,4912.8563732107405,48077.01185770752,51541.86303720657,0.5666545646802454,A_OBSERVED,B_RECOVERED,0.3,0.5666545646802454,5056.913043478261,4912.8563732107405,48077.01185770752,51541.86303720657,7.2068771448481295,-2.848707680534586
D12_I405_N,L405N-110,PM,2,4.8287,48,48,23,71.00999999999999,50.21165253205674,49.706999999999994,8924.154782608695,4462.077391304348,profile,8924.154782608695,9540.0,4000.0,14:25,16:15,19:35,5.166666666666666,normal,own_episode,14.65217391304348,0.7081917607931931,8006.869565217392,0.8972132106920758,32548.782608695652,27498.847526563142,32548.782608695652,27498.847526563142,3.647267825534178,A_OBSERVED,B_RECOVERED,0.3,3.647267825534178,32548.782608695652,27498.847526563142,32548.782608695652,27498.847526563142,-15.514973763668143,-15.514973763668143
D12_I405_N,L405N-110,NT,2,4.8287,132,7,23,71.00999999999999,50.21165253205674,49.706999999999994,8924.154782608695,4462.077391304348,profile,8924.154782608695,9540.0,4000.0,,,,,,spillover_from_PM,,,,,4278.739130434782,5122.726417425846,36509.78260869565,61000.670161084985,0.47945595237468835,A_OBSERVED,B_RECOVERED,0.3,0.47945595237468835,4278.739130434782,5122.726417425846,36509.78260869565,61000.670161084985,67.080343410635,19.72514007661184
D12_I405_N,L405N-116,AM,2,0.0826,36,0,23,69.59152173913044,49.20863693483018,48.71406521739131,9207.13304347826,4603.56652173913,profile,9207.13304347826,9972.0,4000.0,,,,,,none,,,,,0.0,0.0,19233.652173913044,18711.57176144482,0.0,A_OBSERVED,B_RECOVERED,0.3,0.0,0.0,0.0,19233.652173913044,18711.57176144482,-2.714411219187652,
D12_I405_N,L405N-116,MD,2,0.0826,72,5,23,69.59152173913044,49.20863693483018,48.71406521739131,9207.13304347826,4603.56652173913,profile,9207.13304347826,9972.0,4000.0,,,,,,spillover_from_PM,,,,,3719.043478260869,3811.836597380209,46523.754940711464,50499.91866343213,0.40393067643300756,A_OBSERVED,B_RECOVERED,0.3,0.40393067643300756,3719.043478260869,3811.836597380209,46523.754940711464,50499.91866343213,8.546523658263988,2.495080244738963
D12_I405_N,L405N-116,PM,2,0.0826,48,48,23,69.59152173913044,49.20863693483018,48.71406521739131,9207.13304347826,4603.56652173913,profile,9207.13304347826,9972.0,4000.0,14:35,17:35,19:20,4.75,normal,own_episode,23.3304347826087,0.5258874003458675,7922.608695652174,0.8604859578155049,31587.521739130432,32361.080685685843,31587.521739130432,32361.080685685843,3.43076629717054,A_OBSERVED,B_RECOVERED,0.3,3.43076629717054,31587.521739130432,32361.080685685843,31587.521739130432,32361.080685685843,2.4489383907479234,2.4489383907479234
D12_I405_N,L405N-116,NT,2,0.0826,132,4,23,69.59152173913044,49.20863693483018,48.71406521739131,9207.13304347826,4603.56652173913,profile,9207.13304347826,9972.0,4000.0,,,,,,spillover_from_PM,,,,,2747.0,3058.3571157770275,32348.999999999993,60079.28734569551,0.2983556322069005,A_OBSERVED,B_RECOVERED,0.3,0.2983556322069005,2747.0,3058.3571157770275,32348.999999999993,60079.28734569551,85.72223977772273,11.334441782927831
D12_I405_N,L405N-126,AM,1,0.7053,36,0,23,69.34478260869565,49.03416602251566,48.541347826086955,6919.891304347826,6919.891304347826,profile,6919.891304347826,7294.620000000003,2000.0,,,,,,none,,,,,0.0,0.0,16592.695652173912,18568.26206608685,0.0,A_OBSERVED,B_RECOVERED,0.3,0.0,0.0,0.0,16592.695652173912,18568.26206608685,11.906241489182653,
D12_I405_N,L405N-126,MD,1,0.7053,72,0,23,69.34478260869565,49.03416602251566,48.541347826086955,6919.891304347826,6919.891304347826,profile,6919.891304347826,7294.620000000003,2000.0,,,,,,none,,,,,0.0,0.0,33267.17391304347,37669.065595756576,0.0,A_OBSERVED,B_RECOVERED,0.3,0.0,0.0,0.0,33267.17391304347,37669.065595756576,13.231937567703037,
D12_I405_N,L405N-126,PM,1,0.7053,48,9,23,69.34478260869565,49.03416602251566,48.541347826086955,6919.891304347826,6919.891304347826,profile,6919.891304347826,7294.620000000003,2000.0,17:15,17:35,18:00,0.75,normal,own_episode,43.15652173913043,0.11986834405802504,5909.217391304348,0.8539465623674662,4597.086956521739,5153.277706972247,25468.60869565217,27468.51068233941,0.6643293592824717,A_OBSERVED,B_RECOVERED,0.3,0.6643293592824717,4597.086956521739,5153.277706972247,25468.60869565217,27468.51068233941,7.8524194650202865,12.098765059500519
D12_I405_N,L405N-126,NT,1,0.7053,132,0,23,69.34478260869565,49.03416602251566,48.541347826086955,6919.891304347826,6919.891304347826,profile,6919.891304347826,7294.620000000003,2000.0,,,,,,none,,,,,0.0,0.0,20887.913043478264,42914.53167187556,0.0,A_OBSERVED,B_RECOVERED,0.3,0.0,0.0,0.0,20887.913043478264,42914.53167187556,105.45150481308885,
D12_I405_N,L405N-134,AM,2,1.7324,36,0,23,68.10000000000001,48.153971798803894,47.67,8407.532727272728,4203.766363636364,profile,8407.532727272728,8724.0,4000.0,,,,,,none,,,,,0.0,0.0,16651.545454545456,19082.381579034125,0.0,A_OBSERVED,B_RECOVERED,0.3,0.0,0.0,0.0,16651.545454545456,19082.381579034125,14.598261351321668,
D12_I405_N,L405N-134,MD,2,1.7324,72,0,23,68.10000000000001,48.153971798803894,47.67,8407.532727272728,4203.766363636364,profile,8407.532727272728,8724.0,4000.0,,,,,,none,,,,,0.0,0.0,37703.972727272725,46479.07005453724,0.0,A_OBSERVED,B_RECOVERED,0.3,0.0,0.0,0.0,37703.972727272725,46479.07005453724,23.273667713315394,
D12_I405_N,L405N-134,PM,2,1.7324,48,12,23,68.10000000000001,48.153971798803894,47.67,8407.532727272728,4203.766363636364,profile,8407.532727272728,8724.0,4000.0,17:20,17:55,18:20,1.0,normal,own_episode,43.79090909090909,0.09060649713640401,7639.636363636364,0.9086656705902044,7917.454545454545,8382.225227158984,31717.818181818177,33458.641368180455,0.9417096313846695,A_OBSERVED,B_RECOVERED,0.3,0.9417096313846695,7917.454545454545,8382.225227158984,31717.818181818177,33458.641368180455,5.4884707907184564,5.870203346746923
D12_I405_N,L405N-134,NT,2,1.7324,132,0,23,68.10000000000001,48.153971798803894,47.67,8407.532727272728,4203.766363636364,profile,8407.532727272728,8724.0,4000.0,,,,,,none,,,,,0.0,0.0,27146.545454545456,44543.67194789219,0.0,A_OBSERVED,B_RECOVERED,0.3,0.0,0.0,0.0,27146.545454545456,44543.67194789219,64.0859682219114,
D12_I405_S,L405S-001,AM,5,0.6052,36,0,23,70.53304347826088,49.87439334120386,49.37313043478261,7532.9582608695655,1506.5916521739132,profile,7532.9582608695655,8016.0,10000.0,,,,,,none,,,,,0.0,0.0,19675.347826086952,19851.932575240735,0.0,A_OBSERVED,B_RECOVERED,0.3,0.0,0.0,0.0,19675.347826086952,19851.932575240735,0.8974923885190688,
D12_I405_S,L405S-001,MD,5,0.6052,72,0,23,70.53304347826088,49.87439334120386,49.37313043478261,7532.9582608695655,1506.5916521739132,profile,7532.9582608695655,8016.0,10000.0,,,,,,none,,,,,0.0,0.0,38475.77865612648,42704.07404693297,0.0,A_OBSERVED,B_RECOVERED,0.3,0.0,0.0,0.0,38475.77865612648,42704.07404693297,10.989499208310939,
D12_I405_S,L405S-001,PM,5,0.6052,48,0,23,70.53304347826088,49.87439334120386,49.37313043478261,7532.9582608695655,1506.5916521739132,profile,7532.9582608695655,8016.0,10000.0,,,,,,none,,,,,0.0,0.0,29183.086956521736,28013.679969868674,0.0,A_OBSERVED,B_RECOVERED,0.3,0.0,0.0,0.0,29183.086956521736,28013.679969868674,-4.007139437974116,
D12_I405_S,L405S-001,NT,5,0.6052,132,0,23,70.53304347826088,49.87439334120386,49.37313043478261,7532.9582608695655,1506.5916521739132,profile,7532.9582608695655,8016.0,10000.0,,,,,,none,,,,,0.0,0.0,28531.478260869568,47603.352427600475,0.0,A_OBSERVED,B_RECOVERED,0.3,0.0,0.0,0.0,28531.478260869568,47603.352427600475,66.84502636825395,
D12_I405_S,L405S-004,AM,8,0.1317,36,22,23,70.06630434782609,49.54435893702831,49.04641304347826,10431.92608695652,1303.990760869565,profile,10431.92608695652,10798.680000000004,16000.0,07:10,07:50,09:45,2.583333333333333,normal,own_episode,25.98695652173913,0.4754810218703409,8740.173913043478,0.8378293557861465,16534.478260869568,17371.9323820289,27077.130434782608,28193.82103268015,1.5849880571473112,A_OBSERVED,B_RECOVERED,0.3,1.5849880571473112,16534.478260869568,17371.9323820289,27077.130434782608,28193.82103268015,4.124109829832884,5.064895958291269
D12_I405_S,L405S-004,MD,8,0.1317,72,9,23,70.06630434782609,49.54435893702831,49.04641304347826,10431.92608695652,1303.990760869565,profile,10431.92608695652,10798.680000000004,16000.0,,,,,,spillover_from_AM,,,,,6710.415019762845,7581.110192540423,49989.80632411067,56678.71769620816,0.6432575311430898,A_OBSERVED,B_RECOVERED,0.3,0.6432575311430898,6710.415019762845,7581.110192540423,49989.80632411067,56678.71769620816,13.380550684132867,12.975280518616108
D12_I405_S,L405S-004,PM,8,0.1317,48,0,23,70.06630434782609,49.54435893702831,49.04641304347826,10431.92608695652,1303.990760869565,profile,10431.92608695652,10798.680000000004,16000.0,,,,,,none,,,,,0.0,0.0,32519.217391304344,34712.63002481207,0.0,A_OBSERVED,B_RECOVERED,0.3,0.0,0.0,0.0,32519.217391304344,34712.63002481207,6.744973617028813,
D12_I405_S,L405S-004,NT,8,0.1317,132,0,23,70.06630434782609,49.54435893702831,49.04641304347826,10431.92608695652,1303.990760869565,profile,10431.92608695652,10798.680000000004,16000.0,,,,,,none,,,,,0.0,0.0,30635.043478260865,56572.58231427611,0.0,A_OBSERVED,B_RECOVERED,0.3,0.0,0.0,0.0,30635.043478260865,56572.58231427611,84.66623804343855,
D12_I405_S,L405S-005,AM,7,0.0789,36,21,23,70.54434782608696,49.88238672220858,49.38104347826087,9890.107826086956,1412.8725465838509,profile,9890.107826086956,10198.680000000004,14000.0,07:15,08:40,09:35,2.333333333333333,normal,own_episode,22.10434782608696,0.55687068565535,8079.652173913043,0.8169427791880582,13966.391304347828,14622.34437960238,24983.478260869568,25663.98067035628,1.4121576377063285,A_OBSERVED,B_RECOVERED,0.3,1.4121576377063285,13966.391304347828,14622.34437960238,24983.478260869568,25663.98067035628,2.723809720892826,4.696653995727228
D12_I405_S,L405S-005,MD,7,0.0789,72,7,23,70.54434782608696,49.88238672220858,49.38104347826087,9890.107826086956,1412.8725465838509,profile,9890.107826086956,10198.680000000004,14000.0,,,,,,spillover_from_AM,,,,,4868.260869565217,5537.2904388237275,47498.47826086955,52296.49179431466,0.4922353684278643,A_OBSERVED,B_RECOVERED,0.3,0.4922353684278643,4868.260869565217,5537.2904388237275,47498.47826086955,52296.49179431466,10.10140473783942,13.742681158297529
D12_I405_S,L405S-005,PM,7,0.0789,48,0,23,70.54434782608696,49.88238672220858,49.38104347826087,9890.107826086956,1412.8725465838509,profile,9890.107826086956,10198.680000000004,14000.0,,,,,,none,,,,,0.0,0.0,30360.695652173912,29979.367051827263,0.0,A_OBSERVED,B_RECOVERED,0.3,0.0,0.0,0.0,30360.695652173912,29979.367051827263,-1.255994278640137,
D12_I405_S,L405S-005,NT,7,0.0789,132,0,23,70.54434782608696,49.88238672220858,49.38104347826087,9890.107826086956,1412.8725465838509,profile,9890.107826086956,10198.680000000004,14000.0,,,,,,none,,,,,0.0,0.0,30119.69565217392,49379.68551595963,0.0,A_OBSERVED,B_RECOVERED,0.3,0.0,0.0,0.0,30119.69565217392,49379.68551595963,63.94483558599837,
D12_I405_S,L405S-020,AM,6,0.1603,36,20,23,71.20727272727272,50.35114541525445,49.84509090909091,8442.084545454545,1407.0140909090908,profile,8442.084545454545,9247.799999999996,12000.0,07:20,08:50,09:20,2.0,normal,own_episode,43.21363636363637,0.1417546511157558,7693.090909090909,0.9112785909296638,13519.5,13888.87212150234,23328.272727272728,23851.90673947688,1.6014409625024755,A_OBSERVED,B_RECOVERED,0.3,1.6014409625024755,13519.5,13888.87212150234,23328.272727272728,23851.90673947688,2.2446325895014874,2.7321433596090072
D12_I405_S,L405S-020,MD,6,0.1603,72,4,23,71.20727272727272,50.35114541525445,49.84509090909091,8442.084545454545,1407.0140909090908,profile,8442.084545454545,9247.799999999996,12000.0,,,,,,spillover_from_AM,,,,,2537.181818181818,2799.4464319798503,41854.59090909091,45895.50957340151,0.3005397309776894,A_OBSERVED,B_RECOVERED,0.3,0.3005397309776894,2537.181818181818,2799.4464319798503,41854.59090909091,45895.50957340151,9.654660520007386,10.336847439099774
D12_I405_S,L405S-020,PM,6,0.1603,48,0,23,71.20727272727272,50.35114541525445,49.84509090909091,8442.084545454545,1407.0140909090908,profile,8442.084545454545,9247.799999999996,12000.0,,,,,,none,,,,,0.0,0.0,29052.954545454544,32141.66707248612,0.0,A_OBSERVED,B_RECOVERED,0.3,0.0,0.0,0.0,29052.954545454544,32141.66707248612,10.631319861803243,
D12_I405_S,L405S-020,NT,6,0.1603,132,0,23,71.20727272727272,50.35114541525445,49.84509090909091,8442.084545454545,1407.0140909090908,profile,8442.084545454545,9247.799999999996,12000.0,,,,,,none,,,,,0.0,0.0,29126.181818181813,50759.92226050803,0.0,A_OBSERVED,B_RECOVERED,0.3,0.0,0.0,0.0,29126.181818181813,50759.92226050803,74.2759232135999,
D12_I405_S,L405S-024,AM,5,0.9227,36,9,23,70.74145833333334,50.02176489852561,49.519020833333336,8475.955,1695.191,profile,8475.955,8789.399999999998,10000.0,06:45,07:00,07:30,0.75,normal,own_episode,46.15000000000001,0.0774016052088502,7310.5,0.8624986800897362,5685.875,6338.221404894325,21670.375,23955.5552506186,0.6708241136249543,A_OBSERVED,B_RECOVERED,0.3,0.6708241136249543,5685.875,6338.221404894325,21670.375,23955.5552506186,10.545180923812346,11.473104929220659
D12_I405_S,L405S-024,MD,5,0.9227,72,0,23,70.74145833333334,50.02176489852561,49.519020833333336,8475.955,1695.191,profile,8475.955,8789.399999999998,10000.0,,,,,,none,,,,,0.0,0.0,39862.55978260869,45013.49002566621,0.0,A_OBSERVED,B_RECOVERED,0.3,0.0,0.0,0.0,39862.55978260869,45013.49002566621,12.921724724022305,
D12_I405_S,L405S-024,PM,5,0.9227,48,0,23,70.74145833333334,50.02176489852561,49.519020833333336,8475.955,1695.191,profile,8475.955,8789.399999999998,10000.0,,,,,,none,,,,,0.0,0.0,28668.333333333332,28406.05726126257,0.0,A_OBSERVED,B_RECOVERED,0.3,0.0,0.0,0.0,28668.333333333332,28406.05726126257,-0.914863340750292,
D12_I405_S,L405S-024,NT,5,0.9227,132,0,23,70.74145833333334,50.02176489852561,49.519020833333336,8475.955,1695.191,profile,8475.955,8789.399999999998,10000.0,,,,,,none,,,,,0.0,0.0,28126.208333333332,62403.24347738058,0.0,A_OBSERVED,B_RECOVERED,0.3,0.0,0.0,0.0,28126.208333333332,62403.24347738058,121.86866689536804,
D12_I405_S,L405S-041,AM,6,0.1255,36,0,23,70.39521739130436,49.7769355804925,49.27665217391305,7161.963913043478,1193.660652173913,profile,7161.963913043478,9393.299999999996,12000.0,,,,,,none,,,,,0.0,0.0,19238.282608695652,13545.961651492808,0.0,A_OBSERVED,B_RECOVERED,0.3,0.0,0.0,0.0,19238.282608695652,13545.961651492808,-29.588508875682752,
D12_I405_S,L405S-041,MD,6,0.1255,72,0,23,70.39521739130436,49.7769355804925,49.27665217391305,7161.963913043478,1193.660652173913,profile,7161.963913043478,9393.299999999996,12000.0,,,,,,none,,,,,0.0,0.0,38124.41205533597,26713.282176689274,0.0,A_OBSERVED,B_RECOVERED,0.3,0.0,0.0,0.0,38124.41205533597,26713.282176689274,-29.931294054014323,
D12_I405_S,L405S-041,PM,6,0.1255,48,0,23,70.39521739130436,49.7769355804925,49.27665217391305,7161.963913043478,1193.660652173913,profile,7161.963913043478,9393.299999999996,12000.0,,,,,,none,,,,,0.0,0.0,25731.10869565217,8520.813425476652,0.0,A_OBSERVED,B_RECOVERED,0.3,0.0,0.0,0.0,25731.10869565217,8520.813425476652,-66.88516796434648,
D12_I405_S,L405S-041,NT,6,0.1255,132,0,23,70.39521739130436,49.7769355804925,49.27665217391305,7161.963913043478,1193.660652173913,profile,7161.963913043478,9393.299999999996,12000.0,,,,,,none,,,,,0.0,0.0,28538.32608695652,54644.12998768386,0.0,A_OBSERVED,B_RECOVERED,0.3,0.0,0.0,0.0,28538.32608695652,54644.12998768386,91.47629689696143,
D12_I405_S,L405S-108,AM,2,2.6905,36,18,23,69.1724213836478,48.91228823147071,48.420694968553455,7789.339622641509,3894.6698113207544,profile,7789.339622641509,9960.0,4000.0,07:30,08:10,09:05,1.5833333333333333,normal,own_episode,44.82075471698114,0.08365042124234601,6284.452830188679,0.8068017488827256,9573.257861635218,11633.968231014378,20232.226415094337,21949.709552281758,1.2290204722629299,A_OBSERVED,B_RECOVERED,0.3,1.2290204722629299,9573.257861635218,11633.968231014378,20232.226415094337,21949.709552281758,8.488848938078734,21.525695841093402
D12_I405_S,L405S-108,MD,2,2.6905,72,1,23,69.1724213836478,48.91228823147071,48.420694968553455,7789.339622641509,3894.6698113207544,profile,7789.339622641509,9960.0,4000.0,,,,,,spillover_from_AM,,,,,517.5911949685534,648.6217045400144,41409.81570587586,42178.89032483433,0.06644866189478443,A_OBSERVED,B_RECOVERED,0.3,0.06644866189478443,517.5911949685534,648.6217045400144,41409.81570587586,42178.89032483433,1.8572278235214166,25.31544408892464
D12_I405_S,L405S-108,PM,2,2.6905,48,0,23,69.1724213836478,48.91228823147071,48.420694968553455,7789.339622641509,3894.6698113207544,profile,7789.339622641509,9960.0,4000.0,,,,,,none,,,,,0.0,0.0,28321.94583151338,29929.235828538825,0.0,A_OBSERVED,B_RECOVERED,0.3,0.0,0.0,0.0,28321.94583151338,29929.235828538825,5.675069102197907,
D12_I405_S,L405S-108,NT,2,2.6905,132,0,23,69.1724213836478,48.91228823147071,48.420694968553455,7789.339622641509,3894.6698113207544,profile,7789.339622641509,9960.0,4000.0,,,,,,none,,,,,0.0,0.0,27968.700213349763,44070.9568698456,0.0,A_OBSERVED,B_RECOVERED,0.3,0.0,0.0,0.0,27968.700213349763,44070.9568698456,57.5724167861403,
D12_I405_S,L405S-110,AM,2,4.7156,36,0,23,68.92385869565217,48.73652786923905,48.24670108695652,10539.472173913044,5269.736086956522,profile,10539.472173913044,13056.0,4000.0,,,,,,none,,,,,0.0,0.0,28413.315217391304,28580.512500835237,0.0,A_OBSERVED,B_RECOVERED,0.3,0.0,0.0,0.0,28413.315217391304,28580.512500835237,0.5884469382213955,
D12_I405_S,L405S-110,MD,2,4.7156,72,0,23,68.92385869565217,48.73652786923905,48.24670108695652,10539.472173913044,5269.736086956522,profile,10539.472173913044,13056.0,4000.0,,,,,,none,,,,,0.0,0.0,52540.84288537549,56945.81067425922,0.0,A_OBSERVED,B_RECOVERED,0.3,0.0,0.0,0.0,52540.84288537549,56945.81067425922,8.383892505291032,
D12_I405_S,L405S-110,PM,2,4.7156,48,0,23,68.92385869565217,48.73652786923905,48.24670108695652,10539.472173913044,5269.736086956522,profile,10539.472173913044,13056.0,4000.0,,,,,,none,,,,,0.0,0.0,39333.82608695652,38698.16788677423,0.0,A_OBSERVED,B_RECOVERED,0.3,0.0,0.0,0.0,39333.82608695652,38698.16788677423,-1.6160599245469291,
D12_I405_S,L405S-110,NT,2,4.7156,132,0,23,68.92385869565217,48.73652786923905,48.24670108695652,10539.472173913044,5269.736086956522,profile,10539.472173913044,13056.0,4000.0,,,,,,none,,,,,0.0,0.0,40211.88768912247,66754.11929334293,0.0,A_OBSERVED,B_RECOVERED,0.3,0.0,0.0,0.0,40211.88768912247,66754.11929334293,66.00593289580948,
D12_I405_S,L405S-112,AM,2,1.0756,36,12,23,70.95,50.16922612518555,49.665,7317.665454545454,3658.832727272727,profile,7317.665454545454,7908.0,4000.0,07:00,07:35,08:00,1.0,normal,own_episode,38.78181818181818,0.22697994015201195,5129.454545454545,0.7009687143142522,5526.909090909092,7150.6405814947,17435.545454545452,20871.895469007453,0.7552831056899421,A_OBSERVED,B_RECOVERED,0.3,0.7552831056899421,5526.909090909092,7150.6405814947,17435.545454545452,20871.895469007453,19.70887589046515,29.37865385295363
D12_I405_S,L405S-112,MD,2,1.0756,72,0,23,70.95,50.16922612518555,49.665,7317.665454545454,3658.832727272727,profile,7317.665454545454,7908.0,4000.0,,,,,,none,,,,,0.0,0.0,35839.63636363636,39589.453357898135,0.0,A_OBSERVED,B_RECOVERED,0.3,0.0,0.0,0.0,35839.63636363636,39589.453357898135,10.462765180470463,
D12_I405_S,L405S-112,PM,2,1.0756,48,0,23,70.95,50.16922612518555,49.665,7317.665454545454,3658.832727272727,profile,7317.665454545454,7908.0,4000.0,,,,,,none,,,,,0.0,0.0,24787.0,28433.24209566483,0.0,A_OBSERVED,B_RECOVERED,0.3,0.0,0.0,0.0,24787.0,28433.24209566483,14.710300139850855,
D12_I405_S,L405S-112,NT,2,1.0756,132,0,23,70.95,50.16922612518555,49.665,7317.665454545454,3658.832727272727,profile,7317.665454545454,7908.0,4000.0,,,,,,none,,,,,0.0,0.0,24811.272727272724,46879.56256770393,0.0,A_OBSERVED,B_RECOVERED,0.3,0.0,0.0,0.0,24811.272727272724,46879.56256770393,88.94461031083497,
D12_I405_S,L405S-114,AM,2,0.6413,36,27,23,67.95913043478261,48.05436197397587,47.57139130434782,6651.122608695652,3325.561304347826,profile,6651.122608695652,7113.360000000008,4000.0,06:45,07:40,09:55,3.1666666666666665,normal,own_episode,27.95652173913044,0.4182313406997171,4039.8260869565215,0.6073901091035171,9687.521739130434,13577.43789142329,14098.304347826088,17851.885771369605,1.4565243056059447,A_OBSERVED,B_RECOVERED,0.3,1.4565243056059447,9687.521739130434,13577.43789142329,14098.304347826088,17851.885771369605,26.624346665649245,40.153883078068006
D12_I405_S,L405S-114,MD,2,0.6413,72,11,23,67.95913043478261,48.05436197397587,47.57139130434782,6651.122608695652,3325.561304347826,profile,6651.122608695652,7113.360000000008,4000.0,,,,,,spillover_from_AM,,,,,4398.901185770751,5984.328488458171,30754.770750988144,35066.035273892354,0.6613772508147188,A_OBSERVED,B_RECOVERED,0.3,0.6613772508147188,4398.901185770751,5984.328488458171,30754.770750988144,35066.035273892354,14.018197559693043,36.04143934434913
D12_I405_S,L405S-114,PM,2,0.6413,48,0,23,67.95913043478261,48.05436197397587,47.57139130434782,6651.122608695652,3325.561304347826,profile,6651.122608695652,7113.360000000008,4000.0,,,,,,none,,,,,0.0,0.0,22162.347826086952,23995.513321617073,0.0,A_OBSERVED,B_RECOVERED,0.3,0.0,0.0,0.0,22162.347826086952,23995.513321617073,8.271531111754909,
D12_I405_S,L405S-114,NT,2,0.6413,132,0,23,67.95913043478261,48.05436197397587,47.57139130434782,6651.122608695652,3325.561304347826,profile,6651.122608695652,7113.360000000008,4000.0,,,,,,none,,,,,0.0,0.0,22560.60869565218,40302.78036751497,0.0,A_OBSERVED,B_RECOVERED,0.3,0.0,0.0,0.0,22560.60869565218,40302.78036751497,78.64225611644076,
D12_I405_S,L405S-115,AM,2,0.0503,36,28,23,69.73531249999999,49.31031235691301,48.81471874999999,7921.7325,3960.86625,profile,7921.7325,8172.0,4000.0,06:40,07:50,10:00,3.333333333333333,normal,own_episode,14.587500000000002,0.7041693856162539,4710.375,0.5946142463154367,11827.375,14013.109728364894,16462.75,18365.92178921675,1.4930288292365337,A_OBSERVED,B_RECOVERED,0.3,1.4930288292365337,11827.375,14013.109728364894,16462.75,18365.92178921675,11.560473123972306,18.480302927444967
D12_I405_S,L405S-115,MD,2,0.0503,72,12,23,69.73531249999999,49.31031235691301,48.81471874999999,7921.7325,3960.86625,profile,7921.7325,8172.0,4000.0,,,,,,spillover_from_AM,,,,,5657.0583333333325,7405.156988797433,35770.620833333334,45203.68699912975,0.7141188285937871,A_OBSERVED,B_RECOVERED,0.3,0.7141188285937871,5657.0583333333325,7405.156988797433,35770.620833333334,45203.68699912975,26.37098810710628,30.901195505863928
D12_I405_S,L405S-115,PM,2,0.0503,48,0,23,69.73531249999999,49.31031235691301,48.81471874999999,7921.7325,3960.86625,profile,7921.7325,8172.0,4000.0,,,,,,none,,,,,0.0,0.0,26496.1875,27309.21649085246,0.0,A_OBSERVED,B_RECOVERED,0.3,0.0,0.0,0.0,26496.1875,27309.21649085246,3.068475382929944,
D12_I405_S,L405S-115,NT,2,0.0503,132,0,23,69.73531249999999,49.31031235691301,48.81471874999999,7921.7325,3960.86625,profile,7921.7325,8172.0,4000.0,,,,,,none,,,,,0.0,0.0,26554.625,49537.50311769103,0.0,A_OBSERVED,B_RECOVERED,0.3,0.0,0.0,0.0,26554.625,49537.50311769103,86.54943580521672,
D12_I405_S,L405S-117,AM,2,0.9296,36,22,23,70.72152173913044,50.00766759757097,49.505065217391305,8886.146086956522,4443.073043478261,profile,8886.146086956522,9120.0,4000.0,07:10,07:50,09:45,2.583333333333333,normal,own_episode,25.482608695652175,0.49042597025880996,7165.04347826087,0.8063161924355529,13621.695652173912,14681.557212145584,22643.521739130436,23795.93281133721,1.5329137647386237,A_OBSERVED,B_RECOVERED,0.3,1.5329137647386237,13621.695652173912,14681.557212145584,22643.521739130436,23795.93281133721,5.089363242535212,7.780687419796573
D12_I405_S,L405S-117,MD,2,0.9296,72,9,23,70.72152173913044,50.00766759757097,49.505065217391305,8886.146086956522,4443.073043478261,profile,8886.146086956522,9120.0,4000.0,,,,,,spillover_from_AM,,,,,5567.812252964426,6443.132817798889,42565.11660079051,48042.2673533527,0.6265722168508019,A_OBSERVED,B_RECOVERED,0.3,0.6265722168508019,5567.812252964426,6443.132817798889,42565.11660079051,48042.2673533527,12.867698223245242,15.721086219608479
D12_I405_S,L405S-117,PM,2,0.9296,48,0,23,70.72152173913044,50.00766759757097,49.505065217391305,8886.146086956522,4443.073043478261,profile,8886.146086956522,9120.0,4000.0,,,,,,none,,,,,0.0,0.0,27664.478260869568,28646.855195315136,0.0,A_OBSERVED,B_RECOVERED,0.3,0.0,0.0,0.0,27664.478260869568,28646.855195315136,3.551040887820054,
D12_I405_S,L405S-117,NT,2,0.9296,132,0,23,70.72152173913044,50.00766759757097,49.505065217391305,8886.146086956522,4443.073043478261,profile,8886.146086956522,9120.0,4000.0,,,,,,none,,,,,0.0,0.0,26950.391304347828,47383.07210395837,0.0,A_OBSERVED,B_RECOVERED,0.3,0.0,0.0,0.0,26950.391304347828,47383.07210395837,75.81589658148748,
D12_I405_S,L405S-132,AM,2,1.2794,36,28,23,70.91869565217392,50.14709060855711,49.64308695652174,8855.68956521739,4427.844782608695,profile,8855.68956521739,9226.680000000004,4000.0,06:40,07:55,09:50,3.1666666666666665,normal,own_episode,18.813043478260877,0.6248427725326379,5949.391304347826,0.6718157022706994,14946.39130434782,16839.447235570668,20074.69565217391,21722.041960767343,1.6877727244474514,A_OBSERVED,B_RECOVERED,0.3,1.6877727244474514,14946.39130434782,16839.447235570668,20074.69565217391,21722.041960767343,8.206083604635081,12.665638766410241
D12_I405_S,L405S-132,MD,2,1.2794,72,10,23,70.91869565217392,50.14709060855711,49.64308695652174,8855.68956521739,4427.844782608695,profile,8855.68956521739,9226.680000000004,4000.0,,,,,,spillover_from_AM,,,,,5658.098814229249,6992.251104728248,43219.403162055336,48794.935842813706,0.6389224433129002,A_OBSERVED,B_RECOVERED,0.3,0.6389224433129002,5658.098814229249,6992.251104728248,43219.403162055336,48794.935842813706,12.900531411441223,23.579515563493004
D12_I405_S,L405S-132,PM,2,1.2794,48,0,23,70.91869565217392,50.14709060855711,49.64308695652174,8855.68956521739,4427.844782608695,profile,8855.68956521739,9226.680000000004,4000.0,,,,,,none,,,,,0.0,0.0,31098.69565217391,31217.267113925147,0.0,A_OBSERVED,B_RECOVERED,0.3,0.0,0.0,0.0,31098.69565217391,31217.267113925147,0.38127471028821097,
D12_I405_S,L405S-132,NT,2,1.2794,132,0,23,70.91869565217392,50.14709060855711,49.64308695652174,8855.68956521739,4427.844782608695,profile,8855.68956521739,9226.680000000004,4000.0,,,,,,none,,,,,0.0,0.0,29018.043478260868,50655.42129790578,0.0,A_OBSERVED,B_RECOVERED,0.3,0.0,0.0,0.0,29018.043478260868,50655.42129790578,74.56525398018219,
D12_I5_N,L5N-006,AM,5,0.1087,36,0,23,68.0054347826087,48.08710409232212,47.60380434782609,6443.822608695652,1288.7645217391305,profile,6443.822608695652,6708.0,10000.0,,,,,,none,,,,,0.0,0.0,15934.478260869568,15588.951789433282,0.0,A_OBSERVED,B_RECOVERED,0.3,0.0,0.0,0.0,15934.478260869568,15588.951789433282,-2.168420363563443,
D12_I5_N,L5N-006,MD,5,0.1087,72,0,23,68.0054347826087,48.08710409232212,47.60380434782609,6443.822608695652,1288.7645217391305,profile,6443.822608695652,6708.0,10000.0,,,,,,none,,,,,0.0,0.0,31086.974308300392,34801.41682740628,0.0,A_OBSERVED,B_RECOVERED,0.3,0.0,0.0,0.0,31086.974308300392,34801.41682740628,11.94854951874205,
D12_I5_N,L5N-006,PM,5,0.1087,48,0,23,68.0054347826087,48.08710409232212,47.60380434782609,6443.822608695652,1288.7645217391305,profile,6443.822608695652,6708.0,10000.0,,,,,,none,,,,,0.0,0.0,19951.82608695652,21137.825013204703,0.0,A_OBSERVED,B_RECOVERED,0.3,0.0,0.0,0.0,19951.82608695652,21137.825013204703,5.944312671327505,
D12_I5_N,L5N-006,NT,5,0.1087,132,0,23,68.0054347826087,48.08710409232212,47.60380434782609,6443.822608695652,1288.7645217391305,profile,6443.822608695652,6708.0,10000.0,,,,,,none,,,,,0.0,0.0,17492.347826086952,35473.604739676855,0.0,A_OBSERVED,B_RECOVERED,0.3,0.0,0.0,0.0,17492.347826086952,35473.604739676855,102.79498837070815,
D12_I5_N,L5N-007,AM,5,1.1172,36,0,23,67.69717391304349,47.869130741078095,47.38802173913044,7020.4656521739125,1404.0931304347826,profile,7020.4656521739125,7515.720000000016,10000.0,,,,,,none,,,,,0.0,0.0,17533.913043478264,15690.540019771739,0.0,A_OBSERVED,B_RECOVERED,0.3,0.0,0.0,0.0,17533.913043478264,15690.540019771739,-10.513186754922152,
D12_I5_N,L5N-007,MD,5,1.1172,72,0,23,67.69717391304349,47.869130741078095,47.38802173913044,7020.4656521739125,1404.0931304347826,profile,7020.4656521739125,7515.720000000016,10000.0,,,,,,none,,,,,0.0,0.0,34364.5690821256,35839.109886227794,0.0,A_OBSERVED,B_RECOVERED,0.3,0.0,0.0,0.0,34364.5690821256,35839.109886227794,4.290875292451035,
D12_I5_N,L5N-007,PM,5,1.1172,48,0,23,67.69717391304349,47.869130741078095,47.38802173913044,7020.4656521739125,1404.0931304347826,profile,7020.4656521739125,7515.720000000016,10000.0,,,,,,none,,,,,0.0,0.0,21288.521739130432,21491.73151017548,0.0,A_OBSERVED,B_RECOVERED,0.3,0.0,0.0,0.0,21288.521739130432,21491.73151017548,0.9545508773938363,
D12_I5_N,L5N-007,NT,5,1.1172,132,0,23,67.69717391304349,47.869130741078095,47.38802173913044,7020.4656521739125,1404.0931304347826,profile,7020.4656521739125,7515.720000000016,10000.0,,,,,,none,,,,,0.0,0.0,20225.95652173913,36099.07956426115,0.0,A_OBSERVED,B_RECOVERED,0.3,0.0,0.0,0.0,20225.95652173913,36099.07956426115,78.47897341943445,
D12_I5_N,L5N-010,AM,6,0.2597,36,0,23,71.38452380952381,50.47648085748685,49.969166666666666,7156.105714285714,1192.6842857142858,profile,7156.105714285714,7776.0,12000.0,,,,,,none,,,,,0.0,0.0,16884.004761904762,16980.103084131668,0.0,A_OBSERVED,B_RECOVERED,0.3,0.0,0.0,0.0,16884.004761904762,16980.103084131668,0.569167822338761,
D12_I5_N,L5N-010,MD,6,0.2597,72,6,23,71.38452380952381,50.47648085748685,49.969166666666666,7156.105714285714,1192.6842857142858,profile,7156.105714285714,7776.0,12000.0,,,,,,spillover_from_PM,,,,,3069.2380952380954,3543.0927339644013,35596.12731829574,40756.600551546435,0.42889781366854096,A_OBSERVED,B_RECOVERED,0.3,0.42889781366854096,3069.2380952380954,3543.0927339644013,35596.12731829574,40756.600551546435,14.4972883906905,15.438836089695632
D12_I5_N,L5N-010,PM,6,0.2597,48,24,23,71.38452380952381,50.47648085748685,49.969166666666666,7156.105714285714,1192.6842857142858,profile,7156.105714285714,7776.0,12000.0,14:30,15:05,17:00,2.5,normal,own_episode,41.14285714285714,0.18491034945526152,6012.0,0.8401217421925812,12029.857142857141,14039.732840396948,24495.566666666666,27840.158466800367,1.6810619662649715,A_OBSERVED,B_RECOVERED,0.3,1.6810619662649715,12029.857142857141,14039.732840396948,24495.566666666666,27840.158466800367,13.653865802112634,16.707394557325994
D12_I5_N,L5N-010,NT,6,0.2597,132,0,23,71.38452380952381,50.47648085748685,49.969166666666666,7156.105714285714,1192.6842857142858,profile,7156.105714285714,7776.0,12000.0,,,,,,none,,,,,0.0,0.0,25546.47619047619,48757.30520521407,0.0,A_OBSERVED,B_RECOVERED,0.3,0.0,0.0,0.0,25546.47619047619,48757.30520521407,90.857262824338,
D12_I5_N,L5N-018,AM,4,0.2715,36,0,23,70.27804347826088,49.69408111200129,49.19463043478262,4177.633043478261,1044.4082608695653,profile,4177.633043478261,5493.240000000005,8000.0,,,,,,none,,,,,0.0,0.0,10075.478260869564,5814.369317532844,0.0,A_OBSERVED,B_RECOVERED,0.3,0.0,0.0,0.0,10075.478260869564,5814.369317532844,-42.29187769562975,
D12_I5_N,L5N-018,MD,4,0.2715,72,0,23,70.27804347826088,49.69408111200129,49.19463043478262,4177.633043478261,1044.4082608695653,profile,4177.633043478261,5493.240000000005,8000.0,,,,,,none,,,,,0.0,0.0,23395.69565217392,18468.791346726608,0.0,A_OBSERVED,B_RECOVERED,0.3,0.0,0.0,0.0,23395.69565217392,18468.791346726608,-21.05902033731365,
D12_I5_N,L5N-018,PM,4,0.2715,48,0,23,70.27804347826088,49.69408111200129,49.19463043478262,4177.633043478261,1044.4082608695653,profile,4177.633043478261,5493.240000000005,8000.0,,,,,,none,,,,,0.0,0.0,15174.521739130432,9793.334454060849,0.0,A_OBSERVED,B_RECOVERED,0.3,0.0,0.0,0.0,15174.521739130432,9793.334454060849,-35.46198936334945,
D12_I5_N,L5N-018,NT,4,0.2715,132,0,23,70.27804347826088,49.69408111200129,49.19463043478262,4177.633043478261,1044.4082608695653,profile,4177.633043478261,5493.240000000005,8000.0,,,,,,none,,,,,0.0,0.0,13986.304347826084,22970.570190339815,0.0,A_OBSERVED,B_RECOVERED,0.3,0.0,0.0,0.0,13986.304347826084,22970.570190339815,64.23616717528509,
D12_I5_N,L5N-021,AM,5,0.3132,36,0,23,69.03772727272728,48.81704511225292,48.326409090909095,6041.050909090909,1208.2101818181818,profile,6041.050909090909,6576.0,10000.0,,,,,,none,,,,,0.0,0.0,14910.545454545456,13335.99629355172,0.0,A_OBSERVED,B_RECOVERED,0.3,0.0,0.0,0.0,14910.545454545456,13335.99629355172,-10.559970229081978,
D12_I5_N,L5N-021,MD,5,0.3132,72,0,23,69.03772727272728,48.81704511225292,48.326409090909095,6041.050909090909,1208.2101818181818,profile,6041.050909090909,6576.0,10000.0,,,,,,none,,,,,0.0,0.0,31351.0,34005.480005157195,0.0,A_OBSERVED,B_RECOVERED,0.3,0.0,0.0,0.0,31351.0,34005.480005157195,8.466970766984131,
D12_I5_N,L5N-021,PM,5,0.3132,48,0,23,69.03772727272728,48.81704511225292,48.326409090909095,6041.050909090909,1208.2101818181818,profile,6041.050909090909,6576.0,10000.0,,,,,,none,,,,,0.0,0.0,19636.727272727272,20857.54035990162,0.0,A_OBSERVED,B_RECOVERED,0.3,0.0,0.0,0.0,19636.727272727272,20857.54035990162,6.216988555266494,
D12_I5_N,L5N-021,NT,5,0.3132,132,0,23,69.03772727272728,48.81704511225292,48.326409090909095,6041.050909090909,1208.2101818181818,profile,6041.050909090909,6576.0,10000.0,,,,,,none,,,,,0.0,0.0,17390.227272727272,39230.926772354185,0.0,A_OBSERVED,B_RECOVERED,0.3,0.0,0.0,0.0,17390.227272727272,39230.926772354185,125.59180025139305,
D12_I5_N,L5N-025,AM,5,0.3076,36,0,23,69.38159090909092,49.06019342132911,48.567113636363636,7612.609090909091,1522.5218181818182,profile,7612.609090909091,8163.899999999998,10000.0,,,,,,none,,,,,0.0,0.0,18396.727272727272,17394.17468165422,0.0,A_OBSERVED,B_RECOVERED,0.3,0.0,0.0,0.0,18396.727272727272,17394.17468165422,-5.449624687100252,
D12_I5_N,L5N-025,MD,5,0.3076,72,0,23,69.38159090909092,49.06019342132911,48.567113636363636,7612.609090909091,1522.5218181818182,profile,7612.609090909091,8163.899999999998,10000.0,,,,,,none,,,,,0.0,0.0,37535.36363636363,43324.60413283603,0.0,A_OBSERVED,B_RECOVERED,0.3,0.0,0.0,0.0,37535.36363636363,43324.60413283603,15.423429895491617,
D12_I5_N,L5N-025,PM,5,0.3076,48,0,23,69.38159090909092,49.06019342132911,48.567113636363636,7612.609090909091,1522.5218181818182,profile,7612.609090909091,8163.899999999998,10000.0,,,,,,none,,,,,0.0,0.0,24749.09090909091,25632.818444430945,0.0,A_OBSERVED,B_RECOVERED,0.3,0.0,0.0,0.0,24749.09090909091,25632.818444430945,3.570747461335718,
D12_I5_N,L5N-025,NT,5,0.3076,132,0,23,69.38159090909092,49.06019342132911,48.567113636363636,7612.609090909091,1522.5218181818182,profile,7612.609090909091,8163.899999999998,10000.0,,,,,,none,,,,,0.0,0.0,20172.954545454544,48193.81445327338,0.0,A_OBSERVED,B_RECOVERED,0.3,0.0,0.0,0.0,20172.954545454544,48193.81445327338,138.90310338369653,
D12_I5_N,L5N-028,AM,6,0.0851,36,16,23,70.51642857142856,49.86264482791395,49.36149999999999,7959.52,1326.5866666666668,profile,7959.52,8270.100000000002,12000.0,07:40,07:55,09:20,1.6666666666666665,normal,own_episode,42.675,0.1441488884659039,6600.0,0.8291957303958027,9065.55,10472.032067049757,19629.359523809522,20096.392209816055,1.138956871771162,A_OBSERVED,B_RECOVERED,0.3,1.138956871771162,9065.55,10472.032067049757,19629.359523809522,20096.392209816055,2.379255856208874,15.514580660299238
D12_I5_N,L5N-028,MD,6,0.0851,72,23,23,70.51642857142856,49.86264482791395,49.36149999999999,7959.52,1326.5866666666668,profile,7959.52,8270.100000000002,12000.0,,,,,,spillover_from_AM+PM,,,,,11406.353634085215,14997.837137892562,37807.603634085215,45857.02304510283,1.433045414055774,A_OBSERVED,B_RECOVERED,0.3,1.433045414055774,11406.353634085215,14997.837137892562,37807.603634085215,45857.02304510283,21.290477674603828,31.48669258399143
D12_I5_N,L5N-028,PM,6,0.0851,48,48,23,70.51642857142856,49.86264482791395,49.36149999999999,7959.52,1326.5866666666668,profile,7959.52,8270.100000000002,12000.0,13:25,17:15,19:10,5.75,normal,own_episode,36.48095238095238,0.2683710920899701,5123.4,0.6436820310772509,20517.716666666667,30616.49016723717,20517.716666666667,30616.49016723717,2.5777580390107278,A_OBSERVED,B_RECOVERED,0.3,2.5777580390107278,20517.716666666667,30616.49016723717,20517.716666666667,30616.49016723717,49.21977267079185,49.21977267079185
D12_I5_N,L5N-028,NT,6,0.0851,132,2,23,70.51642857142856,49.86264482791395,49.36149999999999,7959.52,1326.5866666666668,profile,7959.52,8270.100000000002,12000.0,,,,,,spillover_from_PM,,,,,870.3333333333333,1322.7742432228774,28907.857142857145,55119.08105297247,0.1093449521244162,A_OBSERVED,B_RECOVERED,0.3,0.1093449521244162,870.3333333333333,1322.7742432228774,28907.857142857145,55119.08105297247,90.67162529752527,51.98478474410696
D12_I5_N,L5N-034,AM,6,0.1976,36,0,23,69.52499999999999,49.16159896199471,48.66749999999999,7867.218131868132,1311.203021978022,profile,7867.218131868132,8665.560000000001,12000.0,,,,,,none,,,,,0.0,0.0,20645.467032967033,22101.53224600658,0.0,A_OBSERVED,B_RECOVERED,0.3,0.0,0.0,0.0,20645.467032967033,22101.53224600658,7.052711429169787,
D12_I5_N,L5N-034,MD,6,0.1976,72,0,23,69.52499999999999,49.16159896199471,48.66749999999999,7867.218131868132,1311.203021978022,profile,7867.218131868132,8665.560000000001,12000.0,,,,,,none,,,,,0.0,0.0,44164.593240093236,46040.02925768547,0.0,A_OBSERVED,B_RECOVERED,0.3,0.0,0.0,0.0,44164.593240093236,46040.02925768547,4.246469581179538,
D12_I5_N,L5N-034,PM,6,0.1976,48,0,23,69.52499999999999,49.16159896199471,48.66749999999999,7867.218131868132,1311.203021978022,profile,7867.218131868132,8665.560000000001,12000.0,,,,,,none,,,,,0.0,0.0,26336.219780219777,30784.336296899353,0.0,A_OBSERVED,B_RECOVERED,0.3,0.0,0.0,0.0,26336.219780219777,30784.336296899353,16.8897303933513,
D12_I5_N,L5N-034,NT,6,0.1976,132,0,23,69.52499999999999,49.16159896199471,48.66749999999999,7867.218131868132,1311.203021978022,profile,7867.218131868132,8665.560000000001,12000.0,,,,,,none,,,,,0.0,0.0,33946.71428571429,55887.87588605771,0.0,A_OBSERVED,B_RECOVERED,0.3,0.0,0.0,0.0,33946.71428571429,55887.87588605771,64.63412457439765,
D12_I5_N,L5N-035,AM,5,0.2349,36,0,23,68.25217391304348,48.261575004636626,47.77652173913043,6910.244347826087,1382.0488695652173,profile,6910.244347826087,7263.48,10000.0,,,,,,none,,,,,0.0,0.0,17955.604743083,18357.805814969077,0.0,A_OBSERVED,B_RECOVERED,0.3,0.0,0.0,0.0,17955.604743083,18357.805814969077,2.2399750809897707,
D12_I5_N,L5N-035,MD,5,0.2349,72,8,23,68.25217391304348,48.261575004636626,47.77652173913043,6910.244347826087,1382.0488695652173,profile,6910.244347826087,7263.48,10000.0,,,,,,spillover_from_PM,,,,,3591.217391304348,4569.2620043112,33363.074628270275,40267.657862652835,0.5196947040569005,A_OBSERVED,B_RECOVERED,0.3,0.5196947040569005,3591.217391304348,4569.2620043112,33363.074628270275,40267.657862652835,20.69528456628499,27.234347198670182
D12_I5_N,L5N-035,PM,5,0.2349,48,48,23,68.25217391304348,48.261575004636626,47.77652173913043,6910.244347826087,1382.0488695652173,profile,6910.244347826087,7263.48,10000.0,14:20,17:25,19:15,4.916666666666666,normal,own_episode,33.426086956521736,0.30739751130562154,4612.695652173913,0.6675155638490604,18873.045454545456,26120.17026787179,18873.045454545456,26120.17026787179,2.7311690447650787,A_OBSERVED,B_RECOVERED,0.3,2.7311690447650787,18873.045454545456,26120.17026787179,18873.045454545456,26120.17026787179,38.39933958078243,38.39933958078243
D12_I5_N,L5N-035,NT,5,0.2349,132,3,23,68.25217391304348,48.261575004636626,47.77652173913043,6910.244347826087,1382.0488695652173,profile,6910.244347826087,7263.48,10000.0,,,,,,spillover_from_PM,,,,,1232.8260869565217,1717.1814363071765,27175.13043478261,42622.66859876875,0.17840557075877642,A_OBSERVED,B_RECOVERED,0.3,0.17840557075877642,1232.8260869565217,1717.1814363071765,27175.13043478261,42622.66859876875,56.844393814626095,39.288213842585286
D12_I5_N,L5N-038,AM,6,0.1858,36,0,23,71.93249999999999,50.86395853770133,50.35274999999999,8618.142857142857,1436.357142857143,profile,8618.142857142857,9123.96,12000.0,,,,,,none,,,,,0.0,0.0,22405.24725274725,22842.022374319306,0.0,A_OBSERVED,B_RECOVERED,0.3,0.0,0.0,0.0,22405.24725274725,22842.022374319306,1.9494322764882703,
D12_I5_N,L5N-038,MD,6,0.1858,72,29,23,71.93249999999999,50.86395853770133,50.35274999999999,8618.142857142857,1436.357142857143,profile,8618.142857142857,9123.96,12000.0,,,,,,spillover_from_PM,,,,,17895.622127872128,20726.88418960145,44356.94996669996,50669.68965130239,2.076505625923797,A_OBSERVED,B_RECOVERED,0.3,2.076505625923797,17895.622127872128,20726.88418960145,44356.94996669996,50669.68965130239,14.231681144311281,15.820975887279598
D12_I5_N,L5N-038,PM,6,0.1858,48,48,23,71.93249999999999,50.86395853770133,50.35274999999999,8618.142857142857,1436.357142857143,profile,8618.142857142857,9123.96,12000.0,12:35,18:05,19:10,6.583333333333333,long,own_episode,43.47692307692308,0.1452312339257441,6264.0,0.726838728927346,25280.89102564102,34126.21369710216,25280.89102564102,34126.21369710216,2.933449983912463,A_OBSERVED,B_RECOVERED,0.3,2.933449983912463,25280.89102564102,34126.21369710216,25280.89102564102,34126.21369710216,34.98817609905369,34.98817609905369
D12_I5_N,L5N-038,NT,6,0.1858,132,2,23,71.93249999999999,50.86395853770133,50.35274999999999,8618.142857142857,1436.357142857143,profile,8618.142857142857,9123.96,12000.0,,,,,,spillover_from_PM,,,,,1103.0714285714284,1433.8993462142462,33132.78571428571,58087.049040229176,0.12799409882805377,A_OBSERVED,B_RECOVERED,0.3,0.12799409882805377,1103.0714285714284,1433.8993462142462,33132.78571428571,58087.049040229176,75.31592284793625,29.99152267693744
D12_I5_N,L5N-042,AM,8,0.0764,36,0,23,70.35065217391305,49.74542321307005,49.24545652173913,8842.706086956521,1105.3382608695651,profile,8842.706086956521,9204.0,16000.0,,,,,,none,,,,,0.0,0.0,23812.652173913044,25679.27246319958,0.0,A_OBSERVED,B_RECOVERED,0.3,0.0,0.0,0.0,23812.652173913044,25679.27246319958,7.83877526809649,
D12_I5_N,L5N-042,MD,8,0.0764,72,0,23,70.35065217391305,49.74542321307005,49.24545652173913,8842.706086956521,1105.3382608695651,profile,8842.706086956521,9204.0,16000.0,,,,,,none,,,,,0.0,0.0,47168.50592885376,52164.932444685066,0.0,A_OBSERVED,B_RECOVERED,0.3,0.0,0.0,0.0,47168.50592885376,52164.932444685066,10.592717359688319,
D12_I5_N,L5N-042,PM,8,0.0764,48,12,23,70.35065217391305,49.74542321307005,49.24545652173913,8842.706086956521,1105.3382608695651,profile,8842.706086956521,9204.0,16000.0,17:25,17:50,18:25,1.0,normal,own_episode,47.16521739130435,0.051868205256072164,7048.173913043478,0.7970607463070521,6938.652173913042,8830.073864114673,29919.950592885376,35067.39186075584,0.7846752007451584,A_OBSERVED,B_RECOVERED,0.3,0.7846752007451584,6938.652173913042,8830.073864114673,29919.950592885376,35067.39186075584,17.20404334188461,27.259208889483304
D12_I5_N,L5N-042,NT,8,0.0764,132,0,23,70.35065217391305,49.74542321307005,49.24545652173913,8842.706086956521,1105.3382608695651,profile,8842.706086956521,9204.0,16000.0,,,,,,none,,,,,0.0,0.0,52376.043478260865,59743.90073747378,0.0,A_OBSERVED,B_RECOVERED,0.3,0.0,0.0,0.0,52376.043478260865,59743.90073747378,14.067227629118277,
D12_I5_N,L5N-043,AM,6,0.064,36,0,23,71.09521739130435,50.27191032732307,49.76665217391304,7209.067826086956,1201.5113043478261,profile,7209.067826086956,7704.0,12000.0,,,,,,none,,,,,0.0,0.0,18986.260869565216,16288.829972241236,0.0,A_OBSERVED,B_RECOVERED,0.3,0.0,0.0,0.0,18986.260869565216,16288.829972241236,-14.207278177916194,
D12_I5_N,L5N-043,MD,6,0.064,72,1,23,71.09521739130435,50.27191032732307,49.76665217391304,7209.067826086956,1201.5113043478261,profile,7209.067826086956,7704.0,12000.0,,,,,,spillover_from_PM,,,,,560.3181818181818,596.6637188357739,37720.41897233201,39805.36956228242,0.07772408241057145,A_OBSERVED,B_RECOVERED,0.3,0.07772408241057145,560.3181818181818,596.6637188357739,37720.41897233201,39805.36956228242,5.527379193427649,6.486588905549021
D12_I5_N,L5N-043,PM,6,0.064,48,48,23,71.09521739130435,50.27191032732307,49.76665217391304,7209.067826086956,1201.5113043478261,profile,7209.067826086956,7704.0,12000.0,14:55,17:35,19:40,4.75,normal,own_episode,25.065217391304348,0.5014071033286105,5471.478260869565,0.7589716719088568,20639.314229249012,24970.527458788147,20639.314229249012,24970.527458788147,2.862965743582402,A_OBSERVED,B_RECOVERED,0.3,2.862965743582402,20639.314229249012,24970.527458788147,20639.314229249012,24970.527458788147,20.985257462678454,20.985257462678454
D12_I5_N,L5N-043,NT,6,0.064,132,8,23,71.09521739130435,50.27191032732307,49.76665217391304,7209.067826086956,1201.5113043478261,profile,7209.067826086956,7704.0,12000.0,,,,,,spillover_from_PM,,,,,3956.1304347826085,4648.2986749333795,33350.91304347826,41417.43208850756,0.5487714265174247,A_OBSERVED,B_RECOVERED,0.3,0.5487714265174247,3956.1304347826085,4648.2986749333795,33350.91304347826,41417.43208850756,24.186801226441094,17.496092496475182
D12_I5_N,L5N-045,AM,6,0.2877,36,0,23,71.88078947368422,50.82739367388472,50.31655263157895,7025.709473684211,1170.9515789473685,profile,7025.709473684211,7480.55999999999,12000.0,,,,,,none,,,,,0.0,0.0,18125.947368421053,14986.229726301062,0.0,A_OBSERVED,B_RECOVERED,0.3,0.0,0.0,0.0,18125.947368421053,14986.229726301062,-17.321674714724118,
D12_I5_N,L5N-045,MD,6,0.2877,72,4,23,71.88078947368422,50.82739367388472,50.31655263157895,7025.709473684211,1170.9515789473685,profile,7025.709473684211,7480.55999999999,12000.0,,,,,,spillover_from_PM,,,,,2226.4444444444443,2322.5272496371063,37048.116959064326,38172.138051165566,0.3168995889716059,A_OBSERVED,B_RECOVERED,0.3,0.3168995889716059,2226.4444444444443,2322.5272496371063,37048.116959064326,38172.138051165566,3.033949318782404,4.315526732877319
D12_I5_N,L5N-045,PM,6,0.2877,48,48,23,71.88078947368422,50.82739367388472,50.31655263157895,7025.709473684211,1170.9515789473685,profile,7025.709473684211,7480.55999999999,12000.0,14:40,17:40,19:40,5.0,normal,own_episode,32.14736842105264,0.3675188496322592,5729.684210526316,0.8155310480724628,21513.801169590643,26245.64256932731,21513.801169590643,26245.64256932731,3.062153544801935,A_OBSERVED,B_RECOVERED,0.3,3.062153544801935,21513.801169590643,26245.64256932731,21513.801169590643,26245.64256932731,21.994446088053635,21.994446088053635
D12_I5_N,L5N-045,NT,6,0.2877,132,8,23,71.88078947368422,50.82739367388472,50.31655263157895,7025.709473684211,1170.9515789473685,profile,7025.709473684211,7480.55999999999,12000.0,,,,,,spillover_from_PM,,,,,4073.7894736842104,4620.020609951951,32860.33421052631,41543.86401105109,0.5798402978294456,A_OBSERVED,B_RECOVERED,0.3,0.5798402978294456,4073.7894736842104,4620.020609951951,32860.33421052631,41543.86401105109,26.42556750911908,13.408428191890481
D12_I5_N,L5N-050,AM,6,0.6475,36,0,23,72.12484375000001,50.99996610764519,50.487390625,7590.500625,1265.0834375,profile,7590.500625,8508.0,12000.0,,,,,,none,,,,,0.0,0.0,17848.71875,18057.775913407022,0.0,A_OBSERVED,B_RECOVERED,0.3,0.0,0.0,0.0,17848.71875,18057.775913407022,1.1712726629580739,
D12_I5_N,L5N-050,MD,6,0.6475,72,0,23,72.12484375000001,50.99996610764519,50.487390625,7590.500625,1265.0834375,profile,7590.500625,8508.0,12000.0,,,,,,none,,,,,0.0,0.0,38093.0,40429.07988222444,0.0,A_OBSERVED,B_RECOVERED,0.3,0.0,0.0,0.0,38093.0,40429.07988222444,6.13256997932544,
D12_I5_N,L5N-050,PM,6,0.6475,48,0,23,72.12484375000001,50.99996610764519,50.487390625,7590.500625,1265.0834375,profile,7590.500625,8508.0,12000.0,,,,,,none,,,,,0.0,0.0,27889.125,25867.1214680482,0.0,A_OBSERVED,B_RECOVERED,0.3,0.0,0.0,0.0,27889.125,25867.1214680482,-7.2501504868001385,
D12_I5_N,L5N-050,NT,6,0.6475,132,0,23,72.12484375000001,50.99996610764519,50.487390625,7590.500625,1265.0834375,profile,7590.500625,8508.0,12000.0,,,,,,none,,,,,0.0,0.0,22788.3125,42422.92779279546,0.0,A_OBSERVED,B_RECOVERED,0.3,0.0,0.0,0.0,22788.3125,42422.92779279546,86.16090064938095,
D12_I5_N,L5N-051,AM,3,0.458,36,0,23,68.6475,48.54111276150352,48.05324999999999,5312.301428571428,1770.7671428571427,profile,5312.301428571428,5880.0,6000.0,,,,,,none,,,,,0.0,0.0,13410.920329670329,12982.01258407153,0.0,A_OBSERVED,B_RECOVERED,0.3,0.0,0.0,0.0,13410.920329670329,12982.01258407153,-3.1981977004954927,
D12_I5_N,L5N-051,MD,3,0.458,72,0,23,68.6475,48.54111276150352,48.05324999999999,5312.301428571428,1770.7671428571427,profile,5312.301428571428,5880.0,6000.0,,,,,,none,,,,,0.0,0.0,23733.391025641024,28662.700392667248,0.0,A_OBSERVED,B_RECOVERED,0.3,0.0,0.0,0.0,23733.391025641024,28662.700392667248,20.769511452032745,
D12_I5_N,L5N-051,PM,3,0.458,48,0,23,68.6475,48.54111276150352,48.05324999999999,5312.301428571428,1770.7671428571427,profile,5312.301428571428,5880.0,6000.0,,,,,,none,,,,,0.0,0.0,15590.453296703296,18873.10443957694,0.0,A_OBSERVED,B_RECOVERED,0.3,0.0,0.0,0.0,15590.453296703296,18873.10443957694,21.055520839588297,
D12_I5_N,L5N-051,NT,3,0.458,132,0,23,68.6475,48.54111276150352,48.05324999999999,5312.301428571428,1770.7671428571427,profile,5312.301428571428,5880.0,6000.0,,,,,,none,,,,,0.0,0.0,15836.357142857145,25391.810329761927,0.0,A_OBSERVED,B_RECOVERED,0.3,0.0,0.0,0.0,15836.357142857145,25391.810329761927,60.338707322060415,
D12_I5_N,L5N-056,AM,5,0.4163,36,0,23,69.3245652173913,49.01987016802645,48.5271956521739,6048.326086956521,1209.6652173913042,profile,6048.326086956521,6502.620000000003,10000.0,,,,,,none,,,,,0.0,0.0,15559.347826086954,14353.098322038635,0.0,A_OBSERVED,B_RECOVERED,0.3,0.0,0.0,0.0,15559.347826086954,14353.098322038635,-7.752571107292231,
D12_I5_N,L5N-056,MD,5,0.4163,72,0,23,69.3245652173913,49.01987016802645,48.5271956521739,6048.326086956521,1209.6652173913042,profile,6048.326086956521,6502.620000000003,10000.0,,,,,,none,,,,,0.0,0.0,32702.0,34002.58826739004,0.0,A_OBSERVED,B_RECOVERED,0.3,0.0,0.0,0.0,32702.0,34002.58826739004,3.977090903889797,
D12_I5_N,L5N-056,PM,5,0.4163,48,0,23,69.3245652173913,49.01987016802645,48.5271956521739,6048.326086956521,1209.6652173913042,profile,6048.326086956521,6502.620000000003,10000.0,,,,,,none,,,,,0.0,0.0,21511.91304347826,20190.67034502726,0.0,A_OBSERVED,B_RECOVERED,0.3,0.0,0.0,0.0,21511.91304347826,20190.67034502726,-6.1419116736879795,
D12_I5_N,L5N-056,NT,5,0.4163,132,0,23,69.3245652173913,49.01987016802645,48.5271956521739,6048.326086956521,1209.6652173913042,profile,6048.326086956521,6502.620000000003,10000.0,,,,,,none,,,,,0.0,0.0,19538.5652173913,34147.40952449122,0.0,A_OBSERVED,B_RECOVERED,0.3,0.0,0.0,0.0,19538.5652173913,34147.40952449122,74.76927883167474,
D12_I5_N,L5N-057,AM,5,0.4548,36,0,23,70.19999999999999,49.63889603929563,49.139999999999986,4810.565217391304,962.1130434782608,profile,4810.565217391304,5374.620000000003,10000.0,,,,,,none,,,,,0.0,0.0,12088.826086956524,9346.380537864472,0.0,A_OBSERVED,B_RECOVERED,0.3,0.0,0.0,0.0,12088.826086956524,9346.380537864472,-22.68578875537855,
D12_I5_N,L5N-057,MD,5,0.4548,72,0,23,70.19999999999999,49.63889603929563,49.139999999999986,4810.565217391304,962.1130434782608,profile,4810.565217391304,5374.620000000003,10000.0,,,,,,none,,,,,0.0,0.0,24846.0,24002.637544253525,0.0,A_OBSERVED,B_RECOVERED,0.3,0.0,0.0,0.0,24846.0,24002.637544253525,-3.3943590748872072,
D12_I5_N,L5N-057,PM,5,0.4548,48,0,23,70.19999999999999,49.63889603929563,49.139999999999986,4810.565217391304,962.1130434782608,profile,4810.565217391304,5374.620000000003,10000.0,,,,,,none,,,,,0.0,0.0,15754.695652173912,15961.187201403245,0.0,A_OBSERVED,B_RECOVERED,0.3,0.0,0.0,0.0,15754.695652173912,15961.187201403245,1.310666697651124,
D12_I5_N,L5N-057,NT,5,0.4548,132,0,23,70.19999999999999,49.63889603929563,49.139999999999986,4810.565217391304,962.1130434782608,profile,4810.565217391304,5374.620000000003,10000.0,,,,,,none,,,,,0.0,0.0,14189.130434782608,27372.18963763206,0.0,A_OBSERVED,B_RECOVERED,0.3,0.0,0.0,0.0,14189.130434782608,27372.18963763206,92.90956386258232,
D12_I5_N,L5N-061,AM,6,0.1877,36,0,23,71.4054347826087,50.49126714835638,49.98380434782608,9699.203478260868,1616.533913043478,profile,9699.203478260868,10006.620000000004,12000.0,,,,,,none,,,,,0.0,0.0,23690.26086956521,24689.105198535384,0.0,A_OBSERVED,B_RECOVERED,0.3,0.0,0.0,0.0,23690.26086956521,24689.105198535384,4.216265639579288,
D12_I5_N,L5N-061,MD,6,0.1877,72,0,23,71.4054347826087,50.49126714835638,49.98380434782608,9699.203478260868,1616.533913043478,profile,9699.203478260868,10006.620000000004,12000.0,,,,,,none,,,,,0.0,0.0,43532.69565217391,53798.77525175853,0.0,A_OBSERVED,B_RECOVERED,0.3,0.0,0.0,0.0,43532.69565217391,53798.77525175853,23.58245784182666,
D12_I5_N,L5N-061,PM,6,0.1877,48,0,23,71.4054347826087,50.49126714835638,49.98380434782608,9699.203478260868,1616.533913043478,profile,9699.203478260868,10006.620000000004,12000.0,,,,,,none,,,,,0.0,0.0,26574.217391304344,32495.790318102667,0.0,A_OBSERVED,B_RECOVERED,0.3,0.0,0.0,0.0,26574.217391304344,32495.790318102667,22.283150768293137,
D12_I5_N,L5N-061,NT,6,0.1877,132,0,23,71.4054347826087,50.49126714835638,49.98380434782608,9699.203478260868,1616.533913043478,profile,9699.203478260868,10006.620000000004,12000.0,,,,,,none,,,,,0.0,0.0,26855.739130434784,55287.94893236881,0.0,A_OBSERVED,B_RECOVERED,0.3,0.0,0.0,0.0,26855.739130434784,55287.94893236881,105.87014441807963,
D12_I5_N,L5N-062,AM,7,0.2591,36,0,23,72.35000000000001,51.159175618846724,50.645,8636.141739130435,1233.7345341614907,profile,8636.141739130435,9288.0,14000.0,,,,,,none,,,,,0.0,0.0,21281.304347826088,19414.553995496244,0.0,A_OBSERVED,B_RECOVERED,0.3,0.0,0.0,0.0,21281.304347826088,19414.553995496244,-8.771785421698246,
D12_I5_N,L5N-062,MD,7,0.2591,72,0,23,72.35000000000001,51.159175618846724,50.645,8636.141739130435,1233.7345341614907,profile,8636.141739130435,9288.0,14000.0,,,,,,none,,,,,0.0,0.0,42604.60869565217,45425.88245188344,0.0,A_OBSERVED,B_RECOVERED,0.3,0.0,0.0,0.0,42604.60869565217,45425.88245188344,6.621991945484485,
D12_I5_N,L5N-062,PM,7,0.2591,48,0,23,72.35000000000001,51.159175618846724,50.645,8636.141739130435,1233.7345341614907,profile,8636.141739130435,9288.0,14000.0,,,,,,none,,,,,0.0,0.0,28912.956521739125,27930.896081574774,0.0,A_OBSERVED,B_RECOVERED,0.3,0.0,0.0,0.0,28912.956521739125,27930.896081574774,-3.3966102339826687,
D12_I5_N,L5N-062,NT,7,0.2591,132,0,23,72.35000000000001,51.159175618846724,50.645,8636.141739130435,1233.7345341614907,profile,8636.141739130435,9288.0,14000.0,,,,,,none,,,,,0.0,0.0,22875.78260869565,48553.25855716826,0.0,A_OBSERVED,B_RECOVERED,0.3,0.0,0.0,0.0,22875.78260869565,48553.25855716826,112.24742072304869,
D12_I5_N,L5N-070,AM,5,0.3859,36,0,23,69.20065217391306,48.93225041470553,48.44045652173914,7537.5599999999995,1507.512,profile,7537.5599999999995,7848.0,10000.0,,,,,,none,,,,,0.0,0.0,17550.82608695652,17804.710400639982,0.0,A_OBSERVED,B_RECOVERED,0.3,0.0,0.0,0.0,17550.82608695652,17804.710400639982,1.446566175435723,
D12_I5_N,L5N-070,MD,5,0.3859,72,0,23,69.20065217391306,48.93225041470553,48.44045652173914,7537.5599999999995,1507.512,profile,7537.5599999999995,7848.0,10000.0,,,,,,none,,,,,0.0,0.0,37992.58893280632,41790.19216098888,0.0,A_OBSERVED,B_RECOVERED,0.3,0.0,0.0,0.0,37992.58893280632,41790.19216098888,9.99564213667829,
D12_I5_N,L5N-070,PM,5,0.3859,48,0,23,69.20065217391306,48.93225041470553,48.44045652173914,7537.5599999999995,1507.512,profile,7537.5599999999995,7848.0,10000.0,,,,,,none,,,,,0.0,0.0,29023.89328063241,29981.06130014273,0.0,A_OBSERVED,B_RECOVERED,0.3,0.0,0.0,0.0,29023.89328063241,29981.06130014273,3.297862248373957,
D12_I5_N,L5N-070,NT,5,0.3859,132,0,23,69.20065217391306,48.93225041470553,48.44045652173914,7537.5599999999995,1507.512,profile,7537.5599999999995,7848.0,10000.0,,,,,,none,,,,,0.0,0.0,35850.60869565217,47935.76332290428,0.0,A_OBSERVED,B_RECOVERED,0.3,0.0,0.0,0.0,35850.60869565217,47935.76332290428,33.709761331661156,
D12_I5_N,L5N-072,AM,4,0.3511,36,0,23,68.04836956521739,48.11746356825349,47.633858695652165,5410.648695652174,1352.6621739130435,profile,5410.648695652174,5928.0,8000.0,,,,,,none,,,,,0.0,0.0,14463.739130434778,11943.580724332161,0.0,A_OBSERVED,B_RECOVERED,0.3,0.0,0.0,0.0,14463.739130434778,11943.580724332161,-17.42397580166299,
D12_I5_N,L5N-072,MD,4,0.3511,72,0,23,68.04836956521739,48.11746356825349,47.633858695652165,5410.648695652174,1352.6621739130435,profile,5410.648695652174,5928.0,8000.0,,,,,,none,,,,,0.0,0.0,29010.867588932808,29448.944503895826,0.0,A_OBSERVED,B_RECOVERED,0.3,0.0,0.0,0.0,29010.867588932808,29448.944503895826,1.5100441709304042,
D12_I5_N,L5N-072,PM,4,0.3511,48,22,23,68.04836956521739,48.11746356825349,47.633858695652165,5410.648695652174,1352.6621739130435,profile,5410.648695652174,5928.0,8000.0,16:50,17:50,18:40,1.8333333333333333,normal,own_episode,44.29782608695651,0.07938152176036695,4411.826086956522,0.8153968840190504,8004.260869565218,9900.669500654227,18448.662055335968,21395.658141033357,1.479353275328555,A_OBSERVED,B_RECOVERED,0.3,1.479353275328555,8004.260869565218,9900.669500654227,18448.662055335968,21395.658141033357,15.97403690770637,23.692489062916056
D12_I5_N,L5N-072,NT,4,0.3511,132,0,23,68.04836956521739,48.11746356825349,47.633858695652165,5410.648695652174,1352.6621739130435,profile,5410.648695652174,5928.0,8000.0,,,,,,none,,,,,0.0,0.0,27517.19565217392,35351.13461148754,0.0,A_OBSERVED,B_RECOVERED,0.3,0.0,0.0,0.0,27517.19565217392,35351.13461148754,28.469249040989116,
D12_I5_N,L5N-073,AM,4,0.1435,36,0,23,68.75136363636364,48.61455544309494,48.12595454545454,5479.963636363636,1369.990909090909,profile,5479.963636363636,6828.0,8000.0,,,,,,none,,,,,0.0,0.0,12814.181818181818,10122.758378827974,0.0,A_OBSERVED,B_RECOVERED,0.3,0.0,0.0,0.0,12814.181818181818,10122.758378827974,-21.003474724660386,
D12_I5_N,L5N-073,MD,4,0.1435,72,0,23,68.75136363636364,48.61455544309494,48.12595454545454,5479.963636363636,1369.990909090909,profile,5479.963636363636,6828.0,8000.0,,,,,,none,,,,,0.0,0.0,30678.181818181816,28216.550868566836,0.0,A_OBSERVED,B_RECOVERED,0.3,0.0,0.0,0.0,30678.181818181816,28216.550868566836,-8.024044463274103,
D12_I5_N,L5N-073,PM,4,0.1435,48,0,23,68.75136363636364,48.61455544309494,48.12595454545454,5479.963636363636,1369.990909090909,profile,5479.963636363636,6828.0,8000.0,,,,,,none,,,,,0.0,0.0,19332.090909090908,17148.069086489842,0.0,A_OBSERVED,B_RECOVERED,0.3,0.0,0.0,0.0,19332.090909090908,17148.069086489842,-11.297390607521043,
D12_I5_N,L5N-073,NT,4,0.1435,132,0,23,68.75136363636364,48.61455544309494,48.12595454545454,5479.963636363636,1369.990909090909,profile,5479.963636363636,6828.0,8000.0,,,,,,none,,,,,0.0,0.0,17682.272727272728,28006.27991224082,0.0,A_OBSERVED,B_RECOVERED,0.3,0.0,0.0,0.0,17682.272727272728,28006.27991224082,58.386200372560616,
D12_I5_N,L5N-074,AM,5,0.5617,36,0,23,69.78882352941176,49.34815036867834,48.852176470588226,6006.105882352941,1201.2211764705883,profile,6006.105882352941,6798.299999999996,10000.0,,,,,,none,,,,,0.0,0.0,14631.882352941177,11922.406153789583,0.0,A_OBSERVED,B_RECOVERED,0.3,0.0,0.0,0.0,14631.882352941177,11922.406153789583,-18.51761881209329,
D12_I5_N,L5N-074,MD,5,0.5617,72,0,23,69.78882352941176,49.34815036867834,48.852176470588226,6006.105882352941,1201.2211764705883,profile,6006.105882352941,6798.299999999996,10000.0,,,,,,none,,,,,0.0,0.0,32946.647058823524,33488.6953410039,0.0,A_OBSERVED,B_RECOVERED,0.3,0.0,0.0,0.0,32946.647058823524,33488.6953410039,1.645230487984382,
D12_I5_N,L5N-074,PM,5,0.5617,48,0,23,69.78882352941176,49.34815036867834,48.852176470588226,6006.105882352941,1201.2211764705883,profile,6006.105882352941,6798.299999999996,10000.0,,,,,,none,,,,,0.0,0.0,21290.470588235294,20185.106147315273,0.0,A_OBSERVED,B_RECOVERED,0.3,0.0,0.0,0.0,21290.470588235294,20185.106147315273,-5.1918271901928925,
D12_I5_N,L5N-074,NT,5,0.5617,132,0,23,69.78882352941176,49.34815036867834,48.852176470588226,6006.105882352941,1201.2211764705883,profile,6006.105882352941,6798.299999999996,10000.0,,,,,,none,,,,,0.0,0.0,18428.882352941175,35965.604626746215,0.0,A_OBSERVED,B_RECOVERED,0.3,0.0,0.0,0.0,18428.882352941175,35965.604626746215,95.1589029543414,
D12_I5_N,L5N-079,AM,5,0.42,36,0,23,69.89529411764707,49.42343644361645,48.92670588235295,6066.412941176471,1213.282588235294,profile,6066.412941176471,6816.0,10000.0,,,,,,none,,,,,0.0,0.0,14763.35294117647,11896.139872407231,0.0,A_OBSERVED,B_RECOVERED,0.3,0.0,0.0,0.0,14763.35294117647,11896.139872407231,-19.421151009485754,
D12_I5_N,L5N-079,MD,5,0.42,72,0,23,69.89529411764707,49.42343644361645,48.92670588235295,6066.412941176471,1213.282588235294,profile,6066.412941176471,6816.0,10000.0,,,,,,none,,,,,0.0,0.0,33155.0,33586.13302352971,0.0,A_OBSERVED,B_RECOVERED,0.3,0.0,0.0,0.0,33155.0,33586.13302352971,1.300355975055667,
D12_I5_N,L5N-079,PM,5,0.42,48,0,23,69.89529411764707,49.42343644361645,48.92670588235295,6066.412941176471,1213.282588235294,profile,6066.412941176471,6816.0,10000.0,,,,,,none,,,,,0.0,0.0,21419.058823529413,20015.94668575875,0.0,A_OBSERVED,B_RECOVERED,0.3,0.0,0.0,0.0,21419.058823529413,20015.94668575875,-6.550764668657176,
D12_I5_N,L5N-079,NT,5,0.42,132,0,23,69.89529411764707,49.42343644361645,48.92670588235295,6066.412941176471,1213.282588235294,profile,6066.412941176471,6816.0,10000.0,,,,,,none,,,,,0.0,0.0,18462.76470588235,38885.36147457276,0.0,A_OBSERVED,B_RECOVERED,0.3,0.0,0.0,0.0,18462.76470588235,38885.36147457276,110.61505193847619,
D12_I5_N,L5N-080,AM,4,0.3318,36,0,23,65.17869565217393,46.088297684546326,45.62508695652175,4961.672845849802,1240.4182114624505,profile,4961.672845849802,6216.0,8000.0,,,,,,none,,,,,0.0,0.0,12490.434782608696,9839.519323396364,0.0,A_OBSERVED,B_RECOVERED,0.3,0.0,0.0,0.0,12490.434782608696,9839.519323396364,-21.223564314217363,
D12_I5_N,L5N-080,MD,4,0.3318,72,0,23,65.17869565217393,46.088297684546326,45.62508695652175,4961.672845849802,1240.4182114624505,profile,4961.672845849802,6216.0,8000.0,,,,,,none,,,,,0.0,0.0,27765.521739130432,25414.593086541987,0.0,A_OBSERVED,B_RECOVERED,0.3,0.0,0.0,0.0,27765.521739130432,25414.593086541987,-8.467078971814317,
D12_I5_N,L5N-080,PM,4,0.3318,48,0,23,65.17869565217393,46.088297684546326,45.62508695652175,4961.672845849802,1240.4182114624505,profile,4961.672845849802,6216.0,8000.0,,,,,,none,,,,,0.0,0.0,17968.27865612648,11217.69631160131,0.0,A_OBSERVED,B_RECOVERED,0.3,0.0,0.0,0.0,17968.27865612648,11217.69631160131,-37.56944376095529,
D12_I5_N,L5N-080,NT,4,0.3318,132,0,23,65.17869565217393,46.088297684546326,45.62508695652175,4961.672845849802,1240.4182114624505,profile,4961.672845849802,6216.0,8000.0,,,,,,none,,,,,0.0,0.0,25007.62648221344,38252.482510074115,0.0,A_OBSERVED,B_RECOVERED,0.3,0.0,0.0,0.0,25007.62648221344,38252.482510074115,52.963267174839714,
D12_I5_N,L5N-086,AM,7,0.6133,36,0,23,71.09391304347828,50.27098801413024,49.765739130434795,10690.126956521739,1527.16099378882,profile,10690.126956521739,11292.0,14000.0,,,,,,none,,,,,0.0,0.0,28058.913043478256,27105.49413281058,0.0,A_OBSERVED,B_RECOVERED,0.3,0.0,0.0,0.0,28058.913043478256,27105.49413281058,-3.3979181915932353,
D12_I5_N,L5N-086,MD,7,0.6133,72,0,23,71.09391304347828,50.27098801413024,49.765739130434795,10690.126956521739,1527.16099378882,profile,10690.126956521739,11292.0,14000.0,,,,,,none,,,,,0.0,0.0,52087.13043478261,59816.31301906459,0.0,A_OBSERVED,B_RECOVERED,0.3,0.0,0.0,0.0,52087.13043478261,59816.31301906459,14.83894873794124,
D12_I5_N,L5N-086,PM,7,0.6133,48,0,23,71.09391304347828,50.27098801413024,49.765739130434795,10690.126956521739,1527.16099378882,profile,10690.126956521739,11292.0,14000.0,,,,,,none,,,,,0.0,0.0,32027.04347826087,36380.83389714733,0.0,A_OBSERVED,B_RECOVERED,0.3,0.0,0.0,0.0,32027.04347826087,36380.83389714733,13.59410656135555,
D12_I5_N,L5N-086,NT,7,0.6133,132,0,23,71.09391304347828,50.27098801413024,49.765739130434795,10690.126956521739,1527.16099378882,profile,10690.126956521739,11292.0,14000.0,,,,,,none,,,,,0.0,0.0,29636.60869565217,53899.63994683541,0.0,A_OBSERVED,B_RECOVERED,0.3,0.0,0.0,0.0,29636.60869565217,53899.63994683541,81.8684468940022,
D12_I5_N,L5N-090,AM,5,0.3766,36,0,23,71.49391304347826,50.55383072660484,50.045739130434775,9718.781739130434,1943.7563478260868,profile,9718.781739130434,10039.860000000008,10000.0,,,,,,none,,,,,0.0,0.0,23762.95652173913,22996.149737232918,0.0,A_OBSERVED,B_RECOVERED,0.3,0.0,0.0,0.0,23762.95652173913,22996.149737232918,-3.2268997496364165,
D12_I5_N,L5N-090,MD,5,0.3766,72,0,23,71.49391304347826,50.55383072660484,50.045739130434775,9718.781739130434,1943.7563478260868,profile,9718.781739130434,10039.860000000008,10000.0,,,,,,none,,,,,0.0,0.0,43768.30434782609,47337.144336235884,0.0,A_OBSERVED,B_RECOVERED,0.3,0.0,0.0,0.0,43768.30434782609,47337.144336235884,8.153937059220471,
D12_I5_N,L5N-090,PM,5,0.3766,48,0,23,71.49391304347826,50.55383072660484,50.045739130434775,9718.781739130434,1943.7563478260868,profile,9718.781739130434,10039.860000000008,10000.0,,,,,,none,,,,,0.0,0.0,26728.13043478261,28559.02069405117,0.0,A_OBSERVED,B_RECOVERED,0.3,0.0,0.0,0.0,26728.13043478261,28559.02069405117,6.850049851919058,
D12_I5_N,L5N-090,NT,5,0.3766,132,0,23,71.49391304347826,50.55383072660484,50.045739130434775,9718.781739130434,1943.7563478260868,profile,9718.781739130434,10039.860000000008,10000.0,,,,,,none,,,,,0.0,0.0,26995.95652173913,54080.64959904076,0.0,A_OBSERVED,B_RECOVERED,0.3,0.0,0.0,0.0,26995.95652173913,54080.64959904076,100.32870313556418,
D12_I5_N,L5N-095,AM,5,0.2405,36,0,23,67.89521739130434,48.00916862752612,47.526652173913035,4028.1365217391303,805.6273043478261,profile,4028.1365217391303,4932.0,10000.0,,,,,,none,,,,,0.0,0.0,9276.478260869566,8114.974174581494,0.0,A_OBSERVED,B_RECOVERED,0.3,0.0,0.0,0.0,9276.478260869566,8114.974174581494,-12.520959502353152,
D12_I5_N,L5N-095,MD,5,0.2405,72,0,23,67.89521739130434,48.00916862752612,47.526652173913035,4028.1365217391303,805.6273043478261,profile,4028.1365217391303,4932.0,10000.0,,,,,,none,,,,,0.0,0.0,21917.21739130434,22172.79157205695,0.0,A_OBSERVED,B_RECOVERED,0.3,0.0,0.0,0.0,21917.21739130434,22172.79157205695,1.1660886333773794,
D12_I5_N,L5N-095,PM,5,0.2405,48,0,23,67.89521739130434,48.00916862752612,47.526652173913035,4028.1365217391303,805.6273043478261,profile,4028.1365217391303,4932.0,10000.0,,,,,,none,,,,,0.0,0.0,14239.826086956522,12307.481402366519,0.0,A_OBSERVED,B_RECOVERED,0.3,0.0,0.0,0.0,14239.826086956522,12307.481402366519,-13.570001998549714,
D12_I5_N,L5N-095,NT,5,0.2405,132,0,23,67.89521739130434,48.00916862752612,47.526652173913035,4028.1365217391303,805.6273043478261,profile,4028.1365217391303,4932.0,10000.0,,,,,,none,,,,,0.0,0.0,12890.652173913042,23967.69427511348,0.0,A_OBSERVED,B_RECOVERED,0.3,0.0,0.0,0.0,12890.652173913042,23967.69427511348,85.93081212459657,
D12_I5_N,L5N-101,AM,6,0.4051,36,0,23,70.83652777777777,50.088989147375905,49.58556944444444,6699.993428571428,1116.6655714285714,profile,6699.993428571428,7271.820000000007,12000.0,,,,,,none,,,,,0.0,0.0,17515.532539682536,16785.38390443594,0.0,A_OBSERVED,B_RECOVERED,0.3,0.0,0.0,0.0,17515.532539682536,16785.38390443594,-4.168577995515677,
D12_I5_N,L5N-101,MD,6,0.4051,72,0,23,70.83652777777777,50.088989147375905,49.58556944444444,6699.993428571428,1116.6655714285714,profile,6699.993428571428,7271.820000000007,12000.0,,,,,,none,,,,,0.0,0.0,32812.09735591206,38083.33927340273,0.0,A_OBSERVED,B_RECOVERED,0.3,0.0,0.0,0.0,32812.09735591206,38083.33927340273,16.06493440609306,
D12_I5_N,L5N-101,PM,6,0.4051,48,0,23,70.83652777777777,50.088989147375905,49.58556944444444,6699.993428571428,1116.6655714285714,profile,6699.993428571428,7271.820000000007,12000.0,,,,,,none,,,,,0.0,0.0,25056.66171377642,23647.23719059158,0.0,A_OBSERVED,B_RECOVERED,0.3,0.0,0.0,0.0,25056.66171377642,23647.23719059158,-5.624949321999759,
D12_I5_N,L5N-101,NT,6,0.4051,132,0,23,70.83652777777777,50.088989147375905,49.58556944444444,6699.993428571428,1116.6655714285714,profile,6699.993428571428,7271.820000000007,12000.0,,,,,,none,,,,,0.0,0.0,37477.972222222226,40685.48814360787,0.0,A_OBSERVED,B_RECOVERED,0.3,0.0,0.0,0.0,37477.972222222226,40685.48814360787,8.558403059714575,
D12_I5_N,L5N-106,AM,5,0.0901,36,0,23,71.3258695652174,50.435006043592416,49.92810869565218,9657.946956521739,1931.5893913043478,profile,9657.946956521739,9958.620000000004,10000.0,,,,,,none,,,,,0.0,0.0,23500.0,23087.497737658927,0.0,A_OBSERVED,B_RECOVERED,0.3,0.0,0.0,0.0,23500.0,23087.497737658927,-1.7553287759194605,
D12_I5_N,L5N-106,MD,5,0.0901,72,0,23,71.3258695652174,50.435006043592416,49.92810869565218,9657.946956521739,1931.5893913043478,profile,9657.946956521739,9958.620000000004,10000.0,,,,,,none,,,,,0.0,0.0,43022.17391304347,50394.84801023344,0.0,A_OBSERVED,B_RECOVERED,0.3,0.0,0.0,0.0,43022.17391304347,50394.84801023344,17.136916679504942,
D12_I5_N,L5N-106,PM,5,0.0901,48,0,23,71.3258695652174,50.435006043592416,49.92810869565218,9657.946956521739,1931.5893913043478,profile,9657.946956521739,9958.620000000004,10000.0,,,,,,none,,,,,0.0,0.0,26316.78260869565,29835.23717603781,0.0,A_OBSERVED,B_RECOVERED,0.3,0.0,0.0,0.0,26316.78260869565,29835.23717603781,13.369622797961572,
D12_I5_N,L5N-106,NT,5,0.0901,132,0,23,71.3258695652174,50.435006043592416,49.92810869565218,9657.946956521739,1931.5893913043478,profile,9657.946956521739,9958.620000000004,10000.0,,,,,,none,,,,,0.0,0.0,26565.347826086952,57433.36257966131,0.0,A_OBSERVED,B_RECOVERED,0.3,0.0,0.0,0.0,26565.347826086952,57433.36257966131,116.19653902390175,
D12_I5_N,L5N-114,AM,5,0.1839,36,0,23,68.31824999999999,48.308297853797846,47.82277499999999,6491.5199999999995,1298.3039999999999,profile,6491.5199999999995,6864.0,10000.0,,,,,,none,,,,,0.0,0.0,16526.6,15083.834355746892,0.0,A_OBSERVED,B_RECOVERED,0.3,0.0,0.0,0.0,16526.6,15083.834355746892,-8.729960453167052,
D12_I5_N,L5N-114,MD,5,0.1839,72,0,23,68.31824999999999,48.308297853797846,47.82277499999999,6491.5199999999995,1298.3039999999999,profile,6491.5199999999995,6864.0,10000.0,,,,,,none,,,,,0.0,0.0,31717.984210526312,34957.618152594376,0.0,A_OBSERVED,B_RECOVERED,0.3,0.0,0.0,0.0,31717.984210526312,34957.618152594376,10.213870845527817,
D12_I5_N,L5N-114,PM,5,0.1839,48,0,23,68.31824999999999,48.308297853797846,47.82277499999999,6491.5199999999995,1298.3039999999999,profile,6491.5199999999995,6864.0,10000.0,,,,,,none,,,,,0.0,0.0,20045.25,21123.83174554413,0.0,A_OBSERVED,B_RECOVERED,0.3,0.0,0.0,0.0,20045.25,21123.83174554413,5.380734815201249,
D12_I5_N,L5N-114,NT,5,0.1839,132,0,23,68.31824999999999,48.308297853797846,47.82277499999999,6491.5199999999995,1298.3039999999999,profile,6491.5199999999995,6864.0,10000.0,,,,,,none,,,,,0.0,0.0,19087.499999999996,34275.371482378454,0.0,A_OBSERVED,B_RECOVERED,0.3,0.0,0.0,0.0,19087.499999999996,34275.371482378454,79.56972616832199,
D12_I5_N,L5N-115,AM,5,0.3393,36,0,23,68.14326086956521,48.18456185303348,47.700282608695645,6030.109565217391,1206.0219130434782,profile,6030.109565217391,6442.620000000003,10000.0,,,,,,none,,,,,0.0,0.0,15411.82608695652,10366.293401655315,0.0,A_OBSERVED,B_RECOVERED,0.3,0.0,0.0,0.0,15411.82608695652,10366.293401655315,-32.73805879221144,
D12_I5_N,L5N-115,MD,5,0.3393,72,0,23,68.14326086956521,48.18456185303348,47.700282608695645,6030.109565217391,1206.0219130434782,profile,6030.109565217391,6442.620000000003,10000.0,,,,,,none,,,,,0.0,0.0,30524.95652173913,26743.240843115476,0.0,A_OBSERVED,B_RECOVERED,0.3,0.0,0.0,0.0,30524.95652173913,26743.240843115476,-12.388930598248047,
D12_I5_N,L5N-115,PM,5,0.3393,48,0,23,68.14326086956521,48.18456185303348,47.700282608695645,6030.109565217391,1206.0219130434782,profile,6030.109565217391,6442.620000000003,10000.0,,,,,,none,,,,,0.0,0.0,19993.91304347826,17143.29804311928,0.0,A_OBSERVED,B_RECOVERED,0.3,0.0,0.0,0.0,19993.91304347826,17143.29804311928,-14.257414214816796,
D12_I5_N,L5N-115,NT,5,0.3393,132,0,23,68.14326086956521,48.18456185303348,47.700282608695645,6030.109565217391,1206.0219130434782,profile,6030.109565217391,6442.620000000003,10000.0,,,,,,none,,,,,0.0,0.0,18811.82608695652,29116.875825623552,0.0,A_OBSERVED,B_RECOVERED,0.3,0.0,0.0,0.0,18811.82608695652,29116.875825623552,54.779635379535016,
D12_I5_N,L5N-116,AM,6,0.6425,36,0,23,71.80239130434784,50.771957796714354,50.26167391304348,7340.788695652173,1223.4647826086955,profile,7340.788695652173,7680.0,12000.0,,,,,,none,,,,,0.0,0.0,18802.260869565216,16961.896052836386,0.0,A_OBSERVED,B_RECOVERED,0.3,0.0,0.0,0.0,18802.260869565216,16961.896052836386,-9.787997462091306,
D12_I5_N,L5N-116,MD,6,0.6425,72,0,23,71.80239130434784,50.771957796714354,50.26167391304348,7340.788695652173,1223.4647826086955,profile,7340.788695652173,7680.0,12000.0,,,,,,none,,,,,0.0,0.0,38199.78260869565,40827.10451593708,0.0,A_OBSERVED,B_RECOVERED,0.3,0.0,0.0,0.0,38199.78260869565,40827.10451593708,6.877845180834499,
D12_I5_N,L5N-116,PM,6,0.6425,48,0,23,71.80239130434784,50.771957796714354,50.26167391304348,7340.788695652173,1223.4647826086955,profile,7340.788695652173,7680.0,12000.0,,,,,,none,,,,,0.0,0.0,25040.695652173912,23841.279007011442,0.0,A_OBSERVED,B_RECOVERED,0.3,0.0,0.0,0.0,25040.695652173912,23841.279007011442,-4.789869506114708,
D12_I5_N,L5N-116,NT,6,0.6425,132,0,23,71.80239130434784,50.771957796714354,50.26167391304348,7340.788695652173,1223.4647826086955,profile,7340.788695652173,7680.0,12000.0,,,,,,none,,,,,0.0,0.0,22981.043478260868,43100.39448783451,0.0,A_OBSERVED,B_RECOVERED,0.3,0.0,0.0,0.0,22981.043478260868,43100.39448783451,87.54759560246133,
D12_I5_N,L5N-117,AM,5,0.6798,36,0,23,69.32225,49.01823306210915,48.525574999999996,5493.6765,1098.7352999999998,profile,5493.6765,5940.0,10000.0,,,,,,none,,,,,0.0,0.0,14277.625,12708.251735124164,0.0,A_OBSERVED,B_RECOVERED,0.3,0.0,0.0,0.0,14277.625,12708.251735124164,-10.991836981821807,
D12_I5_N,L5N-117,MD,5,0.6798,72,0,23,69.32225,49.01823306210915,48.525574999999996,5493.6765,1098.7352999999998,profile,5493.6765,5940.0,10000.0,,,,,,none,,,,,0.0,0.0,29082.975,29717.492295409993,0.0,A_OBSERVED,B_RECOVERED,0.3,0.0,0.0,0.0,29082.975,29717.492295409993,2.181748240714694,
D12_I5_N,L5N-117,PM,5,0.6798,48,0,23,69.32225,49.01823306210915,48.525574999999996,5493.6765,1098.7352999999998,profile,5493.6765,5940.0,10000.0,,,,,,none,,,,,0.0,0.0,18817.649999999998,17726.398726077678,0.0,A_OBSERVED,B_RECOVERED,0.3,0.0,0.0,0.0,18817.649999999998,17726.398726077678,-5.79908370026183,
D12_I5_N,L5N-117,NT,5,0.6798,132,0,23,69.32225,49.01823306210915,48.525574999999996,5493.6765,1098.7352999999998,profile,5493.6765,5940.0,10000.0,,,,,,none,,,,,0.0,0.0,18504.85,30409.641504914405,0.0,A_OBSERVED,B_RECOVERED,0.3,0.0,0.0,0.0,18504.85,30409.641504914405,64.3333585785046,
D12_I5_N,L5N-119,AM,5,0.2877,36,0,23,67.82152173913045,47.95705793212999,47.47506521739131,5592.464347826087,1118.4928695652175,profile,5592.464347826087,6156.0,10000.0,,,,,,none,,,,,0.0,0.0,14190.130434782608,11140.346032572535,0.0,A_OBSERVED,B_RECOVERED,0.3,0.0,0.0,0.0,14190.130434782608,11140.346032572535,-21.492292944217713,
D12_I5_N,L5N-119,MD,5,0.2877,72,0,23,67.82152173913045,47.95705793212999,47.47506521739131,5592.464347826087,1118.4928695652175,profile,5592.464347826087,6156.0,10000.0,,,,,,none,,,,,0.0,0.0,29908.086956521736,29299.677529965487,0.0,A_OBSERVED,B_RECOVERED,0.3,0.0,0.0,0.0,29908.086956521736,29299.677529965487,-2.0342639348371283,
D12_I5_N,L5N-119,PM,5,0.2877,48,0,23,67.82152173913045,47.95705793212999,47.47506521739131,5592.464347826087,1118.4928695652175,profile,5592.464347826087,6156.0,10000.0,,,,,,none,,,,,0.0,0.0,19472.347826086952,17276.769073207284,0.0,A_OBSERVED,B_RECOVERED,0.3,0.0,0.0,0.0,19472.347826086952,17276.769073207284,-11.275367369610501,
D12_I5_N,L5N-119,NT,5,0.2877,132,0,23,67.82152173913045,47.95705793212999,47.47506521739131,5592.464347826087,1118.4928695652175,profile,5592.464347826087,6156.0,10000.0,,,,,,none,,,,,0.0,0.0,18035.47826086956,31139.77890843632,0.0,A_OBSERVED,B_RECOVERED,0.3,0.0,0.0,0.0,18035.47826086956,31139.77890843632,72.65845938778533,
D12_I5_N,L5N-122,AM,5,0.43,36,0,23,69.26837499999999,48.98013768427272,48.48786249999999,5207.4255,1041.4851,profile,5207.4255,6168.0,10000.0,,,,,,none,,,,,0.0,0.0,12937.399999999998,10262.34742928055,0.0,A_OBSERVED,B_RECOVERED,0.3,0.0,0.0,0.0,12937.399999999998,10262.34742928055,-20.676894667548726,
D12_I5_N,L5N-122,MD,5,0.43,72,0,23,69.26837499999999,48.98013768427272,48.48786249999999,5207.4255,1041.4851,profile,5207.4255,6168.0,10000.0,,,,,,none,,,,,0.0,0.0,29469.774999999998,28427.19746624024,0.0,A_OBSERVED,B_RECOVERED,0.3,0.0,0.0,0.0,29469.774999999998,28427.19746624024,-3.537785862836614,
D12_I5_N,L5N-122,PM,5,0.43,48,0,23,69.26837499999999,48.98013768427272,48.48786249999999,5207.4255,1041.4851,profile,5207.4255,6168.0,10000.0,,,,,,none,,,,,0.0,0.0,18705.475,16532.019026050435,0.0,A_OBSERVED,B_RECOVERED,0.3,0.0,0.0,0.0,18705.475,16532.019026050435,-11.619357294853852,
D12_I5_N,L5N-122,NT,5,0.43,132,0,23,69.26837499999999,48.98013768427272,48.48786249999999,5207.4255,1041.4851,profile,5207.4255,6168.0,10000.0,,,,,,none,,,,,0.0,0.0,17137.299999999996,31052.71329837133,0.0,A_OBSERVED,B_RECOVERED,0.3,0.0,0.0,0.0,17137.299999999996,31052.71329837133,81.19956643328493,
D12_I5_N,L5N-125,AM,5,0.2517,36,0,23,69.03478260869565,48.81496292034784,48.32434782608695,4608.860869565217,921.7721739130435,profile,4608.860869565217,5616.0,10000.0,,,,,,none,,,,,0.0,0.0,11670.73913043478,8296.41818995673,0.0,A_OBSERVED,B_RECOVERED,0.3,0.0,0.0,0.0,11670.73913043478,8296.41818995673,-28.912658425193875,
D12_I5_N,L5N-125,MD,5,0.2517,72,0,23,69.03478260869565,48.81496292034784,48.32434782608695,4608.860869565217,921.7721739130435,profile,4608.860869565217,5616.0,10000.0,,,,,,none,,,,,0.0,0.0,26037.82608695652,25022.80892697363,0.0,A_OBSERVED,B_RECOVERED,0.3,0.0,0.0,0.0,26037.82608695652,25022.80892697363,-3.8982408001079487,
D12_I5_N,L5N-125,PM,5,0.2517,48,0,23,69.03478260869565,48.81496292034784,48.32434782608695,4608.860869565217,921.7721739130435,profile,4608.860869565217,5616.0,10000.0,,,,,,none,,,,,0.0,0.0,16432.82608695652,14731.850565558481,0.0,A_OBSERVED,B_RECOVERED,0.3,0.0,0.0,0.0,16432.82608695652,14731.850565558481,-10.35108332795039,
D12_I5_N,L5N-125,NT,5,0.2517,132,0,23,69.03478260869565,48.81496292034784,48.32434782608695,4608.860869565217,921.7721739130435,profile,4608.860869565217,5616.0,10000.0,,,,,,none,,,,,0.0,0.0,15772.521739130429,26415.27755164252,0.0,A_OBSERVED,B_RECOVERED,0.3,0.0,0.0,0.0,15772.521739130429,26415.27755164252,67.47656455028509,
D12_I5_N,L5N-128,AM,6,0.3082,36,0,23,72.3421052631579,51.153593196889986,50.63947368421053,7257.824210526316,1209.6373684210528,profile,7257.824210526316,7680.0,12000.0,,,,,,none,,,,,0.0,0.0,18182.684210526313,18121.552931266106,0.0,A_OBSERVED,B_RECOVERED,0.3,0.0,0.0,0.0,18182.684210526313,18121.552931266106,-0.33620602190746635,
D12_I5_N,L5N-128,MD,6,0.3082,72,4,23,72.3421052631579,51.153593196889986,50.63947368421053,7257.824210526316,1209.6373684210528,profile,7257.824210526316,7680.0,12000.0,,,,,,spillover_from_PM,,,,,2296.6666666666665,2401.7486339091392,38241.82456140351,40942.98822100584,0.3164401065729476,A_OBSERVED,B_RECOVERED,0.3,0.3164401065729476,2296.6666666666665,2401.7486339091392,38241.82456140351,40942.98822100584,7.063375481117985,4.575412216653385
D12_I5_N,L5N-128,PM,6,0.3082,48,48,23,72.3421052631579,51.153593196889986,50.63947368421053,7257.824210526316,1209.6373684210528,profile,7257.824210526316,7680.0,12000.0,14:40,16:00,19:30,4.833333333333333,normal,own_episode,38.6421052631579,0.24458668789063198,6561.157894736842,0.9040116851026687,26382.441520467837,28029.620638990644,26382.441520467837,28029.620638990644,3.635034516571001,A_OBSERVED,B_RECOVERED,0.3,3.635034516571001,26382.441520467837,28029.620638990644,26382.441520467837,28029.620638990644,6.243467335064133,6.243467335064133
D12_I5_N,L5N-128,NT,6,0.3082,132,6,23,72.3421052631579,51.153593196889986,50.63947368421053,7257.824210526316,1209.6373684210528,profile,7257.824210526316,7680.0,12000.0,,,,,,spillover_from_PM,,,,,3230.263157894737,3594.9922635382286,33908.186842105264,43971.12967186056,0.4450732153597432,A_OBSERVED,B_RECOVERED,0.3,0.4450732153597432,3230.263157894737,3594.9922635382286,33908.186842105264,43971.12967186056,29.677030142053194,11.291002863097903
D12_I5_N,L5N-129,AM,5,0.5157,36,0,23,68.32173913043476,48.310765041588716,47.825217391304335,6686.851304347826,1337.3702608695653,profile,6686.851304347826,7308.0,10000.0,,,,,,none,,,,,0.0,0.0,15716.391304347826,11785.073403271279,0.0,A_OBSERVED,B_RECOVERED,0.3,0.0,0.0,0.0,15716.391304347826,11785.073403271279,-25.014125857180563,
D12_I5_N,L5N-129,MD,5,0.5157,72,0,23,68.32173913043476,48.310765041588716,47.825217391304335,6686.851304347826,1337.3702608695653,profile,6686.851304347826,7308.0,10000.0,,,,,,none,,,,,0.0,0.0,35047.83201581027,30647.194233814465,0.0,A_OBSERVED,B_RECOVERED,0.3,0.0,0.0,0.0,35047.83201581027,30647.194233814465,-12.556091286932256,
D12_I5_N,L5N-129,PM,5,0.5157,48,0,23,68.32173913043476,48.310765041588716,47.825217391304335,6686.851304347826,1337.3702608695653,profile,6686.851304347826,7308.0,10000.0,,,,,,none,,,,,0.0,0.0,26133.341897233204,23824.574401229773,0.0,A_OBSERVED,B_RECOVERED,0.3,0.0,0.0,0.0,26133.341897233204,23824.574401229773,-8.834566604923442,
D12_I5_N,L5N-129,NT,5,0.5157,132,0,23,68.32173913043476,48.310765041588716,47.825217391304335,6686.851304347826,1337.3702608695653,profile,6686.851304347826,7308.0,10000.0,,,,,,none,,,,,0.0,0.0,33632.565217391304,39307.85197230656,0.0,A_OBSERVED,B_RECOVERED,0.3,0.0,0.0,0.0,33632.565217391304,39307.85197230656,16.874379691920087,
D12_I5_N,L5N-130,AM,6,0.0746,36,0,23,70.06045454545455,49.54022250210279,49.04231818181818,6240.7472727272725,1040.1245454545453,profile,6240.7472727272725,6597.359999999997,12000.0,,,,,,none,,,,,0.0,0.0,16033.090909090908,12945.979773320138,0.0,A_OBSERVED,B_RECOVERED,0.3,0.0,0.0,0.0,16033.090909090908,12945.979773320138,-19.254622538317616,
D12_I5_N,L5N-130,MD,6,0.0746,72,0,23,70.06045454545455,49.54022250210279,49.04231818181818,6240.7472727272725,1040.1245454545453,profile,6240.7472727272725,6597.359999999997,12000.0,,,,,,none,,,,,0.0,0.0,31213.690909090907,32127.289898701118,0.0,A_OBSERVED,B_RECOVERED,0.3,0.0,0.0,0.0,31213.690909090907,32127.289898701118,2.926917525617349,
D12_I5_N,L5N-130,PM,6,0.0746,48,0,23,70.06045454545455,49.54022250210279,49.04231818181818,6240.7472727272725,1040.1245454545453,profile,6240.7472727272725,6597.359999999997,12000.0,,,,,,none,,,,,0.0,0.0,23828.02727272727,21000.921854424232,0.0,A_OBSERVED,B_RECOVERED,0.3,0.0,0.0,0.0,23828.02727272727,21000.921854424232,-11.864622219644868,
D12_I5_N,L5N-130,NT,6,0.0746,132,0,23,70.06045454545455,49.54022250210279,49.04231818181818,6240.7472727272725,1040.1245454545453,profile,6240.7472727272725,6597.359999999997,12000.0,,,,,,none,,,,,0.0,0.0,42824.454545454544,38918.33829617675,0.0,A_OBSERVED,B_RECOVERED,0.3,0.0,0.0,0.0,42824.454545454544,38918.33829617675,-9.121228257867902,
D12_I5_N,L5N-131,AM,6,0.2728,36,0,23,71.68833333333333,50.691306631961616,50.18183333333333,9652.809230769233,1608.801538461539,profile,9652.809230769233,10104.0,12000.0,,,,,,none,,,,,0.0,0.0,25106.307692307688,24532.847656278915,0.0,A_OBSERVED,B_RECOVERED,0.3,0.0,0.0,0.0,25106.307692307688,24532.847656278915,-2.2841273318914808,
D12_I5_N,L5N-131,MD,6,0.2728,72,14,23,71.68833333333333,50.691306631961616,50.18183333333333,9652.809230769233,1608.801538461539,profile,9652.809230769233,10104.0,12000.0,,,,,,spillover_from_PM,,,,,9250.636363636364,11131.083234735743,48286.4796037296,55762.452786673006,0.958336184056046,A_OBSERVED,B_RECOVERED,0.3,0.958336184056046,9250.636363636364,11131.083234735743,48286.4796037296,55762.452786673006,15.482539303540307,20.327756893474813
D12_I5_N,L5N-131,PM,6,0.2728,48,48,23,71.68833333333333,50.691306631961616,50.18183333333333,9652.809230769233,1608.801538461539,profile,9652.809230769233,10104.0,12000.0,13:50,16:55,19:45,5.916666666666666,normal,own_episode,34.40833333333334,0.32121825970770346,6714.5,0.695600611125402,27664.37121212121,36498.515636807046,27664.37121212121,36498.515636807046,2.865939909382901,A_OBSERVED,B_RECOVERED,0.3,2.865939909382901,27664.37121212121,36498.515636807046,27664.37121212121,36498.515636807046,31.933291947785662,31.933291947785662
D12_I5_N,L5N-131,NT,6,0.2728,132,9,23,71.68833333333333,50.691306631961616,50.18183333333333,9652.809230769233,1608.801538461539,profile,9652.809230769233,10104.0,12000.0,,,,,,spillover_from_PM,,,,,5509.916666666666,7188.021737509955,39377.570512820515,60416.8239878188,0.5708096508427092,A_OBSERVED,B_RECOVERED,0.3,0.5708096508427092,5509.916666666666,7188.021737509955,39377.570512820515,60416.8239878188,53.429536665164115,30.456088038414777
D12_I5_N,L5N-132,AM,7,0.192,36,0,23,70.06349999999998,49.54237596366366,49.04444999999998,9312.82,1330.402857142857,profile,9312.82,9864.0,14000.0,,,,,,none,,,,,0.0,0.0,24363.03333333333,24111.07265108088,0.0,A_OBSERVED,B_RECOVERED,0.3,0.0,0.0,0.0,24363.03333333333,24111.07265108088,-1.0341925769469626,
D12_I5_N,L5N-132,MD,7,0.192,72,16,23,70.06349999999998,49.54237596366366,49.04444999999998,9312.82,1330.402857142857,profile,9312.82,9864.0,14000.0,,,,,,spillover_from_PM,,,,,10316.814814814814,12142.03691343412,47034.59587666484,54517.39116567333,1.1078078192013605,A_OBSERVED,B_RECOVERED,0.3,1.1078078192013605,10316.814814814814,12142.03691343412,47034.59587666484,54517.39116567333,15.909130608095461,17.691721053268402
D12_I5_N,L5N-132,PM,7,0.192,48,48,23,70.06349999999998,49.54237596366366,49.04444999999998,9312.82,1330.402857142857,profile,9312.82,9864.0,14000.0,13:40,17:40,19:50,6.166666666666666,long,own_episode,32.910714285714285,0.3357057741870857,6806.571428571429,0.730881884173798,27113.03703703704,34820.356713927154,27113.03703703704,34820.356713927154,2.911367022774739,A_OBSERVED,B_RECOVERED,0.3,2.911367022774739,27113.03703703704,34820.356713927154,27113.03703703704,34820.356713927154,28.426618775173495,28.426618775173495
D12_I5_N,L5N-132,NT,7,0.192,132,10,23,70.06349999999998,49.54237596366366,49.04444999999998,9312.82,1330.402857142857,profile,9312.82,9864.0,14000.0,,,,,,spillover_from_PM,,,,,5866.642857142857,7677.514993435388,39424.95714285714,64248.2592055491,0.6299534251862333,A_OBSERVED,B_RECOVERED,0.3,0.6299534251862333,5866.642857142857,7677.514993435388,39424.95714285714,64248.2592055491,62.963421806000206,30.86726395979135
D12_I5_N,L5N-133,AM,6,0.3815,36,12,23,70.90590909090909,50.13804914437869,49.63413636363636,8081.511818181818,1346.9186363636363,profile,8081.511818181818,8556.0,12000.0,07:55,08:30,08:55,1.0,normal,own_episode,45.95238095238095,0.08348286906705515,6278.0,0.7768348473952275,6461.595238095238,8052.07669552006,19228.888528138526,20286.408847733393,0.7995527796615869,A_OBSERVED,B_RECOVERED,0.3,0.7995527796615869,6461.595238095238,8052.07669552006,19228.888528138526,20286.408847733393,5.499643507982005,24.614377701158322
D12_I5_N,L5N-133,MD,6,0.3815,72,14,23,70.90590909090909,50.13804914437869,49.63413636363636,8081.511818181818,1346.9186363636363,profile,8081.511818181818,8556.0,12000.0,,,,,,spillover_from_PM,,,,,7329.521645021645,9221.408881824162,39700.79426406926,46705.2874236432,0.906949319622556,A_OBSERVED,B_RECOVERED,0.3,0.906949319622556,7329.521645021645,9221.408881824162,39700.79426406926,46705.2874236432,17.64320661441596,25.811878706811974
D12_I5_N,L5N-133,PM,6,0.3815,48,38,23,70.90590909090909,50.13804914437869,49.63413636363636,8081.511818181818,1346.9186363636363,profile,8081.511818181818,8556.0,12000.0,13:50,16:00,18:10,4.333333333333333,normal,own_episode,36.563636363636355,0.2707407450507925,5828.590909090909,0.7212253152903546,18208.431818181816,24686.240525115827,23082.877705627703,31291.882510473988,2.253097220895775,A_OBSERVED,B_RECOVERED,0.3,2.253097220895775,18208.431818181816,24686.240525115827,23082.877705627703,31291.882510473988,35.56317764853424,35.57587370300429
D12_I5_N,L5N-133,NT,6,0.3815,132,0,23,70.90590909090909,50.13804914437869,49.63413636363636,8081.511818181818,1346.9186363636363,profile,8081.511818181818,8556.0,12000.0,,,,,,none,,,,,0.0,0.0,27894.613636363636,54848.30092564068,0.0,A_OBSERVED,B_RECOVERED,0.3,0.0,0.0,0.0,27894.613636363636,54848.30092564068,96.62685291378264,
D12_I5_N,L5N-134,AM,7,0.0982,36,0,23,71.60817307692308,50.634624771072275,50.12572115384615,9295.486153846156,1327.9265934065936,profile,9295.486153846156,9650.580000000007,14000.0,,,,,,none,,,,,0.0,0.0,24081.53846153846,23435.729849036554,0.0,A_OBSERVED,B_RECOVERED,0.3,0.0,0.0,0.0,24081.53846153846,23435.729849036554,-2.681758117461443,
D12_I5_N,L5N-134,MD,7,0.0982,72,11,23,71.60817307692308,50.634624771072275,50.12572115384615,9295.486153846156,1327.9265934065936,profile,9295.486153846156,9650.580000000007,14000.0,,,,,,spillover_from_PM,,,,,6757.0,8112.617843063422,45896.68065268065,53150.818796436775,0.7269119536264581,A_OBSERVED,B_RECOVERED,0.3,0.7269119536264581,6757.0,8112.617843063422,45896.68065268065,53150.818796436775,15.80536553100914,20.062421830152758
D12_I5_N,L5N-134,PM,7,0.0982,48,48,23,71.60817307692308,50.634624771072275,50.12572115384615,9295.486153846156,1327.9265934065936,profile,9295.486153846156,9650.580000000007,14000.0,14:05,17:25,19:45,5.666666666666666,normal,own_episode,13.46666666666666,0.7340423331356409,6249.5,0.672315562259664,24829.166666666664,26513.542810751405,24829.166666666664,26513.542810751405,2.6710993116151545,A_OBSERVED,B_RECOVERED,0.3,2.6710993116151545,24829.166666666664,26513.542810751405,24829.166666666664,26513.542810751405,6.783860959562643,6.783860959562643
D12_I5_N,L5N-134,NT,7,0.0982,132,9,23,71.60817307692308,50.634624771072275,50.12572115384615,9295.486153846156,1327.9265934065936,profile,9295.486153846156,9650.580000000007,14000.0,,,,,,spillover_from_PM,,,,,5219.583333333333,6769.404808582138,37727.10256410256,59059.90976600347,0.561518058006428,A_OBSERVED,B_RECOVERED,0.3,0.561518058006428,5219.583333333333,6769.404808582138,37727.10256410256,59059.90976600347,56.54504521160638,29.692436661588022
D12_I5_N,L5N-135,AM,6,0.0472,36,0,23,68.99891304347825,48.7895993075444,48.29923913043478,6887.582608695652,1147.9304347826087,profile,6887.582608695652,7237.319999999996,12000.0,,,,,,none,,,,,0.0,0.0,17330.95652173913,16442.19880491297,0.0,A_OBSERVED,B_RECOVERED,0.3,0.0,0.0,0.0,17330.95652173913,16442.19880491297,-5.1281515576554835,
D12_I5_N,L5N-135,MD,6,0.0472,72,7,23,68.99891304347825,48.7895993075444,48.29923913043478,6887.582608695652,1147.9304347826087,profile,6887.582608695652,7237.319999999996,12000.0,,,,,,spillover_from_PM,,,,,3729.454545454546,3985.8624812040816,36089.770750988144,38717.62190078354,0.541475109241676,A_OBSERVED,B_RECOVERED,0.3,0.541475109241676,3729.454545454546,3985.8624812040816,36089.770750988144,38717.62190078354,7.281429322250389,6.875212785795856
D12_I5_N,L5N-135,PM,6,0.0472,48,48,23,68.99891304347825,48.7895993075444,48.29923913043478,6887.582608695652,1147.9304347826087,profile,6887.582608695652,7237.319999999996,12000.0,14:25,15:35,19:35,5.166666666666666,normal,own_episode,38.26818181818182,0.21564877840133512,5423.739130434782,0.7874662909432475,21897.108695652176,26905.900536075427,21897.108695652176,26905.900536075427,3.1792153996101367,A_OBSERVED,B_RECOVERED,0.3,3.1792153996101367,21897.108695652176,26905.900536075427,21897.108695652176,26905.900536075427,22.8742155416061,22.8742155416061
D12_I5_N,L5N-135,NT,6,0.0472,132,7,23,68.99891304347825,48.7895993075444,48.29923913043478,6887.582608695652,1147.9304347826087,profile,6887.582608695652,7237.319999999996,12000.0,,,,,,spillover_from_PM,,,,,3417.1739130434785,3969.4788531796735,31423.21739130435,43342.31705433997,0.49613545233261624,A_OBSERVED,B_RECOVERED,0.3,0.49613545233261624,3417.1739130434785,3969.4788531796735,31423.21739130435,43342.31705433997,37.93086975980363,16.16262309705768
D12_I5_N,L5N-138,AM,7,0.2082,36,0,23,70.72522727272727,50.01028780550521,49.50765909090909,7293.583636363636,1041.9405194805195,profile,7293.583636363636,8009.639999999992,14000.0,,,,,,none,,,,,0.0,0.0,16528.022077922076,17729.247432578606,0.0,A_OBSERVED,B_RECOVERED,0.3,0.0,0.0,0.0,16528.022077922076,17729.247432578606,7.267810685351828,
D12_I5_N,L5N-138,MD,7,0.2082,72,4,23,70.72522727272727,50.01028780550521,49.50765909090909,7293.583636363636,1041.9405194805195,profile,7293.583636363636,8009.639999999992,14000.0,14:40,14:55,17:55,3.25,normal,own_episode,33.94545454545455,0.32123057004847344,6598.636363636364,0.904717994969925,2148.9545454545455,2300.594082628051,35257.0512987013,41125.84608527826,0.29463630673137114,A_OBSERVED,B_RECOVERED,0.3,0.29463630673137114,2148.9545454545455,2300.594082628051,35257.0512987013,41125.84608527826,16.645733464366995,7.056432975478827
D12_I5_N,L5N-138,PM,7,0.2082,48,35,23,70.72522727272727,50.01028780550521,49.50765909090909,7293.583636363636,1041.9405194805195,profile,7293.583636363636,8009.639999999992,14000.0,,,,,,spillover_from_MD,,,,,19257.363636363636,20534.23089797185,26072.896103896102,27888.20461553081,2.640315734552238,A_OBSERVED,B_RECOVERED,0.3,2.640315734552238,19257.363636363636,20534.23089797185,26072.896103896102,27888.20461553081,6.96243525997652,6.630540325868435
D12_I5_N,L5N-138,NT,7,0.2082,132,0,23,70.72522727272727,50.01028780550521,49.50765909090909,7293.583636363636,1041.9405194805195,profile,7293.583636363636,8009.639999999992,14000.0,,,,,,none,,,,,0.0,0.0,26253.363636363636,47042.93641696336,0.0,A_OBSERVED,B_RECOVERED,0.3,0.0,0.0,0.0,26253.363636363636,47042.93641696336,79.18822543486964,
D12_I5_N,L5N-140,AM,5,0.3598,36,0,23,69.65702702702703,49.25495616810543,48.75991891891891,6422.205405405405,1284.441081081081,profile,6422.205405405405,6827.3399999999965,10000.0,,,,,,none,,,,,0.0,0.0,15509.681831831835,15707.45333996844,0.0,A_OBSERVED,B_RECOVERED,0.3,0.0,0.0,0.0,15509.681831831835,15707.45333996844,1.2751487121463878,
D12_I5_N,L5N-140,MD,5,0.3598,72,0,23,69.65702702702703,49.25495616810543,48.75991891891891,6422.205405405405,1284.441081081081,profile,6422.205405405405,6827.3399999999965,10000.0,,,,,,none,,,,,0.0,0.0,30189.354976404975,37121.446689517776,0.0,A_OBSERVED,B_RECOVERED,0.3,0.0,0.0,0.0,30189.354976404975,37121.446689517776,22.962039826722698,
D12_I5_N,L5N-140,PM,5,0.3598,48,0,23,69.65702702702703,49.25495616810543,48.75991891891891,6422.205405405405,1284.441081081081,profile,6422.205405405405,6827.3399999999965,10000.0,,,,,,none,,,,,0.0,0.0,21181.637564034623,24271.85974535479,0.0,A_OBSERVED,B_RECOVERED,0.3,0.0,0.0,0.0,21181.637564034623,24271.85974535479,14.589156159329313,
D12_I5_N,L5N-140,NT,5,0.3598,132,0,23,69.65702702702703,49.25495616810543,48.75991891891891,6422.205405405405,1284.441081081081,profile,6422.205405405405,6827.3399999999965,10000.0,,,,,,none,,,,,0.0,0.0,20621.978228228225,38821.07666479239,0.0,A_OBSERVED,B_RECOVERED,0.3,0.0,0.0,0.0,20621.978228228225,38821.07666479239,88.25098269016925,
D12_I5_N,L5N-142,AM,6,0.1572,36,0,23,72.25021739130433,51.08861865959353,50.57515217391303,6591.06,1098.51,profile,6591.06,7140.0,12000.0,,,,,,none,,,,,0.0,0.0,17344.782608695652,16085.510991148505,0.0,A_OBSERVED,B_RECOVERED,0.3,0.0,0.0,0.0,17344.782608695652,16085.510991148505,-7.260232923967708,
D12_I5_N,L5N-142,MD,6,0.1572,72,0,23,72.25021739130433,51.08861865959353,50.57515217391303,6591.06,1098.51,profile,6591.06,7140.0,12000.0,,,,,,none,,,,,0.0,0.0,32144.256916996048,36270.32892389459,0.0,A_OBSERVED,B_RECOVERED,0.3,0.0,0.0,0.0,32144.256916996048,36270.32892389459,12.836109472223972,
D12_I5_N,L5N-142,PM,6,0.1572,48,0,23,72.25021739130433,51.08861865959353,50.57515217391303,6591.06,1098.51,profile,6591.06,7140.0,12000.0,,,,,,none,,,,,0.0,0.0,24575.45256916996,23139.14869258579,0.0,A_OBSERVED,B_RECOVERED,0.3,0.0,0.0,0.0,24575.45256916996,23139.14869258579,-5.8444656208936765,
D12_I5_N,L5N-142,NT,6,0.1572,132,0,23,72.25021739130433,51.08861865959353,50.57515217391303,6591.06,1098.51,profile,6591.06,7140.0,12000.0,,,,,,none,,,,,0.0,0.0,34668.47826086957,37249.26136032127,0.0,A_OBSERVED,B_RECOVERED,0.3,0.0,0.0,0.0,34668.47826086957,37249.26136032127,7.444177618735108,
D12_I5_N,L5N-144,AM,6,0.2237,36,0,23,68.90239130434782,48.72134813127335,48.231673913043466,6946.70347826087,1157.7839130434784,profile,6946.70347826087,7260.0,12000.0,,,,,,none,,,,,0.0,0.0,15850.782608695652,15168.795568825233,0.0,A_OBSERVED,B_RECOVERED,0.3,0.0,0.0,0.0,15850.782608695652,15168.795568825233,-4.302544907128336,
D12_I5_N,L5N-144,MD,6,0.2237,72,0,23,68.90239130434782,48.72134813127335,48.231673913043466,6946.70347826087,1157.7839130434784,profile,6946.70347826087,7260.0,12000.0,,,,,,none,,,,,0.0,0.0,33395.266798418976,37460.03802980851,0.0,A_OBSERVED,B_RECOVERED,0.3,0.0,0.0,0.0,33395.266798418976,37460.03802980851,12.171698630004565,
D12_I5_N,L5N-144,PM,6,0.2237,48,0,23,68.90239130434782,48.72134813127335,48.231673913043466,6946.70347826087,1157.7839130434784,profile,6946.70347826087,7260.0,12000.0,,,,,,none,,,,,0.0,0.0,26482.25296442688,25150.630645615267,0.0,A_OBSERVED,B_RECOVERED,0.3,0.0,0.0,0.0,26482.25296442688,25150.630645615267,-5.0283573705015066,
D12_I5_N,L5N-144,NT,6,0.2237,132,0,23,68.90239130434782,48.72134813127335,48.231673913043466,6946.70347826087,1157.7839130434784,profile,6946.70347826087,7260.0,12000.0,,,,,,none,,,,,0.0,0.0,35317.782608695656,42047.79987767236,0.0,A_OBSERVED,B_RECOVERED,0.3,0.0,0.0,0.0,35317.782608695656,42047.79987767236,19.055605340635672,
D12_I5_N,L5N-145,AM,7,0.2896,36,0,23,69.00478260869565,48.79374971691224,48.30334782608695,11433.873913043477,1633.410559006211,profile,11433.873913043477,11892.0,14000.0,,,,,,none,,,,,0.0,0.0,28672.478260869568,26373.92176670075,0.0,A_OBSERVED,B_RECOVERED,0.3,0.0,0.0,0.0,28672.478260869568,26373.92176670075,-8.016595123923228,
D12_I5_N,L5N-145,MD,7,0.2896,72,0,23,69.00478260869565,48.79374971691224,48.30334782608695,11433.873913043477,1633.410559006211,profile,11433.873913043477,11892.0,14000.0,,,,,,none,,,,,0.0,0.0,51176.363636363625,60920.06966064973,0.0,A_OBSERVED,B_RECOVERED,0.3,0.0,0.0,0.0,51176.363636363625,60920.06966064973,19.039465354593236,
D12_I5_N,L5N-145,PM,7,0.2896,48,0,23,69.00478260869565,48.79374971691224,48.30334782608695,11433.873913043477,1633.410559006211,profile,11433.873913043477,11892.0,14000.0,,,,,,none,,,,,0.0,0.0,31066.264822134388,33625.20970899287,0.0,A_OBSERVED,B_RECOVERED,0.3,0.0,0.0,0.0,31066.264822134388,33625.20970899287,8.237053606248997,
D12_I5_N,L5N-145,NT,7,0.2896,132,0,23,69.00478260869565,48.79374971691224,48.30334782608695,11433.873913043477,1633.410559006211,profile,11433.873913043477,11892.0,14000.0,,,,,,none,,,,,0.0,0.0,32570.60869565218,61848.540475288304,0.0,A_OBSERVED,B_RECOVERED,0.3,0.0,0.0,0.0,32570.60869565218,61848.540475288304,89.89064973644292,
D12_I5_N,L5N-146,AM,5,0.2386,36,0,23,69.36652173913043,49.0495379090632,48.5565652173913,6237.5817391304345,1247.516347826087,profile,6237.5817391304345,6792.0,10000.0,,,,,,none,,,,,0.0,0.0,15725.82608695652,15027.011283769836,0.0,A_OBSERVED,B_RECOVERED,0.3,0.0,0.0,0.0,15725.82608695652,15027.011283769836,-4.443739866653507,
D12_I5_N,L5N-146,MD,5,0.2386,72,4,23,69.36652173913043,49.0495379090632,48.5565652173913,6237.5817391304345,1247.516347826087,profile,6237.5817391304345,6792.0,10000.0,,,,,,spillover_from_PM,,,,,2015.0,2046.002310977111,33385.638339920944,34876.51823249817,0.3230418588920818,A_OBSERVED,B_RECOVERED,0.3,0.3230418588920818,2015.0,2046.002310977111,33385.638339920944,34876.51823249817,4.46563242972205,1.5385762271519074
D12_I5_N,L5N-146,PM,5,0.2386,48,48,23,69.36652173913043,49.0495379090632,48.5565652173913,6237.5817391304345,1247.516347826087,profile,6237.5817391304345,6792.0,10000.0,14:40,16:10,19:30,4.833333333333333,normal,own_episode,34.75652173913044,0.2913996090326417,5939.739130434783,0.9522503077070421,23869.266798418976,23573.004617719183,23869.266798418976,23573.004617719183,3.826686013375839,A_OBSERVED,B_RECOVERED,0.3,3.826686013375839,23869.266798418976,23573.004617719183,23869.266798418976,23573.004617719183,-1.241186766237058,-1.241186766237058
D12_I5_N,L5N-146,NT,5,0.2386,132,6,23,69.36652173913043,49.0495379090632,48.5565652173913,6237.5817391304345,1247.516347826087,profile,6237.5817391304345,6792.0,10000.0,,,,,,spillover_from_PM,,,,,2908.173913043478,3068.20356126919,30639.869565217385,39412.95143729387,0.4662341969483993,A_OBSERVED,B_RECOVERED,0.3,0.4662341969483993,2908.173913043478,3068.20356126919,30639.869565217385,39412.95143729387,28.632895624450562,5.502753721431902
D12_I5_N,L5N-147,AM,6,0.4418,36,0,23,71.70631578947369,50.70402214864085,50.19442105263158,7862.488421052632,1310.4147368421052,profile,7862.488421052632,8160.0,12000.0,,,,,,none,,,,,0.0,0.0,18246.78947368421,18836.367773253136,0.0,A_OBSERVED,B_RECOVERED,0.3,0.0,0.0,0.0,18246.78947368421,18836.367773253136,3.231134443783793,
D12_I5_N,L5N-147,MD,6,0.4418,72,0,23,71.70631578947369,50.70402214864085,50.19442105263158,7862.488421052632,1310.4147368421052,profile,7862.488421052632,8160.0,12000.0,,,,,,none,,,,,0.0,0.0,37499.39473684211,43449.288037854116,0.0,A_OBSERVED,B_RECOVERED,0.3,0.0,0.0,0.0,37499.39473684211,43449.288037854116,15.866638229140284,
D12_I5_N,L5N-147,PM,6,0.4418,48,0,23,71.70631578947369,50.70402214864085,50.19442105263158,7862.488421052632,1310.4147368421052,profile,7862.488421052632,8160.0,12000.0,,,,,,none,,,,,0.0,0.0,29783.897660818715,28812.16542279137,0.0,A_OBSERVED,B_RECOVERED,0.3,0.0,0.0,0.0,29783.897660818715,28812.16542279137,-3.2626093773672737,
D12_I5_N,L5N-147,NT,6,0.4418,132,0,23,71.70631578947369,50.70402214864085,50.19442105263158,7862.488421052632,1310.4147368421052,profile,7862.488421052632,8160.0,12000.0,,,,,,none,,,,,0.0,0.0,39069.677192982446,47286.86823696531,0.0,A_OBSERVED,B_RECOVERED,0.3,0.0,0.0,0.0,39069.677192982446,47286.86823696531,21.03214470750428,
D12_I5_N,L5N-148,AM,5,0.6046,36,0,23,68.38021739130436,48.3521154164016,47.866152173913044,7355.870869565218,1471.1741739130434,profile,7355.870869565218,7824.0,10000.0,,,,,,none,,,,,0.0,0.0,16172.58695652174,16923.22257446964,0.0,A_OBSERVED,B_RECOVERED,0.3,0.0,0.0,0.0,16172.58695652174,16923.22257446964,4.6414072155920625,
D12_I5_N,L5N-148,MD,5,0.6046,72,0,23,68.38021739130436,48.3521154164016,47.866152173913044,7355.870869565218,1471.1741739130434,profile,7355.870869565218,7824.0,10000.0,,,,,,none,,,,,0.0,0.0,34356.09980237154,40569.85800983872,0.0,A_OBSERVED,B_RECOVERED,0.3,0.0,0.0,0.0,34356.09980237154,40569.85800983872,18.0863318106855,
D12_I5_N,L5N-148,PM,5,0.6046,48,0,23,68.38021739130436,48.3521154164016,47.866152173913044,7355.870869565218,1471.1741739130434,profile,7355.870869565218,7824.0,10000.0,,,,,,none,,,,,0.0,0.0,27916.79841897233,28752.104959165215,0.0,A_OBSERVED,B_RECOVERED,0.3,0.0,0.0,0.0,27916.79841897233,28752.104959165215,2.9921287092334,
D12_I5_N,L5N-148,NT,5,0.6046,132,0,23,68.38021739130436,48.3521154164016,47.866152173913044,7355.870869565218,1471.1741739130434,profile,7355.870869565218,7824.0,10000.0,,,,,,none,,,,,0.0,0.0,37325.28260869565,45671.956463747,0.0,A_OBSERVED,B_RECOVERED,0.3,0.0,0.0,0.0,37325.28260869565,45671.956463747,22.36198434866461,
D12_I5_N,L5N-152,AM,6,0.4113,36,0,23,72.35763157894738,51.16457196007157,50.650342105263164,8118.271578947369,1353.0452631578949,profile,8118.271578947369,8400.0,12000.0,,,,,,none,,,,,0.0,0.0,18036.210526315786,18266.00414250238,0.0,A_OBSERVED,B_RECOVERED,0.3,0.0,0.0,0.0,18036.210526315786,18266.00414250238,1.2740681633279536,
D12_I5_N,L5N-152,MD,6,0.4113,72,0,23,72.35763157894738,51.16457196007157,50.650342105263164,8118.271578947369,1353.0452631578949,profile,8118.271578947369,8400.0,12000.0,,,,,,none,,,,,0.0,0.0,38211.997076023385,44255.317964562535,0.0,A_OBSERVED,B_RECOVERED,0.3,0.0,0.0,0.0,38211.997076023385,44255.317964562535,15.81524482092853,
D12_I5_N,L5N-152,PM,6,0.4113,48,0,23,72.35763157894738,51.16457196007157,50.650342105263164,8118.271578947369,1353.0452631578949,profile,8118.271578947369,8400.0,12000.0,,,,,,none,,,,,0.0,0.0,30810.01461988304,30936.477104676633,0.0,A_OBSERVED,B_RECOVERED,0.3,0.0,0.0,0.0,30810.01461988304,30936.477104676633,0.41045902234652065,
D12_I5_N,L5N-152,NT,6,0.4113,132,0,23,72.35763157894738,51.16457196007157,50.650342105263164,8118.271578947369,1353.0452631578949,profile,8118.271578947369,8400.0,12000.0,,,,,,none,,,,,0.0,0.0,39851.26578947368,49256.371413238,0.0,A_OBSERVED,B_RECOVERED,0.3,0.0,0.0,0.0,39851.26578947368,49256.371413238,23.600519174095062,
D12_I5_N,L5N-157,AM,6,0.0951,36,0,23,71.83875,50.7976672769651,50.287125,8463.0975,1410.51625,profile,8463.0975,9000.0,12000.0,,,,,,none,,,,,0.0,0.0,21837.151190476186,23176.216496340105,0.0,A_OBSERVED,B_RECOVERED,0.3,0.0,0.0,0.0,21837.151190476186,23176.216496340105,6.1320512652214605,
D12_I5_N,L5N-157,MD,6,0.0951,72,3,23,71.83875,50.7976672769651,50.287125,8463.0975,1410.51625,profile,8463.0975,9000.0,12000.0,,,,,,spillover_from_PM,,,,,1730.9232142857145,2114.3078617263664,41364.04285714285,49532.19904524973,0.20452596868767192,A_OBSERVED,B_RECOVERED,0.3,0.20452596868767192,1730.9232142857145,2114.3078617263664,41364.04285714285,49532.19904524973,19.746996724466403,22.149142392712086
D12_I5_N,L5N-157,PM,6,0.0951,48,48,23,71.83875,50.7976672769651,50.287125,8463.0975,1410.51625,profile,8463.0975,9000.0,12000.0,14:45,17:35,19:05,4.333333333333333,normal,own_episode,41.51875,0.18266423980403435,6040.875,0.713790075087756,24559.20952380952,33384.987304548005,24559.20952380952,33384.987304548005,2.901917356359125,A_OBSERVED,B_RECOVERED,0.3,2.901917356359125,24559.20952380952,33384.987304548005,24559.20952380952,33384.987304548005,35.93673392534121,35.93673392534121
D12_I5_N,L5N-157,NT,6,0.0951,132,1,23,71.83875,50.7976672769651,50.287125,8463.0975,1410.51625,profile,8463.0975,9000.0,12000.0,,,,,,spillover_from_PM,,,,,529.125,705.1427254685107,31726.125,56064.23387039599,0.06252143497106114,A_OBSERVED,B_RECOVERED,0.3,0.06252143497106114,529.125,705.1427254685107,31726.125,56064.23387039599,76.71314687941245,33.265811569763414
D12_I5_N,L5N-159,AM,5,0.5139,36,0,23,70.41521739130435,49.79107771611623,49.290652173913045,8305.424347826087,1661.0848695652173,profile,8305.424347826087,8689.319999999996,10000.0,,,,,,none,,,,,0.0,0.0,22019.652173913044,21153.729227330983,0.0,A_OBSERVED,B_RECOVERED,0.3,0.0,0.0,0.0,22019.652173913044,21153.729227330983,-3.9325005669614095,
D12_I5_N,L5N-159,MD,5,0.5139,72,0,23,70.41521739130435,49.79107771611623,49.290652173913045,8305.424347826087,1661.0848695652173,profile,8305.424347826087,8689.319999999996,10000.0,,,,,,none,,,,,0.0,0.0,42876.23517786561,47842.86273190699,0.0,A_OBSERVED,B_RECOVERED,0.3,0.0,0.0,0.0,42876.23517786561,47842.86273190699,11.583637260683167,
D12_I5_N,L5N-159,PM,5,0.5139,48,34,23,70.41521739130435,49.79107771611623,49.290652173913045,8305.424347826087,1661.0848695652173,profile,8305.424347826087,8689.319999999996,10000.0,16:00,17:40,18:50,2.833333333333333,normal,own_episode,43.47826086956522,0.1267861057867341,6779.217391304348,0.8162397377177703,19417.391304347824,23349.4999005958,27931.553359683796,32918.300129405245,2.3379168229291323,A_OBSERVED,B_RECOVERED,0.3,2.3379168229291323,19417.391304347824,23349.4999005958,27931.553359683796,32918.300129405245,17.853453066163098,20.2504473161002
D12_I5_N,L5N-159,NT,5,0.5139,132,0,23,70.41521739130435,49.79107771611623,49.290652173913045,8305.424347826087,1661.0848695652173,profile,8305.424347826087,8689.319999999996,10000.0,,,,,,none,,,,,0.0,0.0,36239.17391304349,49064.8651656547,0.0,A_OBSERVED,B_RECOVERED,0.3,0.0,0.0,0.0,36239.17391304349,49064.8651656547,35.39178702965658,
D12_I5_N,L5N-161,AM,7,0.2287,36,17,23,70.92659090909092,50.15267339826233,49.64861363636364,8627.945454545454,1232.5636363636363,profile,8627.945454545454,9036.0,14000.0,07:35,08:35,09:25,1.8333333333333333,normal,own_episode,39.542857142857144,0.2115503628520985,7380.857142857143,0.8554594117152992,11060.281385281385,11929.448726720188,21963.326839826834,22207.716681497302,1.2819136889019744,A_OBSERVED,B_RECOVERED,0.3,1.2819136889019744,11060.281385281385,11929.448726720188,21963.326839826834,22207.716681497302,1.1127177747376071,7.858455957508081
D12_I5_N,L5N-161,MD,7,0.2287,72,35,23,70.92659090909092,50.15267339826233,49.64861363636364,8627.945454545454,1232.5636363636363,profile,8627.945454545454,9036.0,14000.0,,,,,,spillover_from_AM+PM,,,,,20670.319696969695,24295.860340927917,43500.843506493504,50321.68018950139,2.3957406552773195,A_OBSERVED,B_RECOVERED,0.3,2.3957406552773195,20670.319696969695,24295.860340927917,43500.843506493504,50321.68018950139,15.679780282857553,17.539838266215753
D12_I5_N,L5N-161,PM,7,0.2287,48,48,23,70.92659090909092,50.15267339826233,49.64861363636364,8627.945454545454,1232.5636363636363,profile,8627.945454545454,9036.0,14000.0,12:30,18:15,19:30,7.0,long,own_episode,33.30909090909091,0.33584615430999154,6081.272727272727,0.7048343964748798,23649.07359307359,32108.711380014756,23649.07359307359,32108.711380014756,2.740985524035107,A_OBSERVED,B_RECOVERED,0.3,2.740985524035107,23649.07359307359,32108.711380014756,23649.07359307359,32108.711380014756,35.77153986031338,35.77153986031338
D12_I5_N,L5N-161,NT,7,0.2287,132,6,23,70.92659090909092,50.15267339826233,49.64861363636364,8627.945454545454,1232.5636363636363,profile,8627.945454545454,9036.0,14000.0,,,,,,spillover_from_PM,,,,,3139.5454545454545,4253.86807642554,33279.63636363637,52498.37372979995,0.3638810040102247,A_OBSERVED,B_RECOVERED,0.3,0.3638810040102247,3139.5454545454545,4253.86807642554,33279.63636363637,52498.37372979995,57.749240875610354,35.493119561838526
D12_I5_N,L5N-162,AM,6,0.2541,36,0,23,67.97886363636364,48.06831545462834,47.585204545454545,7558.952727272727,1259.8254545454545,profile,7558.952727272727,7889.519999999989,12000.0,,,,,,none,,,,,0.0,0.0,17736.406926406926,20506.593728888358,0.0,A_OBSERVED,B_RECOVERED,0.3,0.0,0.0,0.0,17736.406926406926,20506.593728888358,15.618647079849232,
D12_I5_N,L5N-162,MD,6,0.2541,72,10,23,67.97886363636364,48.06831545462834,47.585204545454545,7558.952727272727,1259.8254545454545,profile,7558.952727272727,7889.519999999989,12000.0,13:40,14:00,14:25,0.75,normal,own_episode,43.96190476190476,0.0854286374274883,6045.714285714285,0.7998084528166617,5140.188311688312,6282.647466221037,35644.85844155844,44322.352729822625,0.6800132898228739,A_OBSERVED,B_RECOVERED,0.3,0.6800132898228739,5140.188311688312,6282.647466221037,35644.85844155844,44322.352729822625,24.344308457533582,22.226017516418196
D12_I5_N,L5N-162,PM,6,0.2541,48,45,23,67.97886363636364,48.06831545462834,47.585204545454545,7558.952727272727,1259.8254545454545,profile,7558.952727272727,7889.519999999989,12000.0,14:55,15:45,18:45,3.833333333333333,normal,own_episode,42.81818181818182,0.10922233464582543,5589.545454545454,0.7394603004167964,20904.02597402597,28231.76511015394,22242.980519480516,30121.211321086186,2.7654658956397724,A_OBSERVED,B_RECOVERED,0.3,2.7654658956397724,20904.02597402597,28231.76511015394,22242.980519480516,30121.211321086186,35.41895293531312,35.054200302051655
D12_I5_N,L5N-162,NT,6,0.2541,132,0,23,67.97886363636364,48.06831545462834,47.585204545454545,7558.952727272727,1259.8254545454545,profile,7558.952727272727,7889.519999999989,12000.0,,,,,,none,,,,,0.0,0.0,24162.09090909091,46548.38490837648,0.0,A_OBSERVED,B_RECOVERED,0.3,0.0,0.0,0.0,24162.09090909091,46548.38490837648,92.65048328604209,
D12_I5_N,L5N-163,AM,6,1.0445,36,16,23,71.34931818181819,50.451586719400275,49.944522727272734,8629.84909090909,1438.3081818181818,profile,8629.84909090909,9072.0,12000.0,07:40,08:20,09:10,1.5,normal,own_episode,36.26666666666667,0.28115904721940166,6944.571428571428,0.8047152801185159,9733.761904761905,11033.69603286905,20706.898268398265,21457.534567852774,1.1279179742570127,A_OBSERVED,B_RECOVERED,0.3,1.1279179742570127,9733.761904761905,11033.69603286905,20706.898268398265,21457.534567852774,3.6250542680266546,13.354899583800146
D12_I5_N,L5N-163,MD,6,1.0445,72,18,23,71.34931818181819,50.451586719400275,49.944522727272734,8629.84909090909,1438.3081818181818,profile,8629.84909090909,9072.0,12000.0,,,,,,spillover_from_AM+PM,,,,,10023.1341991342,11541.248549758815,42420.753246753244,48850.862823661475,1.1614495333056092,A_OBSERVED,B_RECOVERED,0.3,1.1614495333056092,10023.1341991342,11541.248549758815,42420.753246753244,48850.862823661475,15.157933522550952,15.146104207162569
D12_I5_N,L5N-163,PM,6,1.0445,48,46,23,71.34931818181819,50.451586719400275,49.944522727272734,8629.84909090909,1438.3081818181818,profile,8629.84909090909,9072.0,12000.0,13:40,15:25,18:50,5.166666666666666,normal,own_episode,18.859090909090902,0.6261942956525692,6224.727272727273,0.7213019842125123,23413.95670995671,26865.23119644254,24435.45670995671,28299.07808641449,2.713136285850188,A_OBSERVED,B_RECOVERED,0.3,2.713136285850188,23413.95670995671,26865.23119644254,24435.45670995671,28299.07808641449,15.811537399599624,14.740244586760449
D12_I5_N,L5N-163,NT,6,1.0445,132,0,23,71.34931818181819,50.451586719400275,49.944522727272734,8629.84909090909,1438.3081818181818,profile,8629.84909090909,9072.0,12000.0,,,,,,none,,,,,0.0,0.0,29964.409090909092,49157.1629646631,0.0,A_OBSERVED,B_RECOVERED,0.3,0.0,0.0,0.0,29964.409090909092,49157.1629646631,64.05183501374935,
D12_I5_N,L5N-165,AM,7,0.2492,36,10,23,71.15249999999999,50.31241524837582,49.80674999999999,7943.46,1134.78,profile,7943.46,8612.759999999995,14000.0,07:50,08:15,08:40,0.8333333333333333,normal,own_episode,46.08571428571428,0.08400910474672518,6476.0,0.8152618632182953,5487.666666666666,6599.704642410126,18810.465367965367,19130.19011768831,0.6908408510481158,A_OBSERVED,B_RECOVERED,0.3,0.6908408510481158,5487.666666666666,6599.704642410126,18810.465367965367,19130.19011768831,1.6997173832149943,20.264313474034996
D12_I5_N,L5N-165,MD,7,0.2492,72,9,23,71.15249999999999,50.31241524837582,49.80674999999999,7943.46,1134.78,profile,7943.46,8612.759999999995,14000.0,,,,,,spillover_from_PM,,,,,5079.454545454545,5811.56158076606,40947.180735930735,44532.111083953365,0.6394511391074601,A_OBSERVED,B_RECOVERED,0.3,0.6394511391074601,5079.454545454545,5811.56158076606,40947.180735930735,44532.111083953365,8.755011416150783,14.413103390533454
D12_I5_N,L5N-165,PM,7,0.2492,48,35,23,71.15249999999999,50.31241524837582,49.80674999999999,7943.46,1134.78,profile,7943.46,8612.759999999995,14000.0,14:15,15:00,17:55,3.6666666666666665,normal,own_episode,36.43181818181819,0.275888108293623,6633.818181818182,0.8351295508277479,19477.363636363632,22247.99941729894,26584.30303030303,30235.39259450832,2.4519999642930954,A_OBSERVED,B_RECOVERED,0.3,2.4519999642930954,19477.363636363632,22247.99941729894,26584.30303030303,30235.39259450832,13.734005213691228,14.224901442834984
D12_I5_N,L5N-165,NT,7,0.2492,132,0,23,71.15249999999999,50.31241524837582,49.80674999999999,7943.46,1134.78,profile,7943.46,8612.759999999995,14000.0,,,,,,none,,,,,0.0,0.0,28869.727272727265,58557.48159712844,0.0,A_OBSERVED,B_RECOVERED,0.3,0.0,0.0,0.0,28869.727272727265,58557.48159712844,102.8335115324996,
D12_I5_N,L5N-166,AM,5,0.2293,36,0,23,71.96846153846154,50.88938718540939,50.377923076923075,8598.325769230769,1719.6651538461538,profile,8598.325769230769,9441.960000000005,10000.0,,,,,,none,,,,,0.0,0.0,19214.42692307692,20994.855352627063,0.0,A_OBSERVED,B_RECOVERED,0.3,0.0,0.0,0.0,19214.42692307692,20994.855352627063,9.266102167282495,
D12_I5_N,L5N-166,MD,5,0.2293,72,0,23,71.96846153846154,50.88938718540939,50.377923076923075,8598.325769230769,1719.6651538461538,profile,8598.325769230769,9441.960000000005,10000.0,,,,,,none,,,,,0.0,0.0,39585.285664335664,49200.02442385536,0.0,A_OBSERVED,B_RECOVERED,0.3,0.0,0.0,0.0,39585.285664335664,49200.02442385536,24.288668373011348,
D12_I5_N,L5N-166,PM,5,0.2293,48,0,23,71.96846153846154,50.88938718540939,50.377923076923075,8598.325769230769,1719.6651538461538,profile,8598.325769230769,9441.960000000005,10000.0,,,,,,none,,,,,0.0,0.0,29829.580419580416,33709.74190814927,0.0,A_OBSERVED,B_RECOVERED,0.3,0.0,0.0,0.0,29829.580419580416,33709.74190814927,13.007764219244198,
D12_I5_N,L5N-166,NT,5,0.2293,132,0,23,71.96846153846154,50.88938718540939,50.377923076923075,8598.325769230769,1719.6651538461538,profile,8598.325769230769,9441.960000000005,10000.0,,,,,,none,,,,,0.0,0.0,27806.769230769227,55336.440410631956,0.0,A_OBSERVED,B_RECOVERED,0.3,0.0,0.0,0.0,27806.769230769227,55336.440410631956,99.00348706961657,
D12_I5_N,L5N-167,AM,6,0.3691,36,0,23,72.09826086956522,50.98116917262628,50.468782608695655,7270.609565217391,1211.7682608695652,profile,7270.609565217391,7788.0,12000.0,,,,,,none,,,,,0.0,0.0,16853.0,16887.960579306633,0.0,A_OBSERVED,B_RECOVERED,0.3,0.0,0.0,0.0,16853.0,16887.960579306633,0.20744424913447462,
D12_I5_N,L5N-167,MD,6,0.3691,72,0,23,72.09826086956522,50.98116917262628,50.468782608695655,7270.609565217391,1211.7682608695652,profile,7270.609565217391,7788.0,12000.0,,,,,,none,,,,,0.0,0.0,35883.69565217391,40385.46316903259,0.0,A_OBSERVED,B_RECOVERED,0.3,0.0,0.0,0.0,35883.69565217391,40385.46316903259,12.545440025171855,
D12_I5_N,L5N-167,PM,6,0.3691,48,0,23,72.09826086956522,50.98116917262628,50.468782608695655,7270.609565217391,1211.7682608695652,profile,7270.609565217391,7788.0,12000.0,,,,,,none,,,,,0.0,0.0,25971.434782608692,27273.73671941375,0.0,A_OBSERVED,B_RECOVERED,0.3,0.0,0.0,0.0,25971.434782608692,27273.73671941375,5.014362693882135,
D12_I5_N,L5N-167,NT,6,0.3691,132,0,23,72.09826086956522,50.98116917262628,50.468782608695655,7270.609565217391,1211.7682608695652,profile,7270.609565217391,7788.0,12000.0,,,,,,none,,,,,0.0,0.0,25413.086956521744,41246.704971207124,0.0,A_OBSERVED,B_RECOVERED,0.3,0.0,0.0,0.0,25413.086956521744,41246.704971207124,62.30497712369417,
D12_I5_N,L5N-171,AM,5,0.2846,36,0,23,69.25326086956522,48.969450380150555,48.47728260869565,5563.484347826087,1112.6968695652174,profile,5563.484347826087,6264.0,10000.0,,,,,,none,,,,,0.0,0.0,13940.565217391304,10656.162041247437,0.0,A_OBSERVED,B_RECOVERED,0.3,0.0,0.0,0.0,13940.565217391304,10656.162041247437,-23.560043118240774,
D12_I5_N,L5N-171,MD,5,0.2846,72,0,23,69.25326086956522,48.969450380150555,48.47728260869565,5563.484347826087,1112.6968695652174,profile,5563.484347826087,6264.0,10000.0,,,,,,none,,,,,0.0,0.0,30206.903162055336,28825.963363010687,0.0,A_OBSERVED,B_RECOVERED,0.3,0.0,0.0,0.0,30206.903162055336,28825.963363010687,-4.571603357140325,
D12_I5_N,L5N-171,PM,5,0.2846,48,0,23,69.25326086956522,48.969450380150555,48.47728260869565,5563.484347826087,1112.6968695652174,profile,5563.484347826087,6264.0,10000.0,,,,,,none,,,,,0.0,0.0,19276.91304347826,17490.802482011677,0.0,A_OBSERVED,B_RECOVERED,0.3,0.0,0.0,0.0,19276.91304347826,17490.802482011677,-9.265542451937643,
D12_I5_N,L5N-171,NT,5,0.2846,132,0,23,69.25326086956522,48.969450380150555,48.47728260869565,5563.484347826087,1112.6968695652174,profile,5563.484347826087,6264.0,10000.0,,,,,,none,,,,,0.0,0.0,17712.695652173912,31202.097153775845,0.0,A_OBSERVED,B_RECOVERED,0.3,0.0,0.0,0.0,17712.695652173912,31202.097153775845,76.15668312996928,
D12_I5_N,L5N-173,AM,5,0.4461,36,0,23,69.73022727272728,49.3067165582246,48.81115909090909,6867.84,1373.568,profile,6867.84,7392.0,10000.0,,,,,,none,,,,,0.0,0.0,16759.636363636364,16434.78689745262,0.0,A_OBSERVED,B_RECOVERED,0.3,0.0,0.0,0.0,16759.636363636364,16434.78689745262,-1.9382846926713388,
D12_I5_N,L5N-173,MD,5,0.4461,72,0,23,69.73022727272728,49.3067165582246,48.81115909090909,6867.84,1373.568,profile,6867.84,7392.0,10000.0,,,,,,none,,,,,0.0,0.0,34063.31818181818,37189.645023729245,0.0,A_OBSERVED,B_RECOVERED,0.3,0.0,0.0,0.0,34063.31818181818,37189.645023729245,9.177986786912008,
D12_I5_N,L5N-173,PM,5,0.4461,48,0,23,69.73022727272728,49.3067165582246,48.81115909090909,6867.84,1373.568,profile,6867.84,7392.0,10000.0,,,,,,none,,,,,0.0,0.0,21991.5,22906.236752188546,0.0,A_OBSERVED,B_RECOVERED,0.3,0.0,0.0,0.0,21991.5,22906.236752188546,4.1595014082192945,
D12_I5_N,L5N-173,NT,5,0.4461,132,0,23,69.73022727272728,49.3067165582246,48.81115909090909,6867.84,1373.568,profile,6867.84,7392.0,10000.0,,,,,,none,,,,,0.0,0.0,18487.727272727276,40322.51958786865,0.0,A_OBSERVED,B_RECOVERED,0.3,0.0,0.0,0.0,18487.727272727276,40322.51958786865,118.10425366535789,
D12_I5_N,L5N-174,AM,5,0.5108,36,0,23,70.04673913043479,49.53052423913553,49.032717391304345,6574.968260869565,1314.993652173913,profile,6574.968260869565,7092.0,10000.0,,,,,,none,,,,,0.0,0.0,16163.217391304348,14462.752871027518,0.0,A_OBSERVED,B_RECOVERED,0.3,0.0,0.0,0.0,16163.217391304348,14462.752871027518,-10.520581881127596,
D12_I5_N,L5N-174,MD,5,0.5108,72,0,23,70.04673913043479,49.53052423913553,49.032717391304345,6574.968260869565,1314.993652173913,profile,6574.968260869565,7092.0,10000.0,,,,,,none,,,,,0.0,0.0,33133.065217391304,33160.73353514841,0.0,A_OBSERVED,B_RECOVERED,0.3,0.0,0.0,0.0,33133.065217391304,33160.73353514841,0.08350666494502347,
D12_I5_N,L5N-174,PM,5,0.5108,48,0,23,70.04673913043479,49.53052423913553,49.032717391304345,6574.968260869565,1314.993652173913,profile,6574.968260869565,7092.0,10000.0,,,,,,none,,,,,0.0,0.0,21759.217391304344,20519.9435241995,0.0,A_OBSERVED,B_RECOVERED,0.3,0.0,0.0,0.0,21759.217391304344,20519.9435241995,-5.695397241631011,
D12_I5_N,L5N-174,NT,5,0.5108,132,0,23,70.04673913043479,49.53052423913553,49.032717391304345,6574.968260869565,1314.993652173913,profile,6574.968260869565,7092.0,10000.0,,,,,,none,,,,,0.0,0.0,18141.717391304344,32141.118350862864,0.0,A_OBSERVED,B_RECOVERED,0.3,0.0,0.0,0.0,18141.717391304344,32141.118350862864,77.16690023111421,
D12_I5_N,L5N-178,AM,7,0.1678,36,15,23,70.6165909090909,49.933470296094484,49.43161363636363,8602.115454545454,1228.8736363636363,profile,8602.115454545454,9132.0,14000.0,07:45,08:30,09:15,1.5,normal,own_episode,29.47619047619048,0.40969072845521926,7310.285714285715,0.8498241802163766,9476.523809523807,9680.24698768447,21236.0367965368,20041.398881057816,1.1016503858380913,A_OBSERVED,B_RECOVERED,0.3,1.1016503858380913,9476.523809523807,9680.24698768447,21236.0367965368,20041.398881057816,-5.625521969682244,2.1497669636615355
D12_I5_N,L5N-178,MD,7,0.1678,72,17,23,70.6165909090909,49.933470296094484,49.43161363636363,8602.115454545454,1228.8736363636363,profile,8602.115454545454,9132.0,14000.0,,,,,,spillover_from_AM+PM,,,,,9474.564935064935,11100.011424109216,42819.15303030303,46359.412719061314,1.1014226657535118,A_OBSERVED,B_RECOVERED,0.3,1.1014226657535118,9474.564935064935,11100.011424109216,42819.15303030303,46359.412719061314,8.267934880105754,17.15589581352256
D12_I5_N,L5N-178,PM,7,0.1678,48,47,23,70.6165909090909,49.933470296094484,49.43161363636363,8602.115454545454,1228.8736363636363,profile,8602.115454545454,9132.0,14000.0,13:50,16:25,18:55,5.083333333333333,normal,own_episode,17.186363636363637,0.6558147564258545,6266.181818181818,0.7284466072669017,23873.419913419915,26445.404528037914,24383.601731601728,27162.177976527415,2.7752963837290667,A_OBSERVED,B_RECOVERED,0.3,2.7752963837290667,23873.419913419915,26445.404528037914,24383.601731601728,27162.177976527415,11.395265865602564,10.773423430516608
D12_I5_N,L5N-178,NT,7,0.1678,132,0,23,70.6165909090909,49.933470296094484,49.43161363636363,8602.115454545454,1228.8736363636363,profile,8602.115454545454,9132.0,14000.0,,,,,,none,,,,,0.0,0.0,30912.454545454537,48846.104490860875,0.0,A_OBSERVED,B_RECOVERED,0.3,0.0,0.0,0.0,30912.454545454537,48846.104490860875,58.0143188533806,
D12_I5_N,L5N-182,AM,4,0.3411,36,0,23,69.37,49.05199741091081,48.559,4463.452173913043,1115.8630434782608,profile,4463.452173913043,5880.0,8000.0,,,,,,none,,,,,0.0,0.0,10493.260869565216,8838.725416133051,0.0,A_OBSERVED,B_RECOVERED,0.3,0.0,0.0,0.0,10493.260869565216,8838.725416133051,-15.767600500917691,
D12_I5_N,L5N-182,MD,4,0.3411,72,0,23,69.37,49.05199741091081,48.559,4463.452173913043,1115.8630434782608,profile,4463.452173913043,5880.0,8000.0,,,,,,none,,,,,0.0,0.0,25152.086956521736,24488.265385349252,0.0,A_OBSERVED,B_RECOVERED,0.3,0.0,0.0,0.0,25152.086956521736,24488.265385349252,-2.6392305828139664,
D12_I5_N,L5N-182,PM,4,0.3411,48,0,23,69.37,49.05199741091081,48.559,4463.452173913043,1115.8630434782608,profile,4463.452173913043,5880.0,8000.0,,,,,,none,,,,,0.0,0.0,15752.434782608692,14672.93131518196,0.0,A_OBSERVED,B_RECOVERED,0.3,0.0,0.0,0.0,15752.434782608692,14672.93131518196,-6.85293087909525,
D12_I5_N,L5N-182,NT,4,0.3411,132,0,23,69.37,49.05199741091081,48.559,4463.452173913043,1115.8630434782608,profile,4463.452173913043,5880.0,8000.0,,,,,,none,,,,,0.0,0.0,14474.478260869568,26090.58425475752,0.0,A_OBSERVED,B_RECOVERED,0.3,0.0,0.0,0.0,14474.478260869568,26090.58425475752,80.25232954538359,
D12_I5_N,L5N-185,AM,5,0.4847,36,0,23,67.76931818181818,47.920144442752424,47.43852272727272,6175.104545454546,1235.020909090909,profile,6175.104545454546,6720.0,10000.0,,,,,,none,,,,,0.0,0.0,14535.045454545456,14918.291933088447,0.0,A_OBSERVED,B_RECOVERED,0.3,0.0,0.0,0.0,14535.045454545456,14918.291933088447,2.6367064330241963,
D12_I5_N,L5N-185,MD,5,0.4847,72,0,23,67.76931818181818,47.920144442752424,47.43852272727272,6175.104545454546,1235.020909090909,profile,6175.104545454546,6720.0,10000.0,,,,,,none,,,,,0.0,0.0,31895.59090909091,35665.13496094119,0.0,A_OBSERVED,B_RECOVERED,0.3,0.0,0.0,0.0,31895.59090909091,35665.13496094119,11.818386003865761,
D12_I5_N,L5N-185,PM,5,0.4847,48,0,23,67.76931818181818,47.920144442752424,47.43852272727272,6175.104545454546,1235.020909090909,profile,6175.104545454546,6720.0,10000.0,,,,,,none,,,,,0.0,0.0,21337.5,21720.027964868936,0.0,A_OBSERVED,B_RECOVERED,0.3,0.0,0.0,0.0,21337.5,21720.027964868936,1.792749688899523,
D12_I5_N,L5N-185,NT,5,0.4847,132,0,23,67.76931818181818,47.920144442752424,47.43852272727272,6175.104545454546,1235.020909090909,profile,6175.104545454546,6720.0,10000.0,,,,,,none,,,,,0.0,0.0,15992.318181818184,39991.77000343787,0.0,A_OBSERVED,B_RECOVERED,0.3,0.0,0.0,0.0,15992.318181818184,39991.77000343787,150.0686238778371,
D12_I5_N,L5N-186,AM,4,0.9035,36,0,23,68.73021739130435,48.59960278981689,48.11115217391304,4205.36347826087,1051.3408695652174,profile,4205.36347826087,5388.0,8000.0,,,,,,none,,,,,0.0,0.0,9782.652173913042,9825.797880056409,0.0,A_OBSERVED,B_RECOVERED,0.3,0.0,0.0,0.0,9782.652173913042,9825.797880056409,0.4410430359409214,
D12_I5_N,L5N-186,MD,4,0.9035,72,0,23,68.73021739130435,48.59960278981689,48.11115217391304,4205.36347826087,1051.3408695652174,profile,4205.36347826087,5388.0,8000.0,,,,,,none,,,,,0.0,0.0,23163.60869565217,20787.452433330505,0.0,A_OBSERVED,B_RECOVERED,0.3,0.0,0.0,0.0,23163.60869565217,20787.452433330505,-10.258143683663894,
D12_I5_N,L5N-186,PM,4,0.9035,48,0,23,68.73021739130435,48.59960278981689,48.11115217391304,4205.36347826087,1051.3408695652174,profile,4205.36347826087,5388.0,8000.0,,,,,,none,,,,,0.0,0.0,15353.217391304346,9525.403997436357,0.0,A_OBSERVED,B_RECOVERED,0.3,0.0,0.0,0.0,15353.217391304346,9525.403997436357,-37.95825490733107,
D12_I5_N,L5N-186,NT,4,0.9035,132,0,23,68.73021739130435,48.59960278981689,48.11115217391304,4205.36347826087,1051.3408695652174,profile,4205.36347826087,5388.0,8000.0,,,,,,none,,,,,0.0,0.0,18673.086956521736,23419.229466688237,0.0,A_OBSERVED,B_RECOVERED,0.3,0.0,0.0,0.0,18673.086956521736,23419.229466688237,25.417021412781832,
D12_I5_N,L5N-187,AM,7,0.1268,36,0,23,71.61434782608696,50.638990978078176,50.130043478260866,9748.698260869565,1392.6711801242236,profile,9748.698260869565,10669.259999999997,14000.0,,,,,,none,,,,,0.0,0.0,25235.239130434784,16961.594232377705,0.0,A_OBSERVED,B_RECOVERED,0.3,0.0,0.0,0.0,25235.239130434784,16961.594232377705,-32.78607686375639,
D12_I5_N,L5N-187,MD,7,0.1268,72,0,23,71.61434782608696,50.638990978078176,50.130043478260866,9748.698260869565,1392.6711801242236,profile,9748.698260869565,10669.259999999997,14000.0,,,,,,none,,,,,0.0,0.0,48038.18094280646,35322.13454861952,0.0,A_OBSERVED,B_RECOVERED,0.3,0.0,0.0,0.0,48038.18094280646,35322.13454861952,-26.47070755931927,
D12_I5_N,L5N-187,PM,7,0.1268,48,0,23,71.61434782608696,50.638990978078176,50.130043478260866,9748.698260869565,1392.6711801242236,profile,9748.698260869565,10669.259999999997,14000.0,,,,,,none,,,,,0.0,0.0,30851.788228736685,23936.262798219705,0.0,A_OBSERVED,B_RECOVERED,0.3,0.0,0.0,0.0,30851.788228736685,23936.262798219705,-22.41531472744767,
D12_I5_N,L5N-187,NT,7,0.1268,132,0,23,71.61434782608696,50.638990978078176,50.130043478260866,9748.698260869565,1392.6711801242236,profile,9748.698260869565,10669.259999999997,14000.0,,,,,,none,,,,,0.0,0.0,26764.41312619493,41976.9015310826,0.0,A_OBSERVED,B_RECOVERED,0.3,0.0,0.0,0.0,26764.41312619493,41976.9015310826,56.838490473003745,
D12_I5_N,L5N-188,AM,5,0.0659,36,0,23,71.45799999999998,50.5284363700283,50.02059999999999,5601.126,1120.2252,profile,5601.126,6555.779999999995,10000.0,,,,,,none,,,,,0.0,0.0,13170.650000000001,12699.758369791985,0.0,A_OBSERVED,B_RECOVERED,0.3,0.0,0.0,0.0,13170.650000000001,12699.758369791985,-3.5753104835981215,
D12_I5_N,L5N-188,MD,5,0.0659,72,0,23,71.45799999999998,50.5284363700283,50.02059999999999,5601.126,1120.2252,profile,5601.126,6555.779999999995,10000.0,,,,,,none,,,,,0.0,0.0,30100.407894736843,31629.104329481102,0.0,A_OBSERVED,B_RECOVERED,0.3,0.0,0.0,0.0,30100.407894736843,31629.104329481102,5.078656874319489,
D12_I5_N,L5N-188,PM,5,0.0659,48,0,23,71.45799999999998,50.5284363700283,50.02059999999999,5601.126,1120.2252,profile,5601.126,6555.779999999995,10000.0,,,,,,none,,,,,0.0,0.0,20148.75,18856.24068028714,0.0,A_OBSERVED,B_RECOVERED,0.3,0.0,0.0,0.0,20148.75,18856.24068028714,-6.414836253925722,
D12_I5_N,L5N-188,NT,5,0.0659,132,0,23,71.45799999999998,50.5284363700283,50.02059999999999,5601.126,1120.2252,profile,5601.126,6555.779999999995,10000.0,,,,,,none,,,,,0.0,0.0,17457.334210526315,34914.0852914911,0.0,A_OBSERVED,B_RECOVERED,0.3,0.0,0.0,0.0,17457.334210526315,34914.0852914911,99.99665968724379,
D12_I5_N,L5N-190,AM,6,0.0597,36,0,23,71.72804347826087,50.71938594472178,50.20963043478261,7764.99652173913,1294.1660869565217,profile,7764.99652173913,8100.0,12000.0,,,,,,none,,,,,0.0,0.0,16917.65217391304,19391.470699521047,0.0,A_OBSERVED,B_RECOVERED,0.3,0.0,0.0,0.0,16917.65217391304,19391.470699521047,14.622705917920612,
D12_I5_N,L5N-190,MD,6,0.0597,72,0,23,71.72804347826087,50.71938594472178,50.20963043478261,7764.99652173913,1294.1660869565217,profile,7764.99652173913,8100.0,12000.0,,,,,,none,,,,,0.0,0.0,36912.11857707509,43030.02417756825,0.0,A_OBSERVED,B_RECOVERED,0.3,0.0,0.0,0.0,36912.11857707509,43030.02417756825,16.574246714445685,
D12_I5_N,L5N-190,PM,6,0.0597,48,0,23,71.72804347826087,50.71938594472178,50.20963043478261,7764.99652173913,1294.1660869565217,profile,7764.99652173913,8100.0,12000.0,,,,,,none,,,,,0.0,0.0,29768.365612648216,29528.01378915056,0.0,A_OBSERVED,B_RECOVERED,0.3,0.0,0.0,0.0,29768.365612648216,29528.01378915056,-0.8074068513708916,
D12_I5_N,L5N-190,NT,6,0.0597,132,0,23,71.72804347826087,50.71938594472178,50.20963043478261,7764.99652173913,1294.1660869565217,profile,7764.99652173913,8100.0,12000.0,,,,,,none,,,,,0.0,0.0,38620.65217391304,47266.3614854913,0.0,A_OBSERVED,B_RECOVERED,0.3,0.0,0.0,0.0,38620.65217391304,47266.3614854913,22.386233336106507,
D12_I5_N,L5N-191,AM,6,0.3188,36,0,23,70.49336956521739,49.846339648254606,49.34535869565217,7079.985652173913,1179.9976086956522,profile,7079.985652173913,7589.1600000000035,12000.0,,,,,,none,,,,,0.0,0.0,17732.32608695652,17202.644187103324,0.0,A_OBSERVED,B_RECOVERED,0.3,0.0,0.0,0.0,17732.32608695652,17202.644187103324,-2.98709767266697,
D12_I5_N,L5N-191,MD,6,0.3188,72,0,23,70.49336956521739,49.846339648254606,49.34535869565217,7079.985652173913,1179.9976086956522,profile,7079.985652173913,7589.1600000000035,12000.0,,,,,,none,,,,,0.0,0.0,34062.539525691696,39486.653303338724,0.0,A_OBSERVED,B_RECOVERED,0.3,0.0,0.0,0.0,34062.539525691696,39486.653303338724,15.923985272900412,
D12_I5_N,L5N-191,PM,6,0.3188,48,0,23,70.49336956521739,49.846339648254606,49.34535869565217,7079.985652173913,1179.9976086956522,profile,7079.985652173913,7589.1600000000035,12000.0,,,,,,none,,,,,0.0,0.0,26431.600790513832,23345.508333800073,0.0,A_OBSERVED,B_RECOVERED,0.3,0.0,0.0,0.0,26431.600790513832,23345.508333800073,-11.675768263802402,
D12_I5_N,L5N-191,NT,6,0.3188,132,0,23,70.49336956521739,49.846339648254606,49.34535869565217,7079.985652173913,1179.9976086956522,profile,7079.985652173913,7589.1600000000035,12000.0,,,,,,none,,,,,0.0,0.0,36286.52173913043,41304.044701864106,0.0,A_OBSERVED,B_RECOVERED,0.3,0.0,0.0,0.0,36286.52173913043,41304.044701864106,13.827511489818296,
D12_I5_N,L5N-192,AM,5,0.0876,36,0,23,69.6923076923077,49.27990336577016,48.784615384615385,6060.668571428571,1212.1337142857142,profile,6060.668571428571,6600.0,10000.0,,,,,,none,,,,,0.0,0.0,16009.285714285717,14872.77840959494,0.0,A_OBSERVED,B_RECOVERED,0.3,0.0,0.0,0.0,16009.285714285717,14872.77840959494,-7.099050669553783,
D12_I5_N,L5N-192,MD,5,0.0876,72,0,23,69.6923076923077,49.27990336577016,48.784615384615385,6060.668571428571,1212.1337142857142,profile,6060.668571428571,6600.0,10000.0,,,,,,none,,,,,0.0,0.0,29754.203296703294,33742.53968912064,0.0,A_OBSERVED,B_RECOVERED,0.3,0.0,0.0,0.0,29754.203296703294,33742.53968912064,13.40427889346056,
D12_I5_N,L5N-192,PM,5,0.0876,48,0,23,69.6923076923077,49.27990336577016,48.784615384615385,6060.668571428571,1212.1337142857142,profile,6060.668571428571,6600.0,10000.0,,,,,,none,,,,,0.0,0.0,22611.434981684975,21320.83306372841,0.0,A_OBSERVED,B_RECOVERED,0.3,0.0,0.0,0.0,22611.434981684975,21320.83306372841,-5.707739995280885,
D12_I5_N,L5N-192,NT,5,0.0876,132,0,23,69.6923076923077,49.27990336577016,48.784615384615385,6060.668571428571,1212.1337142857142,profile,6060.668571428571,6600.0,10000.0,,,,,,none,,,,,0.0,0.0,32070.653846153848,36456.42958493394,0.0,A_OBSERVED,B_RECOVERED,0.3,0.0,0.0,0.0,32070.653846153848,36456.42958493394,13.675354920479949,
D12_I5_N,L5N-209,AM,7,0.6363,36,0,23,72.24782608695654,51.08692775207332,50.57347826086957,8472.764347826087,1210.3949068322981,profile,8472.764347826087,9130.620000000004,14000.0,,,,,,none,,,,,0.0,0.0,20825.60869565217,20333.387065231113,0.0,A_OBSERVED,B_RECOVERED,0.3,0.0,0.0,0.0,20825.60869565217,20333.387065231113,-2.36354018561685,
D12_I5_N,L5N-209,MD,7,0.6363,72,0,23,72.24782608695654,51.08692775207332,50.57347826086957,8472.764347826087,1210.3949068322981,profile,8472.764347826087,9130.620000000004,14000.0,,,,,,none,,,,,0.0,0.0,41749.739130434784,46469.61189592868,0.0,A_OBSERVED,B_RECOVERED,0.3,0.0,0.0,0.0,41749.739130434784,46469.61189592868,11.305155107072752,
D12_I5_N,L5N-209,PM,7,0.6363,48,0,23,72.24782608695654,51.08692775207332,50.57347826086957,8472.764347826087,1210.3949068322981,profile,8472.764347826087,9130.620000000004,14000.0,,,,,,none,,,,,0.0,0.0,28427.60869565217,28252.632960752417,0.0,A_OBSERVED,B_RECOVERED,0.3,0.0,0.0,0.0,28427.60869565217,28252.632960752417,-0.6155133791697129,
D12_I5_N,L5N-209,NT,7,0.6363,132,0,23,72.24782608695654,51.08692775207332,50.57347826086957,8472.764347826087,1210.3949068322981,profile,8472.764347826087,9130.620000000004,14000.0,,,,,,none,,,,,0.0,0.0,22080.521739130432,48963.516034789536,0.0,A_OBSERVED,B_RECOVERED,0.3,0.0,0.0,0.0,22080.521739130432,48963.516034789536,121.7498146704472,
D12_I5_N,L5N-225,AM,5,0.3393,36,0,23,69.82259259259258,49.372028702247825,48.87581481481481,6594.542222222222,1318.9084444444445,profile,6594.542222222222,7320.0,10000.0,,,,,,none,,,,,0.0,0.0,15913.315170940172,15051.85828668467,0.0,A_OBSERVED,B_RECOVERED,0.3,0.0,0.0,0.0,15913.315170940172,15051.85828668467,-5.413434441546388,
D12_I5_N,L5N-225,MD,5,0.3393,72,0,23,69.82259259259258,49.372028702247825,48.87581481481481,6594.542222222222,1318.9084444444445,profile,6594.542222222222,7320.0,10000.0,,,,,,none,,,,,0.0,0.0,32568.048233618232,37751.66842514169,0.0,A_OBSERVED,B_RECOVERED,0.3,0.0,0.0,0.0,32568.048233618232,37751.66842514169,15.916275222697212,
D12_I5_N,L5N-225,PM,5,0.3393,48,0,23,69.82259259259258,49.372028702247825,48.87581481481481,6594.542222222222,1318.9084444444445,profile,6594.542222222222,7320.0,10000.0,,,,,,none,,,,,0.0,0.0,22946.8048005698,24686.62889133508,0.0,A_OBSERVED,B_RECOVERED,0.3,0.0,0.0,0.0,22946.8048005698,24686.62889133508,7.581988454976868,
D12_I5_N,L5N-225,NT,5,0.3393,132,0,23,69.82259259259258,49.372028702247825,48.87581481481481,6594.542222222222,1318.9084444444445,profile,6594.542222222222,7320.0,10000.0,,,,,,none,,,,,0.0,0.0,23704.333333333332,41907.31575663031,0.0,A_OBSERVED,B_RECOVERED,0.3,0.0,0.0,0.0,23704.333333333332,41907.31575663031,76.79179231630073,
D12_I5_N,L5N-230,AM,7,0.0547,36,0,23,71.11260869565218,50.28420783656111,49.77882608695653,9041.483478260869,1291.6404968944098,profile,9041.483478260869,9456.0,14000.0,,,,,,none,,,,,0.0,0.0,23684.95652173913,23958.56034417173,0.0,A_OBSERVED,B_RECOVERED,0.3,0.0,0.0,0.0,23684.95652173913,23958.56034417173,1.155179753787913,
D12_I5_N,L5N-230,MD,7,0.0547,72,31,23,71.11260869565218,50.28420783656111,49.77882608695653,9041.483478260869,1291.6404968944098,profile,9041.483478260869,9456.0,14000.0,,,,,,spillover_from_PM,,,,,19617.090909090904,22778.37300271294,46098.50395256917,53013.4239119041,2.169676132933028,A_OBSERVED,B_RECOVERED,0.3,2.169676132933028,19617.090909090904,22778.37300271294,46098.50395256917,53013.4239119041,15.000313169489635,16.114938286578674
D12_I5_N,L5N-230,PM,7,0.0547,48,48,23,71.11260869565218,50.28420783656111,49.77882608695653,9041.483478260869,1291.6404968944098,profile,9041.483478260869,9456.0,14000.0,12:25,17:40,19:50,7.416666666666666,long,own_episode,34.29130434782609,0.31805022246182724,6728.608695652174,0.7441929979555106,26702.088932806324,33778.730593483975,26702.088932806324,33778.730593483975,2.9532862607124377,A_OBSERVED,B_RECOVERED,0.3,2.9532862607124377,26702.088932806324,33778.730593483975,26702.088932806324,33778.730593483975,26.502202425006725,26.502202425006725
D12_I5_N,L5N-230,NT,7,0.0547,132,10,23,71.11260869565218,50.28420783656111,49.77882608695653,9041.483478260869,1291.6404968944098,profile,9041.483478260869,9456.0,14000.0,,,,,,spillover_from_PM,,,,,5740.782608695652,7409.613364596278,38473.86956521739,56542.9855404936,0.6349381296220532,A_OBSERVED,B_RECOVERED,0.3,0.6349381296220532,5740.782608695652,7409.613364596278,38473.86956521739,56542.9855404936,46.964644262379416,29.06974309343856
D12_I5_N,L5N-233,AM,5,0.1473,36,0,23,71.02727272727273,50.22386619464088,49.71909090909091,9162.98181818182,1832.5963636363638,profile,9162.98181818182,9576.0,10000.0,,,,,,none,,,,,0.0,0.0,23929.0,22801.52301222233,0.0,A_OBSERVED,B_RECOVERED,0.3,0.0,0.0,0.0,23929.0,22801.52301222233,-4.71175973829943,
D12_I5_N,L5N-233,MD,5,0.1473,34,0,23,71.02727272727273,50.22386619464088,49.71909090909091,9162.98181818182,1832.5963636363638,profile,9162.98181818182,9576.0,10000.0,,,,,,none,,,,,0.0,0.0,21969.79090909091,23899.93993237155,0.0,A_OBSERVED,B_RECOVERED,0.3,0.0,0.0,0.0,21969.79090909091,23899.93993237155,8.785468333619706,
D12_I5_N,L5N-233,PM,5,0.1473,39,39,23,71.02727272727273,50.22386619464088,49.71909090909091,9162.98181818182,1832.5963636363638,profile,9162.98181818182,9576.0,10000.0,15:45,16:00,19:45,4.0,normal,own_episode,39.77,0.20814538956692963,5925.6,0.6466890492178012,19032.299999999996,29094.804807822824,19032.299999999996,29094.804807822824,2.0770858632759475,A_OBSERVED,B_RECOVERED,0.3,2.0770858632759475,19032.299999999996,29094.804807822824,19032.299999999996,29094.804807822824,52.87067147860653,52.87067147860653
D12_I5_N,L5N-233,NT,5,0.1473,132,9,23,71.02727272727273,50.22386619464088,49.71909090909091,9162.98181818182,1832.5963636363638,profile,9162.98181818182,9576.0,10000.0,,,,,,spillover_from_PM,,,,,5088.9,6787.638851819098,37651.37272727273,62454.15594873532,0.5553759792366121,A_OBSERVED,B_RECOVERED,0.3,0.5553759792366121,5088.9,6787.638851819098,37651.37272727273,62454.15594873532,65.87484446084147,33.38125826444022
D12_I5_N,L5N-235,AM,6,0.3517,36,0,23,72.00847826086957,50.917683281184964,50.405934782608696,7277.01652173913,1212.8360869565217,profile,7277.01652173913,7609.319999999996,12000.0,,,,,,none,,,,,0.0,0.0,16697.347826086956,16000.342901004065,0.0,A_OBSERVED,B_RECOVERED,0.3,0.0,0.0,0.0,16697.347826086956,16000.342901004065,-4.174345125600912,
D12_I5_N,L5N-235,MD,6,0.3517,72,0,23,72.00847826086957,50.917683281184964,50.405934782608696,7277.01652173913,1212.8360869565217,profile,7277.01652173913,7609.319999999996,12000.0,,,,,,none,,,,,0.0,0.0,35096.077075098816,40784.75813177118,0.0,A_OBSERVED,B_RECOVERED,0.3,0.0,0.0,0.0,35096.077075098816,40784.75813177118,16.208880110730576,
D12_I5_N,L5N-235,PM,6,0.3517,48,0,23,72.00847826086957,50.917683281184964,50.405934782608696,7277.01652173913,1212.8360869565217,profile,7277.01652173913,7609.319999999996,12000.0,,,,,,none,,,,,0.0,0.0,27560.38339920948,27304.21461539822,0.0,A_OBSERVED,B_RECOVERED,0.3,0.0,0.0,0.0,27560.38339920948,27304.21461539822,-0.9294819310046575,
D12_I5_N,L5N-235,NT,6,0.3517,132,0,23,72.00847826086957,50.917683281184964,50.405934782608696,7277.01652173913,1212.8360869565217,profile,7277.01652173913,7609.319999999996,12000.0,,,,,,none,,,,,0.0,0.0,36552.65217391304,43756.43092965973,0.0,A_OBSERVED,B_RECOVERED,0.3,0.0,0.0,0.0,36552.65217391304,43756.43092965973,19.70795093464625,
D12_I5_N,L5N-238,AM,5,0.0895,36,0,23,70.17342105263158,49.62010188537463,49.121394736842106,4830.997894736842,966.1995789473683,profile,4830.997894736842,5160.0,10000.0,,,,,,none,,,,,0.0,0.0,11274.105263157895,7662.269304861338,0.0,A_OBSERVED,B_RECOVERED,0.3,0.0,0.0,0.0,11274.105263157895,7662.269304861338,-32.0365640908064,
D12_I5_N,L5N-238,MD,5,0.0895,72,0,23,70.17342105263158,49.62010188537463,49.121394736842106,4830.997894736842,966.1995789473683,profile,4830.997894736842,5160.0,10000.0,,,,,,none,,,,,0.0,0.0,22817.68713450292,20954.494157973448,0.0,A_OBSERVED,B_RECOVERED,0.3,0.0,0.0,0.0,22817.68713450292,20954.494157973448,-8.165564570793485,
D12_I5_N,L5N-238,PM,5,0.0895,48,0,23,70.17342105263158,49.62010188537463,49.121394736842106,4830.997894736842,966.1995789473683,profile,4830.997894736842,5160.0,10000.0,,,,,,none,,,,,0.0,0.0,18186.847953216373,14532.36446525789,0.0,A_OBSERVED,B_RECOVERED,0.3,0.0,0.0,0.0,18186.847953216373,14532.36446525789,-20.094100403540143,
D12_I5_N,L5N-238,NT,5,0.0895,132,0,23,70.17342105263158,49.62010188537463,49.121394736842106,4830.997894736842,966.1995789473683,profile,4830.997894736842,5160.0,10000.0,,,,,,none,,,,,0.0,0.0,24888.659064327483,23927.047787869975,0.0,A_OBSERVED,B_RECOVERED,0.3,0.0,0.0,0.0,24888.659064327483,23927.047787869975,-3.8636524128203042,
D12_I5_N,L5N-242,AM,7,0.1274,36,0,23,71.51739130434783,50.570432364076176,50.06217391304347,6371.952213438735,910.278887634105,profile,6371.952213438735,6888.0,14000.0,,,,,,none,,,,,0.0,0.0,16806.391304347824,14625.176347830216,0.0,A_OBSERVED,B_RECOVERED,0.3,0.0,0.0,0.0,16806.391304347824,14625.176347830216,-12.978484893144943,
D12_I5_N,L5N-242,MD,7,0.1274,72,1,23,71.51739130434783,50.570432364076176,50.06217391304347,6371.952213438735,910.278887634105,profile,6371.952213438735,6888.0,14000.0,,,,,,spillover_from_PM,,,,,519.1363636363636,530.3949731252133,33768.39723320158,35787.22105291943,0.08147210560391234,A_OBSERVED,B_RECOVERED,0.3,0.08147210560391234,519.1363636363636,530.3949731252133,33768.39723320158,35787.22105291943,5.978441339030784,2.1687191030092974
D12_I5_N,L5N-242,PM,7,0.1274,48,48,23,71.51739130434783,50.570432364076176,50.06217391304347,6371.952213438735,910.278887634105,profile,6371.952213438735,6888.0,14000.0,14:55,17:35,19:35,4.666666666666666,normal,own_episode,26.234782608695653,0.4812228928591856,4992.782608695652,0.7835561914864408,19018.490118577072,22916.109098427427,19018.490118577072,22916.109098427427,2.984719514761303,A_OBSERVED,B_RECOVERED,0.3,2.984719514761303,19018.490118577072,22916.109098427427,19018.490118577072,22916.109098427427,20.493840234158224,20.493840234158224
D12_I5_N,L5N-242,NT,7,0.1274,132,7,23,71.51739130434783,50.570432364076176,50.06217391304347,6371.952213438735,910.278887634105,profile,6371.952213438735,6888.0,14000.0,,,,,,spillover_from_PM,,,,,3176.086956521739,3647.704276558076,30881.739130434784,37570.612735090195,0.49844801877566314,A_OBSERVED,B_RECOVERED,0.3,0.49844801877566314,3176.086956521739,3647.704276558076,30881.739130434784,37570.612735090195,21.659640269622464,14.849005285196096
D12_I5_N,L5N-248,AM,6,0.0298,36,0,23,69.2245652173913,48.9491594899078,48.45719565217391,6093.657391304348,1015.6095652173913,profile,6093.657391304348,6408.0,12000.0,,,,,,none,,,,,0.0,0.0,15471.60869565217,13552.52570894812,0.0,A_OBSERVED,B_RECOVERED,0.3,0.0,0.0,0.0,15471.60869565217,13552.52570894812,-12.403900747847576,
D12_I5_N,L5N-248,MD,6,0.0298,72,7,23,69.2245652173913,48.9491594899078,48.45719565217391,6093.657391304348,1015.6095652173913,profile,6093.657391304348,6408.0,12000.0,,,,,,spillover_from_PM,,,,,3208.5454545454545,3497.730096777365,31886.3814229249,33618.86141857868,0.5265385381075166,A_OBSERVED,B_RECOVERED,0.3,0.5265385381075166,3208.5454545454545,3497.730096777365,31886.3814229249,33618.86141857868,5.433291324829359,9.012951392732518
D12_I5_N,L5N-248,PM,6,0.0298,48,48,23,69.2245652173913,48.9491594899078,48.45719565217391,6093.657391304348,1015.6095652173913,profile,6093.657391304348,6408.0,12000.0,14:25,17:30,19:45,5.333333333333333,normal,own_episode,28.991304347826087,0.4077262071516584,4606.434782608696,0.7559392474513058,17096.415019762844,22060.394205679913,17096.415019762844,22060.394205679913,2.8056081794423555,A_OBSERVED,B_RECOVERED,0.3,2.8056081794423555,17096.415019762844,22060.394205679913,17096.415019762844,22060.394205679913,29.03520521804651,29.03520521804651
D12_I5_N,L5N-248,NT,6,0.0298,132,9,23,69.2245652173913,48.9491594899078,48.45719565217391,6093.657391304348,1015.6095652173913,profile,6093.657391304348,6408.0,12000.0,,,,,,spillover_from_PM,,,,,3855.826086956521,4456.726620007785,28321.695652173912,38127.17856937991,0.6327605638706875,A_OBSERVED,B_RECOVERED,0.3,0.6327605638706875,3855.826086956521,4456.726620007785,28321.695652173912,38127.17856937991,34.621807386216126,15.584222926547142
D12_I5_N,L5N-252,AM,1,0.128,36,0,23,71.7075,50.70485951193436,50.195249999999994,7857.027692307693,7857.027692307693,profile,7857.027692307693,8527.560000000001,2000.0,,,,,,none,,,,,0.0,0.0,20035.82967032967,18738.777789120613,0.0,A_OBSERVED,B_RECOVERED,0.3,0.0,0.0,0.0,20035.82967032967,18738.777789120613,-6.47366194737527,
D12_I5_N,L5N-252,MD,1,0.128,72,0,23,71.7075,50.70485951193436,50.195249999999994,7857.027692307693,7857.027692307693,profile,7857.027692307693,8527.560000000001,2000.0,,,,,,none,,,,,0.0,0.0,38578.42032967032,42794.32783673519,0.0,A_OBSERVED,B_RECOVERED,0.3,0.0,0.0,0.0,38578.42032967032,42794.32783673519,10.928149652157872,
D12_I5_N,L5N-252,PM,1,0.128,48,0,23,71.7075,50.70485951193436,50.195249999999994,7857.027692307693,7857.027692307693,profile,7857.027692307693,8527.560000000001,2000.0,,,,,,none,,,,,0.0,0.0,29510.782967032967,28249.001890169828,0.0,A_OBSERVED,B_RECOVERED,0.3,0.0,0.0,0.0,29510.782967032967,28249.001890169828,-4.275661131297999,
D12_I5_N,L5N-252,NT,1,0.128,132,0,23,71.7075,50.70485951193436,50.195249999999994,7857.027692307693,7857.027692307693,profile,7857.027692307693,8527.560000000001,2000.0,,,,,,none,,,,,0.0,0.0,40641.19597069597,46348.55687969546,0.0,A_OBSERVED,B_RECOVERED,0.3,0.0,0.0,0.0,40641.19597069597,46348.55687969546,14.043289752385101,
D12_I5_S,L5S-002,AM,5,0.092,36,0,23,63.57956521739131,44.95754171010975,44.50569565217392,7161.294782608696,1432.258956521739,profile,7161.294782608696,7666.859999999997,10000.0,,,,,,none,,,,,0.0,0.0,17068.91304347826,15404.448444074947,0.0,A_OBSERVED,B_RECOVERED,0.3,0.0,0.0,0.0,17068.91304347826,15404.448444074947,-9.751438742253574,
D12_I5_S,L5S-002,MD,5,0.092,72,0,23,63.57956521739131,44.95754171010975,44.50569565217392,7161.294782608696,1432.258956521739,profile,7161.294782608696,7666.859999999997,10000.0,,,,,,none,,,,,0.0,0.0,37381.37944664031,30848.963496883145,0.0,A_OBSERVED,B_RECOVERED,0.3,0.0,0.0,0.0,37381.37944664031,30848.963496883145,-17.47505321220636,
D12_I5_S,L5S-002,PM,5,0.092,48,0,23,63.57956521739131,44.95754171010975,44.50569565217392,7161.294782608696,1432.258956521739,profile,7161.294782608696,7666.859999999997,10000.0,,,,,,none,,,,,0.0,0.0,27213.91304347826,13383.12117229355,0.0,A_OBSERVED,B_RECOVERED,0.3,0.0,0.0,0.0,27213.91304347826,13383.12117229355,-50.82250336101233,
D12_I5_S,L5S-002,NT,5,0.092,132,0,23,63.57956521739131,44.95754171010975,44.50569565217392,7161.294782608696,1432.258956521739,profile,7161.294782608696,7666.859999999997,10000.0,,,,,,none,,,,,0.0,0.0,27361.60869565217,50463.6297554425,0.0,A_OBSERVED,B_RECOVERED,0.3,0.0,0.0,0.0,27361.60869565217,50463.6297554425,84.43224708297689,
D12_I5_S,L5S-005,AM,5,0.5207,36,0,23,68.04478260869566,48.11492720697316,47.63134782608696,5121.159130434783,1024.2318260869565,profile,5121.159130434783,6142.620000000003,10000.0,,,,,,none,,,,,0.0,0.0,12649.869565217392,9130.09418718778,0.0,A_OBSERVED,B_RECOVERED,0.3,0.0,0.0,0.0,12649.869565217392,9130.09418718778,-27.824598189595033,
D12_I5_S,L5S-005,MD,5,0.5207,72,0,23,68.04478260869566,48.11492720697316,47.63134782608696,5121.159130434783,1024.2318260869565,profile,5121.159130434783,6142.620000000003,10000.0,,,,,,none,,,,,0.0,0.0,26180.608695652176,17957.403005455977,0.0,A_OBSERVED,B_RECOVERED,0.3,0.0,0.0,0.0,26180.608695652176,17957.403005455977,-31.40952827258684,
D12_I5_S,L5S-005,PM,5,0.5207,48,0,23,68.04478260869566,48.11492720697316,47.63134782608696,5121.159130434783,1024.2318260869565,profile,5121.159130434783,6142.620000000003,10000.0,,,,,,none,,,,,0.0,0.0,18756.521739130432,11584.209767794368,0.0,A_OBSERVED,B_RECOVERED,0.3,0.0,0.0,0.0,18756.521739130432,11584.209767794368,-38.239029981624824,
D12_I5_S,L5S-005,NT,5,0.5207,132,0,23,68.04478260869566,48.11492720697316,47.63134782608696,5121.159130434783,1024.2318260869565,profile,5121.159130434783,6142.620000000003,10000.0,,,,,,none,,,,,0.0,0.0,16936.130434782608,26092.81928888914,0.0,A_OBSERVED,B_RECOVERED,0.3,0.0,0.0,0.0,16936.130434782608,26092.81928888914,54.06600338469858,
D12_I5_S,L5S-009,AM,6,0.8786,36,0,23,72.26521276595744,51.099221990697174,50.58564893617021,7740.865531914894,1290.144255319149,profile,7740.865531914894,9120.0,12000.0,,,,,,none,,,,,0.0,0.0,18926.085106382976,17181.240570459024,0.0,A_OBSERVED,B_RECOVERED,0.3,0.0,0.0,0.0,18926.085106382976,17181.240570459024,-9.219257580826842,
D12_I5_S,L5S-009,MD,6,0.8786,72,0,23,72.26521276595744,51.099221990697174,50.58564893617021,7740.865531914894,1290.144255319149,profile,7740.865531914894,9120.0,12000.0,,,,,,none,,,,,0.0,0.0,39956.82978723405,40014.03677038451,0.0,A_OBSERVED,B_RECOVERED,0.3,0.0,0.0,0.0,39956.82978723405,40014.03677038451,0.1431719769938817,
D12_I5_S,L5S-009,PM,6,0.8786,48,0,23,72.26521276595744,51.099221990697174,50.58564893617021,7740.865531914894,1290.144255319149,profile,7740.865531914894,9120.0,12000.0,,,,,,none,,,,,0.0,0.0,28230.085106382976,25268.95239410227,0.0,A_OBSERVED,B_RECOVERED,0.3,0.0,0.0,0.0,28230.085106382976,25268.95239410227,-10.489280146063665,
D12_I5_S,L5S-009,NT,6,0.8786,132,0,23,72.26521276595744,51.099221990697174,50.58564893617021,7740.865531914894,1290.144255319149,profile,7740.865531914894,9120.0,12000.0,,,,,,none,,,,,0.0,0.0,23116.531914893614,40152.28045197378,0.0,A_OBSERVED,B_RECOVERED,0.3,0.0,0.0,0.0,23116.531914893614,40152.28045197378,73.69508799935642,
D12_I5_S,L5S-010,AM,7,0.2069,36,0,23,67.7695652173913,47.92031912328138,47.43869565217391,9041.778260869565,1291.682608695652,profile,9041.778260869565,10284.0,14000.0,,,,,,none,,,,,0.0,0.0,20939.173913043476,15760.616040762923,0.0,A_OBSERVED,B_RECOVERED,0.3,0.0,0.0,0.0,20939.173913043476,15760.616040762923,-24.731433502516133,
D12_I5_S,L5S-010,MD,7,0.2069,72,0,23,67.7695652173913,47.92031912328138,47.43869565217391,9041.778260869565,1291.682608695652,profile,9041.778260869565,10284.0,14000.0,,,,,,none,,,,,0.0,0.0,44953.82608695652,33828.875542788024,0.0,A_OBSERVED,B_RECOVERED,0.3,0.0,0.0,0.0,44953.82608695652,33828.875542788024,-24.747505412885047,
D12_I5_S,L5S-010,PM,7,0.2069,48,0,23,67.7695652173913,47.92031912328138,47.43869565217391,9041.778260869565,1291.682608695652,profile,9041.778260869565,10284.0,14000.0,,,,,,none,,,,,0.0,0.0,33596.91304347826,11591.05018006462,0.0,A_OBSERVED,B_RECOVERED,0.3,0.0,0.0,0.0,33596.91304347826,11591.05018006462,-65.49965717069163,
D12_I5_S,L5S-010,NT,7,0.2069,132,0,23,67.7695652173913,47.92031912328138,47.43869565217391,9041.778260869565,1291.682608695652,profile,9041.778260869565,10284.0,14000.0,,,,,,none,,,,,0.0,0.0,36675.82608695651,77434.7101152114,0.0,A_OBSERVED,B_RECOVERED,0.3,0.0,0.0,0.0,36675.82608695651,77434.7101152114,111.13283155945189,
D12_I5_S,L5S-013,AM,4,0.2374,36,0,23,69.05347826086957,48.828182742778715,48.337434782608696,4436.413043478261,1109.1032608695652,profile,4436.413043478261,5578.620000000003,8000.0,,,,,,none,,,,,0.0,0.0,10044.826086956522,10131.620262276969,0.0,A_OBSERVED,B_RECOVERED,0.3,0.0,0.0,0.0,10044.826086956522,10131.620262276969,0.8640684723566433,
D12_I5_S,L5S-013,MD,4,0.2374,72,0,23,69.05347826086957,48.828182742778715,48.337434782608696,4436.413043478261,1109.1032608695652,profile,4436.413043478261,5578.620000000003,8000.0,,,,,,none,,,,,0.0,0.0,24102.91304347826,21003.871279024137,0.0,A_OBSERVED,B_RECOVERED,0.3,0.0,0.0,0.0,24102.91304347826,21003.871279024137,-12.85754032661483,
D12_I5_S,L5S-013,PM,4,0.2374,48,0,23,69.05347826086957,48.828182742778715,48.337434782608696,4436.413043478261,1109.1032608695652,profile,4436.413043478261,5578.620000000003,8000.0,,,,,,none,,,,,0.0,0.0,16381.826086956522,11471.243599899306,0.0,A_OBSERVED,B_RECOVERED,0.3,0.0,0.0,0.0,16381.826086956522,11471.243599899306,-29.975794279534572,
D12_I5_S,L5S-013,NT,4,0.2374,132,0,23,69.05347826086957,48.828182742778715,48.337434782608696,4436.413043478261,1109.1032608695652,profile,4436.413043478261,5578.620000000003,8000.0,,,,,,none,,,,,0.0,0.0,19215.869565217392,23761.89845814676,0.0,A_OBSERVED,B_RECOVERED,0.3,0.0,0.0,0.0,19215.869565217392,23761.89845814676,23.657679802105473,
D12_I5_S,L5S-017,AM,5,0.197,36,0,23,70.85913043478261,50.10497163941686,49.60139130434783,6654.203478260869,1330.8406956521737,profile,6654.203478260869,7474.620000000003,10000.0,,,,,,none,,,,,0.0,0.0,14710.47826086956,15917.19372035054,0.0,A_OBSERVED,B_RECOVERED,0.3,0.0,0.0,0.0,14710.47826086956,15917.19372035054,8.203101476930833,
D12_I5_S,L5S-017,MD,5,0.197,72,0,23,70.85913043478261,50.10497163941686,49.60139130434783,6654.203478260869,1330.8406956521737,profile,6654.203478260869,7474.620000000003,10000.0,,,,,,none,,,,,0.0,0.0,34501.17391304347,33406.458412848326,0.0,A_OBSERVED,B_RECOVERED,0.3,0.0,0.0,0.0,34501.17391304347,33406.458412848326,-3.1729804410547318,
D12_I5_S,L5S-017,PM,5,0.197,48,0,23,70.85913043478261,50.10497163941686,49.60139130434783,6654.203478260869,1330.8406956521737,profile,6654.203478260869,7474.620000000003,10000.0,,,,,,none,,,,,0.0,0.0,24876.95652173913,18860.875560791046,0.0,A_OBSERVED,B_RECOVERED,0.3,0.0,0.0,0.0,24876.95652173913,18860.875560791046,-24.183347973820002,
D12_I5_S,L5S-017,NT,5,0.197,132,0,23,70.85913043478261,50.10497163941686,49.60139130434783,6654.203478260869,1330.8406956521737,profile,6654.203478260869,7474.620000000003,10000.0,,,,,,none,,,,,0.0,0.0,23218.434782608696,37617.61363968646,0.0,A_OBSERVED,B_RECOVERED,0.3,0.0,0.0,0.0,23218.434782608696,37617.61363968646,62.016147909604925,
D12_I5_S,L5S-022,AM,7,0.0286,36,0,23,70.6707142857143,49.971741302725604,49.469500000000004,8428.522714285715,1204.0746734693878,profile,8428.522714285715,9014.04,14000.0,,,,,,none,,,,,0.0,0.0,23077.240476190476,24634.24210707346,0.0,A_OBSERVED,B_RECOVERED,0.3,0.0,0.0,0.0,23077.240476190476,24634.24210707346,6.746914270314909,
D12_I5_S,L5S-022,MD,7,0.0286,72,0,23,70.6707142857143,49.971741302725604,49.469500000000004,8428.522714285715,1204.0746734693878,profile,8428.522714285715,9014.04,14000.0,,,,,,none,,,,,0.0,0.0,42526.66065162907,43653.96744173947,0.0,A_OBSERVED,B_RECOVERED,0.3,0.0,0.0,0.0,42526.66065162907,43653.96744173947,2.6508236782217622,
D12_I5_S,L5S-022,PM,7,0.0286,48,0,23,70.6707142857143,49.971741302725604,49.469500000000004,8428.522714285715,1204.0746734693878,profile,8428.522714285715,9014.04,14000.0,,,,,,none,,,,,0.0,0.0,31493.090476190475,30338.06744861437,0.0,A_OBSERVED,B_RECOVERED,0.3,0.0,0.0,0.0,31493.090476190475,30338.06744861437,-3.6675442457745797,
D12_I5_S,L5S-022,NT,7,0.0286,132,0,23,70.6707142857143,49.971741302725604,49.469500000000004,8428.522714285715,1204.0746734693878,profile,8428.522714285715,9014.04,14000.0,,,,,,none,,,,,0.0,0.0,35990.19047619047,47206.33079387647,0.0,A_OBSERVED,B_RECOVERED,0.3,0.0,0.0,0.0,35990.19047619047,47206.33079387647,31.164437223821036,
D12_I5_S,L5S-028,AM,6,0.1845,36,19,23,71.65613636363635,50.668539936355224,50.15929545454544,7765.729090909091,1294.2881818181818,profile,7765.729090909091,8268.0,12000.0,07:25,08:00,09:20,1.9166666666666665,normal,own_episode,41.495238095238086,0.18104531633711418,7010.571428571428,0.9027576608071889,11405.538961038957,12131.076217701968,21514.993506493505,22838.723520253483,1.4687016283365835,A_OBSERVED,B_RECOVERED,0.3,1.4687016283365835,11405.538961038957,12131.076217701968,21514.993506493505,22838.723520253483,6.152593136318906,6.361271125734855
D12_I5_S,L5S-028,MD,6,0.1845,72,4,23,71.65613636363635,50.668539936355224,50.15929545454544,7765.729090909091,1294.2881818181818,profile,7765.729090909091,8268.0,12000.0,,,,,,spillover_from_AM,,,,,2205.747619047619,2564.8189395423105,38068.24112554112,42029.79114035191,0.2840361276096749,A_OBSERVED,B_RECOVERED,0.3,0.2840361276096749,2205.747619047619,2564.8189395423105,38068.24112554112,42029.79114035191,10.406443527943471,16.278894166945925
D12_I5_S,L5S-028,PM,6,0.1845,48,8,23,71.65613636363635,50.668539936355224,50.15929545454544,7765.729090909091,1294.2881818181818,profile,7765.729090909091,8268.0,12000.0,17:00,17:05,17:40,0.6666666666666666,normal,own_episode,48.45909090909091,0.04360593437347127,7633.090909090909,0.9829200606581224,5088.272727272726,5172.072407230955,28822.474025974025,28794.72585961561,0.6552215082070382,A_OBSERVED,B_RECOVERED,0.3,0.6552215082070382,5088.272727272726,5172.072407230955,28822.474025974025,28794.72585961561,-0.09627267365531843,1.6469180102919672
D12_I5_S,L5S-028,NT,6,0.1845,132,0,23,71.65613636363635,50.668539936355224,50.15929545454544,7765.729090909091,1294.2881818181818,profile,7765.729090909091,8268.0,12000.0,,,,,,none,,,,,0.0,0.0,32318.31818181818,46681.24077613179,0.0,A_OBSERVED,B_RECOVERED,0.3,0.0,0.0,0.0,32318.31818181818,46681.24077613179,44.4420483563219,
D12_I5_S,L5S-033,AM,5,0.4611,36,28,23,69.02899999999998,48.810873998526176,48.32029999999998,6090.024,1218.0048000000002,profile,6090.024,6720.0,10000.0,06:40,07:35,09:20,2.6666666666666665,normal,own_episode,37.80285714285716,0.22552386289992266,5160.727272727273,0.8474067216692861,12321.111357270182,13970.703817729693,16152.282785841608,17808.716713722068,2.023163021569403,A_OBSERVED,B_RECOVERED,0.3,2.023163021569403,12321.111357270182,13970.703817729693,16152.282785841608,17808.716713722068,10.255107280145062,13.388341462283387
D12_I5_S,L5S-033,MD,5,0.4611,72,4,23,69.02899999999998,48.810873998526176,48.32029999999998,6090.024,1218.0048000000002,profile,6090.024,6720.0,10000.0,,,,,,spillover_from_AM,,,,,1699.5619047619048,2021.9464213707133,30130.696751552525,33176.7898930392,0.2790731045989153,A_OBSERVED,B_RECOVERED,0.3,0.2790731045989153,1699.5619047619048,2021.9464213707133,30130.696751552525,33176.7898930392,10.109600739085856,18.968683382790466
D12_I5_S,L5S-033,PM,5,0.4611,48,13,23,69.02899999999998,48.810873998526176,48.32029999999998,6090.024,1218.0048000000002,profile,6090.024,6720.0,10000.0,17:10,17:40,18:15,1.0833333333333333,normal,own_episode,38.08235294117647,0.2197977659173579,5567.64705882353,0.9142241572157235,6050.4277820218995,6447.533269567923,22285.15487331296,22111.818024379805,0.9934981835903929,A_OBSERVED,B_RECOVERED,0.3,0.9934981835903929,6050.4277820218995,6447.533269567923,22285.15487331296,22111.818024379805,-0.7778130774434528,6.563262993171709
D12_I5_S,L5S-033,NT,5,0.4611,132,0,23,69.02899999999998,48.810873998526176,48.32029999999998,6090.024,1218.0048000000002,profile,6090.024,6720.0,10000.0,,,,,,none,,,,,0.0,0.0,28445.771428571425,34601.14113415453,0.0,A_OBSERVED,B_RECOVERED,0.3,0.0,0.0,0.0,28445.771428571425,34601.14113415453,21.63896212496648,
D12_I5_S,L5S-035,AM,6,0.1939,36,13,23,72.21923076923076,51.06670780899924,50.553461538461534,9215.79923076923,1535.9665384615382,profile,9215.79923076923,10080.0,12000.0,08:25,08:55,09:05,0.6666666666666666,normal,own_episode,49.01666666666668,0.040144376449724684,8114.653846153846,0.8805154759731596,9068.86013986014,9975.372863701205,25353.244755244756,27382.01672397252,0.984055740882625,A_OBSERVED,B_RECOVERED,0.3,0.984055740882625,9068.86013986014,9975.372863701205,25353.244755244756,27382.01672397252,8.00202099696954,9.99588382509827
D12_I5_S,L5S-035,MD,6,0.1939,72,1,23,72.21923076923076,51.06670780899924,50.553461538461534,9215.79923076923,1535.9665384615382,profile,9215.79923076923,10080.0,12000.0,,,,,,spillover_from_AM,,,,,674.6923076923076,767.8194158489792,46758.67039627039,48531.21459580449,0.07321039562577276,A_OBSERVED,B_RECOVERED,0.3,0.07321039562577276,674.6923076923076,767.8194158489792,46758.67039627039,48531.21459580449,3.790835334948887,13.802900536275581
D12_I5_S,L5S-035,PM,6,0.1939,48,0,23,72.21923076923076,51.06670780899924,50.553461538461534,9215.79923076923,1535.9665384615382,profile,9215.79923076923,10080.0,12000.0,,,,,,none,,,,,0.0,0.0,34198.89102564102,33102.65225564483,0.0,A_OBSERVED,B_RECOVERED,0.3,0.0,0.0,0.0,34198.89102564102,33102.65225564483,-3.205480461849693,
D12_I5_S,L5S-035,NT,6,0.1939,132,0,23,72.21923076923076,51.06670780899924,50.553461538461534,9215.79923076923,1535.9665384615382,profile,9215.79923076923,10080.0,12000.0,,,,,,none,,,,,0.0,0.0,40726.230769230766,52307.83255648796,0.0,A_OBSERVED,B_RECOVERED,0.3,0.0,0.0,0.0,40726.230769230766,52307.83255648796,28.43769621815152,
D12_I5_S,L5S-036,AM,5,0.3039,36,32,23,71.9725,50.892242808948794,50.38074999999999,8444.25,1688.85,profile,8444.25,8824.860000000002,10000.0,06:20,07:55,10:20,4.0,normal,own_episode,21.73076923076923,0.5730042923762021,6888.923076923077,0.8158123074190221,18281.769230769227,18920.493934320613,20889.30769230769,21730.1323494376,2.1649962081616754,A_OBSERVED,B_RECOVERED,0.3,2.1649962081616754,18281.769230769227,18920.493934320613,20889.30769230769,21730.1323494376,4.025143721922082,3.4937794886743103
D12_I5_S,L5S-036,MD,5,0.3039,72,16,23,71.9725,50.892242808948794,50.38074999999999,8444.25,1688.85,profile,8444.25,8824.860000000002,10000.0,,,,,,spillover_from_AM,,,,,9319.205128205127,10639.006973831112,45592.19755244756,47902.88162095825,1.1036154931705158,A_OBSERVED,B_RECOVERED,0.3,1.1036154931705158,9319.205128205127,10639.006973831112,45592.19755244756,47902.88162095825,5.0681568175181075,14.162171853386148
D12_I5_S,L5S-036,PM,5,0.3039,48,8,23,71.9725,50.892242808948794,50.38074999999999,8444.25,1688.85,profile,8444.25,8824.860000000002,10000.0,17:25,17:45,18:05,0.6666666666666666,normal,own_episode,41.34166666666666,0.18766270879700309,7586.0,0.8983627912484827,4996.25,5548.009532111371,31761.64393939394,31961.186357122853,0.591674808301507,A_OBSERVED,B_RECOVERED,0.3,0.591674808301507,4996.25,5548.009532111371,31761.64393939394,31961.186357122853,0.6282496526617786,11.043473247162797
D12_I5_S,L5S-036,NT,5,0.3039,132,0,23,71.9725,50.892242808948794,50.38074999999999,8444.25,1688.85,profile,8444.25,8824.860000000002,10000.0,,,,,,none,,,,,0.0,0.0,43878.307692307695,48991.33834589459,0.0,A_OBSERVED,B_RECOVERED,0.3,0.0,0.0,0.0,43878.307692307695,48991.33834589459,11.652752629936227,
D12_I5_S,L5S-041,AM,7,0.0255,36,8,23,71.44891304347826,50.52201092145145,50.014239130434774,7951.779130434782,1135.968447204969,profile,7951.779130434782,8341.319999999996,14000.0,07:35,07:50,08:15,0.6666666666666666,normal,own_episode,46.90434782608696,0.07160568293667102,7003.304347826087,0.8807216891904749,4808.95652173913,5290.048080901923,21595.869565217392,23323.686066150352,0.6047648510926622,A_OBSERVED,B_RECOVERED,0.3,0.6047648510926622,4808.95652173913,5290.048080901923,21595.869565217392,23323.686066150352,8.00068038804886,10.00407379413796
D12_I5_S,L5S-041,MD,7,0.0255,72,0,23,71.44891304347826,50.52201092145145,50.014239130434774,7951.779130434782,1135.968447204969,profile,7951.779130434782,8341.319999999996,14000.0,,,,,,none,,,,,0.0,0.0,38038.3814229249,43097.11947630983,0.0,A_OBSERVED,B_RECOVERED,0.3,0.0,0.0,0.0,38038.3814229249,43097.11947630983,13.29903603715416,
D12_I5_S,L5S-041,PM,7,0.0255,48,0,23,71.44891304347826,50.52201092145145,50.014239130434774,7951.779130434782,1135.968447204969,profile,7951.779130434782,8341.319999999996,14000.0,,,,,,none,,,,,0.0,0.0,27438.575098814228,27526.80087352758,0.0,A_OBSERVED,B_RECOVERED,0.3,0.0,0.0,0.0,27438.575098814228,27526.80087352758,0.32153919945050075,
D12_I5_S,L5S-041,NT,7,0.0255,132,0,23,71.44891304347826,50.52201092145145,50.014239130434774,7951.779130434782,1135.968447204969,profile,7951.779130434782,8341.319999999996,14000.0,,,,,,none,,,,,0.0,0.0,36862.869565217385,46740.81952926177,0.0,A_OBSERVED,B_RECOVERED,0.3,0.0,0.0,0.0,36862.869565217385,46740.81952926177,26.796475913434854,
D12_I5_S,L5S-045,AM,5,0.2604,36,0,23,69.1952619047619,48.92843891883633,48.436683333333335,6068.337692307692,1213.6675384615385,profile,6068.337692307692,6470.459999999999,10000.0,,,,,,none,,,,,0.0,0.0,15385.15238095238,16468.503868989304,0.0,A_OBSERVED,B_RECOVERED,0.3,0.0,0.0,0.0,15385.15238095238,16468.503868989304,7.041538889001641,
D12_I5_S,L5S-045,MD,5,0.2604,72,0,23,69.1952619047619,48.92843891883633,48.436683333333335,6068.337692307692,1213.6675384615385,profile,6068.337692307692,6470.459999999999,10000.0,,,,,,none,,,,,0.0,0.0,30634.30989010989,33609.03453873459,0.0,A_OBSERVED,B_RECOVERED,0.3,0.0,0.0,0.0,30634.30989010989,33609.03453873459,9.71043467045775,
D12_I5_S,L5S-045,PM,5,0.2604,48,0,23,69.1952619047619,48.92843891883633,48.436683333333335,6068.337692307692,1213.6675384615385,profile,6068.337692307692,6470.459999999999,10000.0,,,,,,none,,,,,0.0,0.0,22336.005494505494,18002.210750368664,0.0,A_OBSERVED,B_RECOVERED,0.3,0.0,0.0,0.0,22336.005494505494,18002.210750368664,-19.402729575809403,
D12_I5_S,L5S-045,NT,5,0.2604,132,0,23,69.1952619047619,48.92843891883633,48.436683333333335,6068.337692307692,1213.6675384615385,profile,6068.337692307692,6470.459999999999,10000.0,,,,,,none,,,,,0.0,0.0,30137.83553113553,34534.59151023792,0.0,A_OBSERVED,B_RECOVERED,0.3,0.0,0.0,0.0,30137.83553113553,34534.59151023792,14.588824650529677,
D12_I5_S,L5S-048,AM,5,0.3237,36,0,23,69.83869565217393,49.38341528487564,48.88708695652174,4320.5817391304345,864.1163478260869,profile,4320.5817391304345,4908.0,10000.0,,,,,,none,,,,,0.0,0.0,9475.391304347826,10500.828415571903,0.0,A_OBSERVED,B_RECOVERED,0.3,0.0,0.0,0.0,9475.391304347826,10500.828415571903,10.822108325526889,
D12_I5_S,L5S-048,MD,5,0.3237,72,0,23,69.83869565217393,49.38341528487564,48.88708695652174,4320.5817391304345,864.1163478260869,profile,4320.5817391304345,4908.0,10000.0,,,,,,none,,,,,0.0,0.0,22985.782608695652,22467.148761177818,0.0,A_OBSERVED,B_RECOVERED,0.3,0.0,0.0,0.0,22985.782608695652,22467.148761177818,-2.2563245130563114,
D12_I5_S,L5S-048,PM,5,0.3237,48,0,23,69.83869565217393,49.38341528487564,48.88708695652174,4320.5817391304345,864.1163478260869,profile,4320.5817391304345,4908.0,10000.0,,,,,,none,,,,,0.0,0.0,16088.869565217392,11628.959956584915,0.0,A_OBSERVED,B_RECOVERED,0.3,0.0,0.0,0.0,16088.869565217392,11628.959956584915,-27.72046594419771,
D12_I5_S,L5S-048,NT,5,0.3237,132,0,23,69.83869565217393,49.38341528487564,48.88708695652174,4320.5817391304345,864.1163478260869,profile,4320.5817391304345,4908.0,10000.0,,,,,,none,,,,,0.0,0.0,17202.913043478256,24815.27676970738,0.0,A_OBSERVED,B_RECOVERED,0.3,0.0,0.0,0.0,17202.913043478256,24815.27676970738,44.250434254883494,
D12_I5_S,L5S-049,AM,6,0.146,36,10,23,68.13760869565218,48.180565162531124,47.69632608695652,6884.929565217391,1147.4882608695652,profile,6884.929565217391,7273.319999999996,12000.0,07:20,07:40,08:10,0.8333333333333333,normal,own_episode,41.32608695652175,0.1422664550091235,6156.0,0.8941267941360014,5313.260869565217,5691.54464642691,19247.60869565217,20096.857815375726,0.7717233443327828,A_OBSERVED,B_RECOVERED,0.3,0.7717233443327828,5313.260869565217,5691.54464642691,19247.60869565217,20096.857815375726,4.412231842158107,7.119616110485606
D12_I5_S,L5S-049,MD,6,0.146,72,0,23,68.13760869565218,48.180565162531124,47.69632608695652,6884.929565217391,1147.4882608695652,profile,6884.929565217391,7273.319999999996,12000.0,,,,,,none,,,,,0.0,0.0,33212.37944664031,35776.931970649195,0.0,A_OBSERVED,B_RECOVERED,0.3,0.0,0.0,0.0,33212.37944664031,35776.931970649195,7.721676575835662,
D12_I5_S,L5S-049,PM,6,0.146,48,0,23,68.13760869565218,48.180565162531124,47.69632608695652,6884.929565217391,1147.4882608695652,profile,6884.929565217391,7273.319999999996,12000.0,,,,,,none,,,,,0.0,0.0,23604.411067193672,23804.6889196236,0.0,A_OBSERVED,B_RECOVERED,0.3,0.0,0.0,0.0,23604.411067193672,23804.6889196236,0.8484763795199375,
D12_I5_S,L5S-049,NT,6,0.146,132,0,23,68.13760869565218,48.180565162531124,47.69632608695652,6884.929565217391,1147.4882608695652,profile,6884.929565217391,7273.319999999996,12000.0,,,,,,none,,,,,0.0,0.0,31348.130434782608,37476.154884851254,0.0,A_OBSERVED,B_RECOVERED,0.3,0.0,0.0,0.0,31348.130434782608,37476.154884851254,19.548293199868912,
D12_I5_S,L5S-051,AM,5,1.2266,36,0,23,71.01695652173912,50.216571535751946,49.71186956521738,6841.4908695652175,1368.2981739130435,profile,6841.4908695652175,7800.0,10000.0,,,,,,none,,,,,0.0,0.0,14948.000000000002,15747.373140059903,0.0,A_OBSERVED,B_RECOVERED,0.3,0.0,0.0,0.0,14948.000000000002,15747.373140059903,5.347692935910494,
D12_I5_S,L5S-051,MD,5,1.2266,72,0,23,71.01695652173912,50.216571535751946,49.71186956521738,6841.4908695652175,1368.2981739130435,profile,6841.4908695652175,7800.0,10000.0,,,,,,none,,,,,0.0,0.0,35325.71739130435,34938.171697071535,0.0,A_OBSERVED,B_RECOVERED,0.3,0.0,0.0,0.0,35325.71739130435,34938.171697071535,-1.097063903727581,
D12_I5_S,L5S-051,PM,5,1.2266,48,0,23,71.01695652173912,50.216571535751946,49.71186956521738,6841.4908695652175,1368.2981739130435,profile,6841.4908695652175,7800.0,10000.0,,,,,,none,,,,,0.0,0.0,25596.260869565216,20668.608320474472,0.0,A_OBSERVED,B_RECOVERED,0.3,0.0,0.0,0.0,25596.260869565216,20668.608320474472,-19.251454633164343,
D12_I5_S,L5S-051,NT,5,1.2266,132,0,23,71.01695652173912,50.216571535751946,49.71186956521738,6841.4908695652175,1368.2981739130435,profile,6841.4908695652175,7800.0,10000.0,,,,,,none,,,,,0.0,0.0,23196.695652173912,38363.43244080299,0.0,A_OBSERVED,B_RECOVERED,0.3,0.0,0.0,0.0,23196.695652173912,38363.43244080299,65.38317791485836,
D12_I5_S,L5S-052,AM,7,0.6176,36,0,23,71.71239130434782,50.70831818640755,50.19867391304347,8545.398260869564,1220.7711801242235,profile,8545.398260869564,9070.620000000004,14000.0,,,,,,none,,,,,0.0,0.0,18580.739130434784,21872.6802046578,0.0,A_OBSERVED,B_RECOVERED,0.3,0.0,0.0,0.0,18580.739130434784,21872.6802046578,17.716954374709996,
D12_I5_S,L5S-052,MD,7,0.6176,72,0,23,71.71239130434782,50.70831818640755,50.19867391304347,8545.398260869564,1220.7711801242235,profile,8545.398260869564,9070.620000000004,14000.0,,,,,,none,,,,,0.0,0.0,40975.17391304347,44856.705599361805,0.0,A_OBSERVED,B_RECOVERED,0.3,0.0,0.0,0.0,40975.17391304347,44856.705599361805,9.472886422777913,
D12_I5_S,L5S-052,PM,7,0.6176,48,0,23,71.71239130434782,50.70831818640755,50.19867391304347,8545.398260869564,1220.7711801242235,profile,8545.398260869564,9070.620000000004,14000.0,,,,,,none,,,,,0.0,0.0,31198.391304347824,24893.77989415785,0.0,A_OBSERVED,B_RECOVERED,0.3,0.0,0.0,0.0,31198.391304347824,24893.77989415785,-20.208129799664892,
D12_I5_S,L5S-052,NT,7,0.6176,132,0,23,71.71239130434782,50.70831818640755,50.19867391304347,8545.398260869564,1220.7711801242235,profile,8545.398260869564,9070.620000000004,14000.0,,,,,,none,,,,,0.0,0.0,25054.782608695652,52670.32191306077,0.0,A_OBSERVED,B_RECOVERED,0.3,0.0,0.0,0.0,25054.782608695652,52670.32191306077,110.2206302711272,
D12_I5_S,L5S-053,AM,5,0.4337,36,0,23,69.30869565217391,49.008648690846755,48.51608695652173,6390.422608695652,1278.0845217391304,profile,6390.422608695652,6744.0,10000.0,,,,,,none,,,,,0.0,0.0,14250.086956521738,15048.390777198125,0.0,A_OBSERVED,B_RECOVERED,0.3,0.0,0.0,0.0,14250.086956521738,15048.390777198125,5.602097889732755,
D12_I5_S,L5S-053,MD,5,0.4337,72,0,23,69.30869565217391,49.008648690846755,48.51608695652173,6390.422608695652,1278.0845217391304,profile,6390.422608695652,6744.0,10000.0,,,,,,none,,,,,0.0,0.0,31735.391304347828,32599.89839741976,0.0,A_OBSERVED,B_RECOVERED,0.3,0.0,0.0,0.0,31735.391304347828,32599.89839741976,2.724110393916883,
D12_I5_S,L5S-053,PM,5,0.4337,48,0,23,69.30869565217391,49.008648690846755,48.51608695652173,6390.422608695652,1278.0845217391304,profile,6390.422608695652,6744.0,10000.0,,,,,,none,,,,,0.0,0.0,23358.347826086952,19579.531543394718,0.0,A_OBSERVED,B_RECOVERED,0.3,0.0,0.0,0.0,23358.347826086952,19579.531543394718,-16.17758375218643,
D12_I5_S,L5S-053,NT,5,0.4337,132,0,23,69.30869565217391,49.008648690846755,48.51608695652173,6390.422608695652,1278.0845217391304,profile,6390.422608695652,6744.0,10000.0,,,,,,none,,,,,0.0,0.0,20851.434782608692,34124.81330088113,0.0,A_OBSERVED,B_RECOVERED,0.3,0.0,0.0,0.0,20851.434782608692,34124.81330088113,63.65690733830558,
D12_I5_S,L5S-054,AM,7,0.3741,36,0,23,71.93173913043478,50.86342052167217,50.35221739130434,8294.517391304349,1184.9310559006212,profile,8294.517391304349,8926.620000000003,14000.0,,,,,,none,,,,,0.0,0.0,20487.304347826084,11790.727557344435,0.0,A_OBSERVED,B_RECOVERED,0.3,0.0,0.0,0.0,20487.304347826084,11790.727557344435,-42.44861423852693,
D12_I5_S,L5S-054,MD,7,0.3741,72,0,23,71.93173913043478,50.86342052167217,50.35221739130434,8294.517391304349,1184.9310559006212,profile,8294.517391304349,8926.620000000003,14000.0,,,,,,none,,,,,0.0,0.0,44111.086956521736,29393.79392252473,0.0,A_OBSERVED,B_RECOVERED,0.3,0.0,0.0,0.0,44111.086956521736,29393.79392252473,-33.36415864905611,
D12_I5_S,L5S-054,PM,7,0.3741,48,0,23,71.93173913043478,50.86342052167217,50.35221739130434,8294.517391304349,1184.9310559006212,profile,8294.517391304349,8926.620000000003,14000.0,,,,,,none,,,,,0.0,0.0,30292.043478260868,19297.13564198175,0.0,A_OBSERVED,B_RECOVERED,0.3,0.0,0.0,0.0,30292.043478260868,19297.13564198175,-36.29635565579995,
D12_I5_S,L5S-054,NT,7,0.3741,132,0,23,71.93173913043478,50.86342052167217,50.35221739130434,8294.517391304349,1184.9310559006212,profile,8294.517391304349,8926.620000000003,14000.0,,,,,,none,,,,,0.0,0.0,32714.434782608692,38412.49324963208,0.0,A_OBSERVED,B_RECOVERED,0.3,0.0,0.0,0.0,32714.434782608692,38412.49324963208,17.417566602900727,
D12_I5_S,L5S-055,AM,5,0.0628,36,0,23,68.76456521739131,48.623890370561995,48.13519565217391,4177.622608695652,835.5245217391305,profile,4177.622608695652,4918.620000000003,10000.0,,,,,,none,,,,,0.0,0.0,8822.521739130436,10416.93107494075,0.0,A_OBSERVED,B_RECOVERED,0.3,0.0,0.0,0.0,8822.521739130436,10416.93107494075,18.072036351450947,
D12_I5_S,L5S-055,MD,5,0.0628,72,0,23,68.76456521739131,48.623890370561995,48.13519565217391,4177.622608695652,835.5245217391305,profile,4177.622608695652,4918.620000000003,10000.0,,,,,,none,,,,,0.0,0.0,21899.130434782608,22192.720416149794,0.0,A_OBSERVED,B_RECOVERED,0.3,0.0,0.0,0.0,21899.130434782608,22192.720416149794,1.3406467541783025,
D12_I5_S,L5S-055,PM,5,0.0628,48,0,23,68.76456521739131,48.623890370561995,48.13519565217391,4177.622608695652,835.5245217391305,profile,4177.622608695652,4918.620000000003,10000.0,,,,,,none,,,,,0.0,0.0,15570.043478260868,10155.258599135379,0.0,A_OBSERVED,B_RECOVERED,0.3,0.0,0.0,0.0,15570.043478260868,10155.258599135379,-34.7769412891216,
D12_I5_S,L5S-055,NT,5,0.0628,132,0,23,68.76456521739131,48.623890370561995,48.13519565217391,4177.622608695652,835.5245217391305,profile,4177.622608695652,4918.620000000003,10000.0,,,,,,none,,,,,0.0,0.0,15421.739130434778,25855.931065965782,0.0,A_OBSERVED,B_RECOVERED,0.3,0.0,0.0,0.0,15421.739130434778,25855.931065965782,67.65898351204204,
D12_I5_S,L5S-058,AM,6,0.5033,36,0,23,68.9913043478261,48.78421914725278,48.29391304347827,9777.931304347827,1629.6552173913044,profile,9777.931304347827,10296.0,12000.0,,,,,,none,,,,,0.0,0.0,22383.869565217385,20364.45784945764,0.0,A_OBSERVED,B_RECOVERED,0.3,0.0,0.0,0.0,22383.869565217385,20364.45784945764,-9.021727498348792,
D12_I5_S,L5S-058,MD,6,0.5033,72,0,23,68.9913043478261,48.78421914725278,48.29391304347827,9777.931304347827,1629.6552173913044,profile,9777.931304347827,10296.0,12000.0,,,,,,none,,,,,0.0,0.0,49300.30434782609,40704.62622082446,0.0,A_OBSERVED,B_RECOVERED,0.3,0.0,0.0,0.0,49300.30434782609,40704.62622082446,-17.435344955189223,
D12_I5_S,L5S-058,PM,6,0.5033,48,0,23,68.9913043478261,48.78421914725278,48.29391304347827,9777.931304347827,1629.6552173913044,profile,9777.931304347827,10296.0,12000.0,,,,,,none,,,,,0.0,0.0,37450.043478260865,27830.399201761822,0.0,A_OBSERVED,B_RECOVERED,0.3,0.0,0.0,0.0,37450.043478260865,27830.399201761822,-25.686603760775572,
D12_I5_S,L5S-058,NT,6,0.5033,132,0,23,68.9913043478261,48.78421914725278,48.29391304347827,9777.931304347827,1629.6552173913044,profile,9777.931304347827,10296.0,12000.0,,,,,,none,,,,,0.0,0.0,35758.043478260865,51239.65937124513,0.0,A_OBSERVED,B_RECOVERED,0.3,0.0,0.0,0.0,35758.043478260865,51239.65937124513,43.295478127589185,
D12_I5_S,L5S-061,AM,7,0.1547,36,29,23,69.67107142857142,49.26488705967518,48.769749999999995,9925.44,1417.92,profile,9925.44,10536.78,14000.0,06:35,07:50,09:25,2.833333333333333,normal,own_episode,37.89285714285714,0.23083438520914412,8677.714285714286,0.8742901358241333,21408.5989010989,23370.33995025627,26816.098901098903,28929.544089081464,2.1569420500349503,A_OBSERVED,B_RECOVERED,0.3,2.1569420500349503,21408.5989010989,23370.33995025627,26816.098901098903,28929.544089081464,7.881255195907536,9.163332258313627
D12_I5_S,L5S-061,MD,7,0.1547,72,5,23,69.67107142857142,49.26488705967518,48.769749999999995,9925.44,1417.92,profile,9925.44,10536.78,14000.0,,,,,,spillover_from_AM,,,,,3529.6153846153848,4092.7343070229094,51125.14568764568,52921.09080235363,0.35561298890682774,A_OBSERVED,B_RECOVERED,0.3,0.35561298890682774,3529.6153846153848,4092.7343070229094,51125.14568764568,52921.09080235363,3.512841069794624,15.954115705127647
D12_I5_S,L5S-061,PM,7,0.1547,48,15,23,69.67107142857142,49.26488705967518,48.769749999999995,9925.44,1417.92,profile,9925.44,10536.78,14000.0,17:00,17:50,18:15,1.25,normal,own_episode,41.40714285714286,0.15949989275351706,9193.714285714286,0.92627775551656,11504.714285714286,12267.81500390761,36827.46153846153,35843.23847478131,1.159113780921983,A_OBSERVED,B_RECOVERED,0.3,1.159113780921983,11504.714285714286,12267.81500390761,36827.46153846153,35843.23847478131,-2.6725248566272364,6.632939325932556
D12_I5_S,L5S-061,NT,7,0.1547,132,0,23,69.67107142857142,49.26488705967518,48.769749999999995,9925.44,1417.92,profile,9925.44,10536.78,14000.0,,,,,,none,,,,,0.0,0.0,44583.35714285714,57438.413958010016,0.0,A_OBSERVED,B_RECOVERED,0.3,0.0,0.0,0.0,44583.35714285714,57438.413958010016,28.833756897134954,
D12_I5_S,L5S-062,AM,5,0.1877,36,18,23,72.1721739130435,51.0334335868879,50.520521739130444,5690.34,1138.068,profile,5690.34,6108.0,10000.0,07:30,08:25,09:25,1.9166666666666665,normal,own_episode,34.434782608695656,0.3252505232659274,4440.782608695652,0.7804072531159214,6953.347826086957,8136.3450524926275,14975.652173913044,16228.60216652356,1.2219564781870602,A_OBSERVED,B_RECOVERED,0.3,1.2219564781870602,6953.347826086957,8136.3450524926275,14975.652173913044,16228.60216652356,8.366580487179734,17.01334746936441
D12_I5_S,L5S-062,MD,5,0.1877,72,5,23,72.1721739130435,51.0334335868879,50.520521739130444,5690.34,1138.068,profile,5690.34,6108.0,10000.0,,,,,,spillover_from_AM,,,,,1909.521739130435,2346.2692225740698,29312.42490118577,29965.547355439143,0.3355725209970643,A_OBSERVED,B_RECOVERED,0.3,0.3355725209970643,1909.521739130435,2346.2692225740698,29312.42490118577,29965.547355439143,2.228142013003346,22.872087522948153
D12_I5_S,L5S-062,PM,5,0.1877,48,0,23,72.1721739130435,51.0334335868879,50.520521739130444,5690.34,1138.068,profile,5690.34,6108.0,10000.0,,,,,,none,,,,,0.0,0.0,20555.590909090908,18364.926772330145,0.0,A_OBSERVED,B_RECOVERED,0.3,0.0,0.0,0.0,20555.590909090908,18364.926772330145,-10.657266660195695,
D12_I5_S,L5S-062,NT,5,0.1877,132,0,23,72.1721739130435,51.0334335868879,50.520521739130444,5690.34,1138.068,profile,5690.34,6108.0,10000.0,,,,,,none,,,,,0.0,0.0,29074.82608695652,26879.676173154374,0.0,A_OBSERVED,B_RECOVERED,0.3,0.0,0.0,0.0,29074.82608695652,26879.676173154374,-7.550001871849302,
D12_I5_S,L5S-063,AM,4,0.3834,36,0,23,68.34035714285713,48.32392996442479,47.83824999999999,4552.024285714286,1138.0060714285714,profile,4552.024285714286,5400.0,8000.0,,,,,,none,,,,,0.0,0.0,11927.371794871793,9369.10915540973,0.0,A_OBSERVED,B_RECOVERED,0.3,0.0,0.0,0.0,11927.371794871793,9369.10915540973,-21.448670197083956,
D12_I5_S,L5S-063,MD,4,0.3834,72,0,23,68.34035714285713,48.32392996442479,47.83824999999999,4552.024285714286,1138.0060714285714,profile,4552.024285714286,5400.0,8000.0,,,,,,none,,,,,0.0,0.0,23121.043956043955,17667.691867983893,0.0,A_OBSERVED,B_RECOVERED,0.3,0.0,0.0,0.0,23121.043956043955,17667.691867983893,-23.58609800849641,
D12_I5_S,L5S-063,PM,4,0.3834,48,0,23,68.34035714285713,48.32392996442479,47.83824999999999,4552.024285714286,1138.0060714285714,profile,4552.024285714286,5400.0,8000.0,,,,,,none,,,,,0.0,0.0,16062.517399267399,14324.611655165552,0.0,A_OBSERVED,B_RECOVERED,0.3,0.0,0.0,0.0,16062.517399267399,14324.611655165552,-10.819634935810942,
D12_I5_S,L5S-063,NT,4,0.3834,132,0,23,68.34035714285713,48.32392996442479,47.83824999999999,4552.024285714286,1138.0060714285714,profile,4552.024285714286,5400.0,8000.0,,,,,,none,,,,,0.0,0.0,19120.071428571428,23346.15798241091,0.0,A_OBSERVED,B_RECOVERED,0.3,0.0,0.0,0.0,19120.071428571428,23346.15798241091,22.10288057566759,
D12_I5_S,L5S-065,AM,5,0.2355,36,0,23,69.20739130434782,48.93701569953525,48.445173913043476,6618.346956521738,1323.6693913043478,profile,6618.346956521738,7342.620000000003,10000.0,,,,,,none,,,,,0.0,0.0,18049.652173913044,19336.723399316157,0.0,A_OBSERVED,B_RECOVERED,0.3,0.0,0.0,0.0,18049.652173913044,19336.723399316157,7.130725916498837,
D12_I5_S,L5S-065,MD,5,0.2355,72,0,23,69.20739130434782,48.93701569953525,48.445173913043476,6618.346956521738,1323.6693913043478,profile,6618.346956521738,7342.620000000003,10000.0,,,,,,none,,,,,0.0,0.0,35077.086956521736,36204.47950650385,0.0,A_OBSERVED,B_RECOVERED,0.3,0.0,0.0,0.0,35077.086956521736,36204.47950650385,3.214042692255268,
D12_I5_S,L5S-065,PM,5,0.2355,48,0,23,69.20739130434782,48.93701569953525,48.445173913043476,6618.346956521738,1323.6693913043478,profile,6618.346956521738,7342.620000000003,10000.0,,,,,,none,,,,,0.0,0.0,24711.347826086952,23896.942205127998,0.0,A_OBSERVED,B_RECOVERED,0.3,0.0,0.0,0.0,24711.347826086952,23896.942205127998,-3.2956746296906285,
D12_I5_S,L5S-065,NT,5,0.2355,132,0,23,69.20739130434782,48.93701569953525,48.445173913043476,6618.346956521738,1323.6693913043478,profile,6618.346956521738,7342.620000000003,10000.0,,,,,,none,,,,,0.0,0.0,26834.17391304348,37753.44973687369,0.0,A_OBSERVED,B_RECOVERED,0.3,0.0,0.0,0.0,26834.17391304348,37753.44973687369,40.691678675163544,
D12_I5_S,L5S-066,AM,6,0.4455,36,32,23,72.59394736842106,51.33167245730986,50.815763157894736,7364.9631578947365,1227.4938596491227,profile,7364.9631578947365,7832.279999999995,12000.0,06:20,07:40,09:40,3.333333333333333,normal,own_episode,19.968421052631577,0.6109921984474911,6147.157894736842,0.8346488316302721,16010.84210526316,16721.808893019745,18339.526315789473,18879.787549049204,2.1739201896890186,A_OBSERVED,B_RECOVERED,0.3,2.1739201896890186,16010.84210526316,16721.808893019745,18339.526315789473,18879.787549049204,2.945884337233897,4.440533377834462
D12_I5_S,L5S-066,MD,6,0.4455,72,8,23,72.59394736842106,51.33167245730986,50.815763157894736,7364.9631578947365,1227.4938596491227,profile,7364.9631578947365,7832.279999999995,12000.0,,,,,,spillover_from_AM,,,,,4448.894736842105,4821.09343449874,40215.15497076023,41057.95256071836,0.604062049118765,A_OBSERVED,B_RECOVERED,0.3,0.604062049118765,4448.894736842105,4821.09343449874,40215.15497076023,41057.95256071836,2.095721353233409,8.366093595660738
D12_I5_S,L5S-066,PM,6,0.4455,48,0,23,72.59394736842106,51.33167245730986,50.815763157894736,7364.9631578947365,1227.4938596491227,profile,7364.9631578947365,7832.279999999995,12000.0,,,,,,none,,,,,0.0,0.0,28029.62865497076,27623.758275584496,0.0,A_OBSERVED,B_RECOVERED,0.3,0.0,0.0,0.0,28029.62865497076,27623.758275584496,-1.4480048393872873,
D12_I5_S,L5S-066,NT,6,0.4455,132,0,23,72.59394736842106,51.33167245730986,50.815763157894736,7364.9631578947365,1227.4938596491227,profile,7364.9631578947365,7832.279999999995,12000.0,,,,,,none,,,,,0.0,0.0,36352.14736842106,42406.25080557245,0.0,A_OBSERVED,B_RECOVERED,0.3,0.0,0.0,0.0,36352.14736842106,42406.25080557245,16.65404625425391,
D12_I5_S,L5S-067,AM,5,0.3231,36,10,23,61.54086956521739,43.51596618968204,43.07860869565217,7748.643438735178,1549.7286877470356,profile,7748.643438735178,8616.0,10000.0,07:30,07:55,08:20,0.8333333333333333,normal,own_episode,39.94347826086956,0.08209602685231288,5276.869565217391,0.681005598843085,4235.739130434782,6437.399822270498,17687.17391304348,22776.451050882693,0.5466426689942243,A_OBSERVED,B_RECOVERED,0.3,0.5466426689942243,4235.739130434782,6437.399822270498,17687.17391304348,22776.451050882693,28.773828780448103,51.97819374701963
D12_I5_S,L5S-067,MD,5,0.3231,72,0,23,61.54086956521739,43.51596618968204,43.07860869565217,7748.643438735178,1549.7286877470356,profile,7748.643438735178,8616.0,10000.0,,,,,,none,,,,,0.0,0.0,42675.10671936759,43676.39630048134,0.0,A_OBSERVED,B_RECOVERED,0.3,0.0,0.0,0.0,42675.10671936759,43676.39630048134,2.3463083237219564,
D12_I5_S,L5S-067,PM,5,0.3231,48,0,23,61.54086956521739,43.51596618968204,43.07860869565217,7748.643438735178,1549.7286877470356,profile,7748.643438735178,8616.0,10000.0,,,,,,none,,,,,0.0,0.0,29812.284584980232,29450.353308629397,0.0,A_OBSERVED,B_RECOVERED,0.3,0.0,0.0,0.0,29812.284584980232,29450.353308629397,-1.2140340178195541,
D12_I5_S,L5S-067,NT,5,0.3231,132,0,23,61.54086956521739,43.51596618968204,43.07860869565217,7748.643438735178,1549.7286877470356,profile,7748.643438735178,8616.0,10000.0,,,,,,none,,,,,0.0,0.0,51450.391304347824,57914.35394047157,0.0,A_OBSERVED,B_RECOVERED,0.3,0.0,0.0,0.0,51450.391304347824,57914.35394047157,12.563485859392303,
D12_I5_S,L5S-068,AM,5,0.1839,36,25,23,69.69108695652173,49.27904017521787,48.78376086956521,5091.280079051383,1018.2560158102766,profile,5091.280079051383,5580.0,10000.0,06:55,08:15,09:20,2.4166666666666665,normal,own_episode,28.243478260869573,0.42686630745147824,3593.7391304347825,0.7058616054578508,7458.521739130434,9679.268589376868,11699.478260869564,13851.232405520474,1.4649600146374426,A_OBSERVED,B_RECOVERED,0.3,1.4649600146374426,7458.521739130434,9679.268589376868,11699.478260869564,13851.232405520474,18.39188121617126,29.774624622939616
D12_I5_S,L5S-068,MD,5,0.1839,72,4,23,69.69108695652173,49.27904017521787,48.78376086956521,5091.280079051383,1018.2560158102766,profile,5091.280079051383,5580.0,10000.0,,,,,,spillover_from_AM,,,,,1275.8260869565215,1650.168873159607,25266.231225296437,26782.69753782491,0.25059043445793616,A_OBSERVED,B_RECOVERED,0.3,0.25059043445793616,1275.8260869565215,1650.168873159607,25266.231225296437,26782.69753782491,6.001949000649515,29.341208024369443
D12_I5_S,L5S-068,PM,5,0.1839,48,0,23,69.69108695652173,49.27904017521787,48.78376086956521,5091.280079051383,1018.2560158102766,profile,5091.280079051383,5580.0,10000.0,,,,,,none,,,,,0.0,0.0,18680.94071146245,15057.010175704456,0.0,A_OBSERVED,B_RECOVERED,0.3,0.0,0.0,0.0,18680.94071146245,15057.010175704456,-19.399079477482537,
D12_I5_S,L5S-068,NT,5,0.1839,132,0,23,69.69108695652173,49.27904017521787,48.78376086956521,5091.280079051383,1018.2560158102766,profile,5091.280079051383,5580.0,10000.0,,,,,,none,,,,,0.0,0.0,24377.217391304344,28477.268810224858,0.0,A_OBSERVED,B_RECOVERED,0.3,0.0,0.0,0.0,24377.217391304344,28477.268810224858,16.81919372956428,
D12_I5_S,L5S-069,AM,4,0.233,36,0,23,68.3863043478261,48.35641954463492,47.870413043478266,5399.577391304347,1349.8943478260867,profile,5399.577391304347,6499.860000000008,8000.0,,,,,,none,,,,,0.0,0.0,11663.478260869568,13519.581399300132,0.0,A_OBSERVED,B_RECOVERED,0.3,0.0,0.0,0.0,11663.478260869568,13519.581399300132,15.913804586558925,
D12_I5_S,L5S-069,MD,4,0.233,72,0,23,68.3863043478261,48.35641954463492,47.870413043478266,5399.577391304347,1349.8943478260867,profile,5399.577391304347,6499.860000000008,8000.0,,,,,,none,,,,,0.0,0.0,28484.69565217391,27719.607010175958,0.0,A_OBSERVED,B_RECOVERED,0.3,0.0,0.0,0.0,28484.69565217391,27719.607010175958,-2.685963899142311,
D12_I5_S,L5S-069,PM,4,0.233,48,0,23,68.3863043478261,48.35641954463492,47.870413043478266,5399.577391304347,1349.8943478260867,profile,5399.577391304347,6499.860000000008,8000.0,,,,,,none,,,,,0.0,0.0,19715.91304347826,14300.34126350806,0.0,A_OBSERVED,B_RECOVERED,0.3,0.0,0.0,0.0,19715.91304347826,14300.34126350806,-27.46802427068724,
D12_I5_S,L5S-069,NT,4,0.233,132,0,23,68.3863043478261,48.35641954463492,47.870413043478266,5399.577391304347,1349.8943478260867,profile,5399.577391304347,6499.860000000008,8000.0,,,,,,none,,,,,0.0,0.0,21911.565217391304,32286.13126000196,0.0,A_OBSERVED,B_RECOVERED,0.3,0.0,0.0,0.0,21911.565217391304,32286.13126000196,47.34744387122248,
D12_I5_S,L5S-071,AM,5,0.3324,36,0,23,69.6486956521739,49.24906499645018,48.754086956521725,4813.565217391304,962.7130434782608,profile,4813.565217391304,5412.0,10000.0,,,,,,none,,,,,0.0,0.0,11206.0,11681.29031106233,0.0,A_OBSERVED,B_RECOVERED,0.3,0.0,0.0,0.0,11206.0,11681.29031106233,4.2413913177077465,
D12_I5_S,L5S-071,MD,5,0.3324,72,0,23,69.6486956521739,49.24906499645018,48.754086956521725,4813.565217391304,962.7130434782608,profile,4813.565217391304,5412.0,10000.0,,,,,,none,,,,,0.0,0.0,26070.173913043476,23522.35697504325,0.0,A_OBSERVED,B_RECOVERED,0.3,0.0,0.0,0.0,26070.173913043476,23522.35697504325,-9.772918840121344,
D12_I5_S,L5S-071,PM,5,0.3324,48,0,23,69.6486956521739,49.24906499645018,48.754086956521725,4813.565217391304,962.7130434782608,profile,4813.565217391304,5412.0,10000.0,,,,,,none,,,,,0.0,0.0,18049.217391304344,12551.750969052719,0.0,A_OBSERVED,B_RECOVERED,0.3,0.0,0.0,0.0,18049.217391304344,12551.750969052719,-30.45819828675877,
D12_I5_S,L5S-071,NT,5,0.3324,132,0,23,69.6486956521739,49.24906499645018,48.754086956521725,4813.565217391304,962.7130434782608,profile,4813.565217391304,5412.0,10000.0,,,,,,none,,,,,0.0,0.0,18657.260869565216,26997.509140743223,0.0,A_OBSERVED,B_RECOVERED,0.3,0.0,0.0,0.0,18657.260869565216,26997.509140743223,44.70242620010257,
D12_I5_S,L5S-077,AM,5,0.2647,36,0,23,69.70826086956521,49.29118396559042,48.795782608695646,4341.944347826086,868.3888695652173,profile,4341.944347826086,4920.0,10000.0,,,,,,none,,,,,0.0,0.0,9476.391304347826,11239.970761837409,0.0,A_OBSERVED,B_RECOVERED,0.3,0.0,0.0,0.0,9476.391304347826,11239.970761837409,18.61024308568222,
D12_I5_S,L5S-077,MD,5,0.2647,72,0,23,69.70826086956521,49.29118396559042,48.795782608695646,4341.944347826086,868.3888695652173,profile,4341.944347826086,4920.0,10000.0,,,,,,none,,,,,0.0,0.0,23141.173913043476,22786.640543205896,0.0,A_OBSERVED,B_RECOVERED,0.3,0.0,0.0,0.0,23141.173913043476,22786.640543205896,-1.5320457430975347,
D12_I5_S,L5S-077,PM,5,0.2647,48,0,23,69.70826086956521,49.29118396559042,48.795782608695646,4341.944347826086,868.3888695652173,profile,4341.944347826086,4920.0,10000.0,,,,,,none,,,,,0.0,0.0,16141.086956521738,12014.911994223574,0.0,A_OBSERVED,B_RECOVERED,0.3,0.0,0.0,0.0,16141.086956521738,12014.911994223574,-25.563179068501334,
D12_I5_S,L5S-077,NT,5,0.2647,132,0,23,69.70826086956521,49.29118396559042,48.795782608695646,4341.944347826086,868.3888695652173,profile,4341.944347826086,4920.0,10000.0,,,,,,none,,,,,0.0,0.0,17302.434782608696,25802.339060722763,0.0,A_OBSERVED,B_RECOVERED,0.3,0.0,0.0,0.0,17302.434782608696,25802.339060722763,49.125480806074926,
D12_I5_S,L5S-079,AM,7,0.4847,36,0,23,70.78326923076922,50.051329667630014,49.548288461538455,9174.733846153846,1310.6762637362638,profile,9174.733846153846,10764.599999999991,14000.0,,,,,,none,,,,,0.0,0.0,21262.305897435897,22158.573038050803,0.0,A_OBSERVED,B_RECOVERED,0.3,0.0,0.0,0.0,21262.305897435897,22158.573038050803,4.215286643594897,
D12_I5_S,L5S-079,MD,7,0.4847,72,0,23,70.78326923076922,50.051329667630014,49.548288461538455,9174.733846153846,1310.6762637362638,profile,9174.733846153846,10764.599999999991,14000.0,,,,,,none,,,,,0.0,0.0,46242.348565420085,45523.628073612694,0.0,A_OBSERVED,B_RECOVERED,0.3,0.0,0.0,0.0,46242.348565420085,45523.628073612694,-1.5542473816843478,
D12_I5_S,L5S-079,PM,7,0.4847,48,0,23,70.78326923076922,50.051329667630014,49.548288461538455,9174.733846153846,1310.6762637362638,profile,9174.733846153846,10764.599999999991,14000.0,,,,,,none,,,,,0.0,0.0,33617.72294871795,34782.401037968986,0.0,A_OBSERVED,B_RECOVERED,0.3,0.0,0.0,0.0,33617.72294871795,34782.401037968986,3.4644764341347285,
D12_I5_S,L5S-079,NT,7,0.4847,132,0,23,70.78326923076922,50.051329667630014,49.548288461538455,9174.733846153846,1310.6762637362638,profile,9174.733846153846,10764.599999999991,14000.0,,,,,,none,,,,,0.0,0.0,34952.26923076923,49708.191286135945,0.0,A_OBSERVED,B_RECOVERED,0.3,0.0,0.0,0.0,34952.26923076923,49708.191286135945,42.217350633064946,
D12_I5_S,L5S-083,AM,6,0.0404,36,13,23,72.2036956521739,51.05572282238181,50.54258695652173,7449.135652173913,1241.522608695652,profile,7449.135652173913,7896.0,12000.0,07:20,07:40,08:25,1.0833333333333333,normal,own_episode,39.243478260869566,0.23135985367607004,7116.521739130435,0.9553486567335622,7770.173913043478,7930.011067063959,21255.478260869564,21406.907437899932,1.0430973841610571,A_OBSERVED,B_RECOVERED,0.3,1.0430973841610571,7770.173913043478,7930.011067063959,21255.478260869564,21406.907437899932,0.7124242285770757,2.0570601869305465
D12_I5_S,L5S-083,MD,6,0.0404,72,0,23,72.2036956521739,51.05572282238181,50.54258695652173,7449.135652173913,1241.522608695652,profile,7449.135652173913,7896.0,12000.0,,,,,,none,,,,,0.0,0.0,37687.71936758893,39886.266835397204,0.0,A_OBSERVED,B_RECOVERED,0.3,0.0,0.0,0.0,37687.71936758893,39886.266835397204,5.833591166301788,
D12_I5_S,L5S-083,PM,6,0.0404,48,0,23,72.2036956521739,51.05572282238181,50.54258695652173,7449.135652173913,1241.522608695652,profile,7449.135652173913,7896.0,12000.0,,,,,,none,,,,,0.0,0.0,26539.982213438736,24392.450079648734,0.0,A_OBSERVED,B_RECOVERED,0.3,0.0,0.0,0.0,26539.982213438736,24392.450079648734,-8.091686409279438,
D12_I5_S,L5S-083,NT,6,0.0404,132,0,23,72.2036956521739,51.05572282238181,50.54258695652173,7449.135652173913,1241.522608695652,profile,7449.135652173913,7896.0,12000.0,,,,,,none,,,,,0.0,0.0,36041.04347826087,37028.406434919576,0.0,A_OBSERVED,B_RECOVERED,0.3,0.0,0.0,0.0,36041.04347826087,37028.406434919576,2.7395515261767014,
D12_I5_S,L5S-084,AM,6,0.2778,36,17,23,71.95499999999998,50.87986844027802,50.36849999999998,8042.012142857143,1340.3353571428572,profile,8042.012142857143,8688.0,12000.0,07:35,08:05,09:35,2.0,normal,own_episode,43.8,0.13914871750480762,7313.714285714286,0.9094383539585021,10719.0,11281.698330220446,22470.285714285714,23486.45895105348,1.3328753811346254,A_OBSERVED,B_RECOVERED,0.3,1.3328753811346254,10719.0,11281.698330220446,22470.285714285714,23486.45895105348,4.522297801143322,5.249541283892585
D12_I5_S,L5S-084,MD,6,0.2778,72,7,23,71.95499999999998,50.87986844027802,50.36849999999998,8042.012142857143,1340.3353571428572,profile,8042.012142857143,8688.0,12000.0,,,,,,spillover_from_AM,,,,,4021.571428571428,4670.085745903591,40259.63333333333,42432.9853533384,0.5000703004587426,A_OBSERVED,B_RECOVERED,0.3,0.5000703004587426,4021.571428571428,4670.085745903591,40259.63333333333,42432.9853533384,5.398340322701407,16.125893294466053
D12_I5_S,L5S-084,PM,6,0.2778,48,0,23,71.95499999999998,50.87986844027802,50.36849999999998,8042.012142857143,1340.3353571428572,profile,8042.012142857143,8688.0,12000.0,,,,,,none,,,,,0.0,0.0,29930.190476190477,29731.89781008149,0.0,A_OBSERVED,B_RECOVERED,0.3,0.0,0.0,0.0,29930.190476190477,29731.89781008149,-0.6625172207531721,
D12_I5_S,L5S-084,NT,6,0.2778,132,0,23,71.95499999999998,50.87986844027802,50.36849999999998,8042.012142857143,1340.3353571428572,profile,8042.012142857143,8688.0,12000.0,,,,,,none,,,,,0.0,0.0,33381.66666666667,53432.38162688792,0.0,A_OBSERVED,B_RECOVERED,0.3,0.0,0.0,0.0,33381.66666666667,53432.38162688792,60.06505055735558,
D12_I5_S,L5S-085,AM,5,0.4542,36,0,23,65.7895652173913,46.52024769653201,46.05269565217391,7011.913043478261,1402.3826086956522,profile,7011.913043478261,7524.0,10000.0,,,,,,none,,,,,0.0,0.0,16951.08695652174,15573.393139376227,0.0,A_OBSERVED,B_RECOVERED,0.3,0.0,0.0,0.0,16951.08695652174,15573.393139376227,-8.127465929938262,
D12_I5_S,L5S-085,MD,5,0.4542,72,0,23,65.7895652173913,46.52024769653201,46.05269565217391,7011.913043478261,1402.3826086956522,profile,7011.913043478261,7524.0,10000.0,,,,,,none,,,,,0.0,0.0,35713.98418972331,28019.148197718114,0.0,A_OBSERVED,B_RECOVERED,0.3,0.0,0.0,0.0,35713.98418972331,28019.148197718114,-21.545722681423445,
D12_I5_S,L5S-085,PM,5,0.4542,48,0,23,65.7895652173913,46.52024769653201,46.05269565217391,7011.913043478261,1402.3826086956522,profile,7011.913043478261,7524.0,10000.0,,,,,,none,,,,,0.0,0.0,26606.043478260868,19232.049447679317,0.0,A_OBSERVED,B_RECOVERED,0.3,0.0,0.0,0.0,26606.043478260868,19232.049447679317,-27.715485155117698,
D12_I5_S,L5S-085,NT,5,0.4542,132,0,23,65.7895652173913,46.52024769653201,46.05269565217391,7011.913043478261,1402.3826086956522,profile,7011.913043478261,7524.0,10000.0,,,,,,none,,,,,0.0,0.0,27753.434782608696,45108.917381035986,0.0,A_OBSERVED,B_RECOVERED,0.3,0.0,0.0,0.0,27753.434782608696,45108.917381035986,62.534539361963446,
D12_I5_S,L5S-086,AM,4,0.3181,36,32,23,69.24195652173914,48.96145699914584,48.4693695652174,6415.730869565216,1603.932717391304,profile,6415.730869565216,6722.580000000002,8000.0,06:20,08:30,10:20,4.0,normal,own_episode,24.241304347826087,0.5048900536548782,5056.304347826087,0.788110419626867,12183.260869565216,14880.275692133962,14112.543478260868,16976.86866301868,1.8989669481554883,A_OBSERVED,B_RECOVERED,0.3,1.8989669481554883,12183.260869565216,14880.275692133962,14112.543478260868,16976.86866301868,20.296307247308405,22.137052234563164
D12_I5_S,L5S-086,MD,4,0.3181,72,16,23,69.24195652173914,48.96145699914584,48.4693695652174,6415.730869565216,1603.932717391304,profile,6415.730869565216,6722.580000000002,8000.0,,,,,,spillover_from_AM,,,,,6794.043478260869,8021.9467385741455,33767.35474308301,36550.38726023941,1.058966408720522,A_OBSERVED,B_RECOVERED,0.3,1.058966408720522,6794.043478260869,8021.9467385741455,33767.35474308301,36550.38726023941,8.241784227195016,18.07323229888416
D12_I5_S,L5S-086,PM,4,0.3181,48,24,23,69.24195652173914,48.96145699914584,48.4693695652174,6415.730869565216,1603.932717391304,profile,6415.730869565216,6722.580000000002,8000.0,16:15,17:25,18:15,2.0,normal,own_episode,33.87826086956522,0.3080626487451906,5251.565217391304,0.818545123565508,10823.934782608696,12337.056765239351,22418.491106719368,24654.564919374,1.687093022239291,A_OBSERVED,B_RECOVERED,0.3,1.687093022239291,10823.934782608696,12337.056765239351,22418.491106719368,24654.564919374,9.974238685423504,13.979407794121752
D12_I5_S,L5S-086,NT,4,0.3181,132,0,23,69.24195652173914,48.96145699914584,48.4693695652174,6415.730869565216,1603.932717391304,profile,6415.730869565216,6722.580000000002,8000.0,,,,,,none,,,,,0.0,0.0,34013.369565217385,36317.910551832654,0.0,A_OBSERVED,B_RECOVERED,0.3,0.0,0.0,0.0,34013.369565217385,36317.910551832654,6.775397486557551,
D12_I5_S,L5S-091,AM,8,0.1168,36,27,23,71.95916666666666,50.88281471853297,50.37141666666666,8992.345,1124.043125,profile,8992.345,9364.860000000002,16000.0,06:45,08:40,09:25,2.6666666666666665,normal,own_episode,44.76153846153847,0.12030144737187576,7384.0,0.8211428720761937,16043.92307692308,20086.964639507496,22029.923076923078,26699.454109894337,1.7841756601779715,A_OBSERVED,B_RECOVERED,0.3,1.7841756601779715,16043.92307692308,20086.964639507496,22029.923076923078,26699.454109894337,21.196311111329823,25.199831382885158
D12_I5_S,L5S-091,MD,8,0.1168,72,5,23,71.95916666666666,50.88281471853297,50.37141666666666,8992.345,1124.043125,profile,8992.345,9364.860000000002,16000.0,,,,,,spillover_from_AM,,,,,3090.653846153846,3737.690466672344,49043.668997668996,49560.31677573993,0.343698317419299,A_OBSERVED,B_RECOVERED,0.3,0.343698317419299,3090.653846153846,3737.690466672344,49043.668997668996,49560.31677573993,1.0534443866658667,20.9352665399168
D12_I5_S,L5S-091,PM,8,0.1168,48,0,23,71.95916666666666,50.88281471853297,50.37141666666666,8992.345,1124.043125,profile,8992.345,9364.860000000002,16000.0,,,,,,none,,,,,0.0,0.0,33837.643939393936,34049.19476107632,0.0,A_OBSERVED,B_RECOVERED,0.3,0.0,0.0,0.0,33837.643939393936,34049.19476107632,0.6251937104760976,
D12_I5_S,L5S-091,NT,8,0.1168,132,0,23,71.95916666666666,50.88281471853297,50.37141666666666,8992.345,1124.043125,profile,8992.345,9364.860000000002,16000.0,,,,,,none,,,,,0.0,0.0,46060.02564102563,48271.19492241414,0.0,A_OBSERVED,B_RECOVERED,0.3,0.0,0.0,0.0,46060.02564102563,48271.19492241414,4.800625380935573,
D12_I5_S,L5S-093,AM,6,0.4809,36,0,23,70.63515151515152,49.94659462650288,49.44460606060606,9415.318181818182,1569.219696969697,profile,9415.318181818182,10308.0,12000.0,,,,,,none,,,,,0.0,0.0,23055.91193181818,25001.133313478007,0.0,A_OBSERVED,B_RECOVERED,0.3,0.0,0.0,0.0,23055.91193181818,25001.133313478007,8.43697437521582,
D12_I5_S,L5S-093,MD,6,0.4809,72,0,23,70.63515151515152,49.94659462650288,49.44460606060606,9415.318181818182,1569.219696969697,profile,9415.318181818182,10308.0,12000.0,,,,,,none,,,,,0.0,0.0,49030.808834310854,50123.56532780868,0.0,A_OBSERVED,B_RECOVERED,0.3,0.0,0.0,0.0,49030.808834310854,50123.56532780868,2.2287139850997892,
D12_I5_S,L5S-093,PM,6,0.4809,48,22,23,70.63515151515152,49.94659462650288,49.44460606060606,9415.318181818182,1569.219696969697,profile,9415.318181818182,10308.0,12000.0,16:15,17:25,18:05,1.8333333333333333,normal,own_episode,38.46969696969697,0.22978338648769436,8709.090909090908,0.9249916721783167,16379.001893939394,16994.0681819807,35736.16254276637,36817.067925359865,1.739612148803288,A_OBSERVED,B_RECOVERED,0.3,1.739612148803288,16379.001893939394,16994.0681819807,35736.16254276637,36817.067925359865,3.024682298497916,3.755212265216809
D12_I5_S,L5S-093,NT,6,0.4809,132,0,23,70.63515151515152,49.94659462650288,49.44460606060606,9415.318181818182,1569.219696969697,profile,9415.318181818182,10308.0,12000.0,,,,,,none,,,,,0.0,0.0,35460.64349376114,53058.39004839062,0.0,A_OBSERVED,B_RECOVERED,0.3,0.0,0.0,0.0,35460.64349376114,53058.39004839062,49.626134273974984,
D12_I5_S,L5S-095,AM,6,0.2256,36,0,23,72.05782608695652,50.95257746364786,50.44047826086956,7059.829565217391,1176.638260869565,profile,7059.829565217391,7453.439999999999,12000.0,,,,,,none,,,,,0.0,0.0,16810.150197628456,19555.87142638731,0.0,A_OBSERVED,B_RECOVERED,0.3,0.0,0.0,0.0,16810.150197628456,19555.87142638731,16.3337102671826,
D12_I5_S,L5S-095,MD,6,0.2256,72,0,23,72.05782608695652,50.95257746364786,50.44047826086956,7059.829565217391,1176.638260869565,profile,7059.829565217391,7453.439999999999,12000.0,,,,,,none,,,,,0.0,0.0,33608.644268774704,38736.74366667574,0.0,A_OBSERVED,B_RECOVERED,0.3,0.0,0.0,0.0,33608.644268774704,38736.74366667574,15.258275094022403,
D12_I5_S,L5S-095,PM,6,0.2256,48,0,23,72.05782608695652,50.95257746364786,50.44047826086956,7059.829565217391,1176.638260869565,profile,7059.829565217391,7453.439999999999,12000.0,,,,,,none,,,,,0.0,0.0,25213.166007905136,20808.866638417512,0.0,A_OBSERVED,B_RECOVERED,0.3,0.0,0.0,0.0,25213.166007905136,20808.866638417512,-17.46825197639493,
D12_I5_S,L5S-095,NT,6,0.2256,132,0,23,72.05782608695652,50.95257746364786,50.44047826086956,7059.829565217391,1176.638260869565,profile,7059.829565217391,7453.439999999999,12000.0,,,,,,none,,,,,0.0,0.0,32511.521739130432,38249.031610224585,0.0,A_OBSERVED,B_RECOVERED,0.3,0.0,0.0,0.0,32511.521739130432,38249.031610224585,17.647620179490282,
D12_I5_S,L5S-096,AM,6,0.315,36,0,23,71.94999999999999,50.87633290637209,50.36499999999999,6104.566428571428,1017.427738095238,profile,6104.566428571428,6480.0,12000.0,,,,,,none,,,,,0.0,0.0,14418.197802197801,17787.85658824494,0.0,A_OBSERVED,B_RECOVERED,0.3,0.0,0.0,0.0,14418.197802197801,17787.85658824494,23.370873615934816,
D12_I5_S,L5S-096,MD,6,0.315,72,0,23,71.94999999999999,50.87633290637209,50.36499999999999,6104.566428571428,1017.427738095238,profile,6104.566428571428,6480.0,12000.0,,,,,,none,,,,,0.0,0.0,30315.685897435895,34218.61303338144,0.0,A_OBSERVED,B_RECOVERED,0.3,0.0,0.0,0.0,30315.685897435895,34218.61303338144,12.874282802473749,
D12_I5_S,L5S-096,PM,6,0.315,48,0,23,71.94999999999999,50.87633290637209,50.36499999999999,6104.566428571428,1017.427738095238,profile,6104.566428571428,6480.0,12000.0,,,,,,none,,,,,0.0,0.0,21781.042124542124,17904.315999487604,0.0,A_OBSERVED,B_RECOVERED,0.3,0.0,0.0,0.0,21781.042124542124,17904.315999487604,-17.798625533561406,
D12_I5_S,L5S-096,NT,6,0.315,132,0,23,71.94999999999999,50.87633290637209,50.36499999999999,6104.566428571428,1017.427738095238,profile,6104.566428571428,6480.0,12000.0,,,,,,none,,,,,0.0,0.0,28643.318681318684,38507.65937053958,0.0,A_OBSERVED,B_RECOVERED,0.3,0.0,0.0,0.0,28643.318681318684,38507.65937053958,34.4385397480302,
D12_I5_S,L5S-101,AM,6,0.0541,36,0,23,72.9204347826087,51.562533921854,51.044304347826085,5258.504347826087,876.4173913043478,profile,5258.504347826087,5782.620000000003,12000.0,,,,,,none,,,,,0.0,0.0,11860.0,13818.989149857844,0.0,A_OBSERVED,B_RECOVERED,0.3,0.0,0.0,0.0,11860.0,13818.989149857844,16.517615091550113,
D12_I5_S,L5S-101,MD,6,0.0541,72,0,23,72.9204347826087,51.562533921854,51.044304347826085,5258.504347826087,876.4173913043478,profile,5258.504347826087,5782.620000000003,12000.0,,,,,,none,,,,,0.0,0.0,27515.391304347828,27440.335449585884,0.0,A_OBSERVED,B_RECOVERED,0.3,0.0,0.0,0.0,27515.391304347828,27440.335449585884,-0.2727777116878001,
D12_I5_S,L5S-101,PM,6,0.0541,48,0,23,72.9204347826087,51.562533921854,51.044304347826085,5258.504347826087,876.4173913043478,profile,5258.504347826087,5782.620000000003,12000.0,,,,,,none,,,,,0.0,0.0,19594.95652173913,13912.691681066275,0.0,A_OBSERVED,B_RECOVERED,0.3,0.0,0.0,0.0,19594.95652173913,13912.691681066275,-28.998609077641014,
D12_I5_S,L5S-101,NT,6,0.0541,132,0,23,72.9204347826087,51.562533921854,51.044304347826085,5258.504347826087,876.4173913043478,profile,5258.504347826087,5782.620000000003,12000.0,,,,,,none,,,,,0.0,0.0,19329.130434782608,31346.092321283988,0.0,A_OBSERVED,B_RECOVERED,0.3,0.0,0.0,0.0,19329.130434782608,31346.092321283988,62.17021467699839,
D12_I5_S,L5S-107,AM,7,0.6121,36,31,23,72.2842105263158,51.112655435873926,50.59894736842106,7377.183333333333,1053.8833333333334,profile,7377.183333333333,7956.0,14000.0,06:25,07:50,10:00,3.583333333333333,normal,own_episode,16.768421052631584,0.6719321093839609,5865.473684210527,0.7950830851265085,14450.84210526316,14412.638261101056,17365.368421052633,17197.78311894934,1.9588563076598557,A_OBSERVED,B_RECOVERED,0.3,1.9588563076598557,14450.84210526316,14412.638261101056,17365.368421052633,17197.78311894934,-0.9650546883884318,-0.26437105798969385
D12_I5_S,L5S-107,MD,7,0.6121,72,14,23,72.2842105263158,51.112655435873926,50.59894736842106,7377.183333333333,1053.8833333333334,profile,7377.183333333333,7956.0,14000.0,,,,,,spillover_from_AM+PM,,,,,7560.166666666668,8247.948922331505,38840.75438596491,40053.543049912376,1.0248039563428681,A_OBSERVED,B_RECOVERED,0.3,1.0248039563428681,7560.166666666668,8247.948922331505,38840.75438596491,40053.543049912376,3.12246423407705,9.097448323425457
D12_I5_S,L5S-107,PM,7,0.6121,48,32,23,72.2842105263158,51.112655435873926,50.59894736842106,7377.183333333333,1053.8833333333334,profile,7377.183333333333,7956.0,14000.0,14:50,16:00,17:40,2.833333333333333,normal,own_episode,35.45789473684211,0.30627954203381824,7136.526315789473,0.9673781975220181,18918.602339181285,18984.04320160654,27748.865497076018,27273.348808038838,2.564475014969302,A_OBSERVED,B_RECOVERED,0.3,2.564475014969302,18918.602339181285,18984.04320160654,27748.865497076018,27273.348808038838,-1.7136437130638256,0.3459074896337492
D12_I5_S,L5S-107,NT,7,0.6121,132,0,23,72.2842105263158,51.112655435873926,50.59894736842106,7377.183333333333,1053.8833333333334,profile,7377.183333333333,7956.0,14000.0,,,,,,none,,,,,0.0,0.0,35518.3611111111,46584.5685774455,0.0,A_OBSERVED,B_RECOVERED,0.3,0.0,0.0,0.0,35518.3611111111,46584.5685774455,31.156300910721317,
D12_I5_S,L5S-121,AM,6,0.2753,36,0,23,68.04304347826086,48.113697456049344,47.63013043478259,6245.754782608696,1040.9591304347825,profile,6245.754782608696,6696.0,12000.0,,,,,,none,,,,,0.0,0.0,15455.347826086956,14954.060296113925,0.0,A_OBSERVED,B_RECOVERED,0.3,0.0,0.0,0.0,15455.347826086956,14954.060296113925,-3.2434567996387123,
D12_I5_S,L5S-121,MD,6,0.2753,72,0,23,68.04304347826086,48.113697456049344,47.63013043478259,6245.754782608696,1040.9591304347825,profile,6245.754782608696,6696.0,12000.0,,,,,,none,,,,,0.0,0.0,32206.304347826088,30886.83322377947,0.0,A_OBSERVED,B_RECOVERED,0.3,0.0,0.0,0.0,32206.304347826088,30886.83322377947,-4.096934282792619,
D12_I5_S,L5S-121,PM,6,0.2753,48,0,23,68.04304347826086,48.113697456049344,47.63013043478259,6245.754782608696,1040.9591304347825,profile,6245.754782608696,6696.0,12000.0,,,,,,none,,,,,0.0,0.0,23191.652173913044,16837.401914888465,0.0,A_OBSERVED,B_RECOVERED,0.3,0.0,0.0,0.0,23191.652173913044,16837.401914888465,-27.39886840046743,
D12_I5_S,L5S-121,NT,6,0.2753,132,0,23,68.04304347826086,48.113697456049344,47.63013043478259,6245.754782608696,1040.9591304347825,profile,6245.754782608696,6696.0,12000.0,,,,,,none,,,,,0.0,0.0,22243.78260869565,33070.54691562617,0.0,A_OBSERVED,B_RECOVERED,0.3,0.0,0.0,0.0,22243.78260869565,33070.54691562617,48.67321578074616,
D12_I5_S,L5S-122,AM,5,0.7351,36,0,23,68.06717391304349,48.13076025011712,47.64702173913044,6147.98347826087,1229.5966956521738,profile,6147.98347826087,6528.0,10000.0,,,,,,none,,,,,0.0,0.0,15181.152173913042,14595.69717718766,0.0,A_OBSERVED,B_RECOVERED,0.3,0.0,0.0,0.0,15181.152173913042,14595.69717718766,-3.856459575785133,
D12_I5_S,L5S-122,MD,5,0.7351,72,0,23,68.06717391304349,48.13076025011712,47.64702173913044,6147.98347826087,1229.5966956521738,profile,6147.98347826087,6528.0,10000.0,,,,,,none,,,,,0.0,0.0,31663.15217391304,29671.94814915132,0.0,A_OBSERVED,B_RECOVERED,0.3,0.0,0.0,0.0,31663.15217391304,29671.94814915132,-6.288710655922161,
D12_I5_S,L5S-122,PM,5,0.7351,48,0,23,68.06717391304349,48.13076025011712,47.64702173913044,6147.98347826087,1229.5966956521738,profile,6147.98347826087,6528.0,10000.0,,,,,,none,,,,,0.0,0.0,22513.32608695652,15925.876803565981,0.0,A_OBSERVED,B_RECOVERED,0.3,0.0,0.0,0.0,22513.32608695652,15925.876803565981,-29.26022240315299,
D12_I5_S,L5S-122,NT,5,0.7351,132,0,23,68.06717391304349,48.13076025011712,47.64702173913044,6147.98347826087,1229.5966956521738,profile,6147.98347826087,6528.0,10000.0,,,,,,none,,,,,0.0,0.0,21511.847826086952,32007.296802210643,0.0,A_OBSERVED,B_RECOVERED,0.3,0.0,0.0,0.0,21511.847826086952,32007.296802210643,48.78915591526306,
D12_I5_S,L5S-123,AM,5,0.2939,36,0,23,68.27934782608696,48.280789862821045,47.79554347826087,5887.745217391303,1177.5490434782607,profile,5887.745217391303,6288.0,10000.0,,,,,,none,,,,,0.0,0.0,14613.130434782608,14605.586416767175,0.0,A_OBSERVED,B_RECOVERED,0.3,0.0,0.0,0.0,14613.130434782608,14605.586416767175,-0.05162492765736433,
D12_I5_S,L5S-123,MD,5,0.2939,72,0,23,68.27934782608696,48.280789862821045,47.79554347826087,5887.745217391303,1177.5490434782607,profile,5887.745217391303,6288.0,10000.0,,,,,,none,,,,,0.0,0.0,30115.869565217392,29860.378837716227,0.0,A_OBSERVED,B_RECOVERED,0.3,0.0,0.0,0.0,30115.869565217392,29860.378837716227,-0.8483591249055152,
D12_I5_S,L5S-123,PM,5,0.2939,48,0,23,68.27934782608696,48.280789862821045,47.79554347826087,5887.745217391303,1177.5490434782607,profile,5887.745217391303,6288.0,10000.0,,,,,,none,,,,,0.0,0.0,21224.78260869565,15365.958772658707,0.0,A_OBSERVED,B_RECOVERED,0.3,0.0,0.0,0.0,21224.78260869565,15365.958772658707,-27.603693022686706,
D12_I5_S,L5S-123,NT,5,0.2939,132,0,23,68.27934782608696,48.280789862821045,47.79554347826087,5887.745217391303,1177.5490434782607,profile,5887.745217391303,6288.0,10000.0,,,,,,none,,,,,0.0,0.0,20228.043478260868,31065.44845060641,0.0,A_OBSERVED,B_RECOVERED,0.3,0.0,0.0,0.0,20228.043478260868,31065.44845060641,53.5761403913954,
D12_I5_S,L5S-125,AM,5,0.4666,36,0,23,68.55934782608698,48.47877976155329,47.99154347826088,5213.034782608695,1042.606956521739,profile,5213.034782608695,5722.620000000003,10000.0,,,,,,none,,,,,0.0,0.0,13112.739130434784,12857.75575230043,0.0,A_OBSERVED,B_RECOVERED,0.3,0.0,0.0,0.0,13112.739130434784,12857.75575230043,-1.9445470210151174,
D12_I5_S,L5S-125,MD,5,0.4666,72,0,23,68.55934782608698,48.47877976155329,47.99154347826088,5213.034782608695,1042.606956521739,profile,5213.034782608695,5722.620000000003,10000.0,,,,,,none,,,,,0.0,0.0,27511.26086956522,26440.90348914749,0.0,A_OBSERVED,B_RECOVERED,0.3,0.0,0.0,0.0,27511.26086956522,26440.90348914749,-3.890615502838799,
D12_I5_S,L5S-125,PM,5,0.4666,48,0,23,68.55934782608698,48.47877976155329,47.99154347826088,5213.034782608695,1042.606956521739,profile,5213.034782608695,5722.620000000003,10000.0,,,,,,none,,,,,0.0,0.0,19078.391304347824,13142.604931233003,0.0,A_OBSERVED,B_RECOVERED,0.3,0.0,0.0,0.0,19078.391304347824,13142.604931233003,-31.11261467711955,
D12_I5_S,L5S-125,NT,5,0.4666,132,0,23,68.55934782608698,48.47877976155329,47.99154347826088,5213.034782608695,1042.606956521739,profile,5213.034782608695,5722.620000000003,10000.0,,,,,,none,,,,,0.0,0.0,19035.130434782608,26274.181345627476,0.0,A_OBSERVED,B_RECOVERED,0.3,0.0,0.0,0.0,19035.130434782608,26274.181345627476,38.02995170244307,
D12_I5_S,L5S-130,AM,5,0.356,36,0,23,69.42705882352942,49.092344091954985,48.59894117647059,5913.850588235294,1182.7701176470587,profile,5913.850588235294,6480.0,10000.0,,,,,,none,,,,,0.0,0.0,12846.588235294119,12642.85276576503,0.0,A_OBSERVED,B_RECOVERED,0.3,0.0,0.0,0.0,12846.588235294119,12642.85276576503,-1.5859111057156434,
D12_I5_S,L5S-130,MD,5,0.356,72,0,23,69.42705882352942,49.092344091954985,48.59894117647059,5913.850588235294,1182.7701176470587,profile,5913.850588235294,6480.0,10000.0,,,,,,none,,,,,0.0,0.0,30877.823529411766,29476.69263154659,0.0,A_OBSERVED,B_RECOVERED,0.3,0.0,0.0,0.0,30877.823529411766,29476.69263154659,-4.537660811911079,
D12_I5_S,L5S-130,PM,5,0.356,48,0,23,69.42705882352942,49.092344091954985,48.59894117647059,5913.850588235294,1182.7701176470587,profile,5913.850588235294,6480.0,10000.0,,,,,,none,,,,,0.0,0.0,22171.235294117643,14689.384383693105,0.0,A_OBSERVED,B_RECOVERED,0.3,0.0,0.0,0.0,22171.235294117643,14689.384383693105,-33.745755755925714,
D12_I5_S,L5S-130,NT,5,0.356,132,0,23,69.42705882352942,49.092344091954985,48.59894117647059,5913.850588235294,1182.7701176470587,profile,5913.850588235294,6480.0,10000.0,,,,,,none,,,,,0.0,0.0,21033.64705882353,37949.31123884439,0.0,A_OBSERVED,B_RECOVERED,0.3,0.0,0.0,0.0,21033.64705882353,37949.31123884439,80.42192651000487,
D12_I5_S,L5S-132,AM,6,0.1081,36,0,23,69.24676470588236,48.9648568987587,48.47273529411765,6007.5776470588235,1001.2629411764706,profile,6007.5776470588235,6612.0,12000.0,,,,,,none,,,,,0.0,0.0,13280.882352941177,13007.335167543817,0.0,A_OBSERVED,B_RECOVERED,0.3,0.0,0.0,0.0,13280.882352941177,13007.335167543817,-2.0597064120275106,
D12_I5_S,L5S-132,MD,6,0.1081,72,0,23,69.24676470588236,48.9648568987587,48.47273529411765,6007.5776470588235,1001.2629411764706,profile,6007.5776470588235,6612.0,12000.0,,,,,,none,,,,,0.0,0.0,31756.17647058823,29571.93902612168,0.0,A_OBSERVED,B_RECOVERED,0.3,0.0,0.0,0.0,31756.17647058823,29571.93902612168,-6.87814997655507,
D12_I5_S,L5S-132,PM,6,0.1081,48,0,23,69.24676470588236,48.9648568987587,48.47273529411765,6007.5776470588235,1001.2629411764706,profile,6007.5776470588235,6612.0,12000.0,,,,,,none,,,,,0.0,0.0,22608.94117647059,13863.59274520424,0.0,A_OBSERVED,B_RECOVERED,0.3,0.0,0.0,0.0,22608.94117647059,13863.59274520424,-38.68092876621637,
D12_I5_S,L5S-132,NT,6,0.1081,132,0,23,69.24676470588236,48.9648568987587,48.47273529411765,6007.5776470588235,1001.2629411764706,profile,6007.5776470588235,6612.0,12000.0,,,,,,none,,,,,0.0,0.0,21786.117647058818,40547.87647469038,0.0,A_OBSERVED,B_RECOVERED,0.3,0.0,0.0,0.0,21786.117647058818,40547.87647469038,86.11795424764198,
D12_I5_S,L5S-135,AM,5,0.2218,36,9,23,69.09021739130435,48.854161231044046,48.36315217391304,7045.993043478261,1409.1986086956522,profile,7045.993043478261,7488.0,10000.0,07:25,07:35,08:10,0.75,normal,own_episode,42.99565217391305,0.1199183224009226,6637.565217391304,0.9420340293317496,4948.91304347826,5255.980427907054,20215.173913043473,20687.503388406833,0.7023726837282293,A_OBSERVED,B_RECOVERED,0.3,0.7023726837282293,4948.91304347826,5255.980427907054,20215.173913043473,20687.503388406833,2.3365095813427454,6.204743985822326
D12_I5_S,L5S-135,MD,5,0.2218,72,0,23,69.09021739130435,48.854161231044046,48.36315217391304,7045.993043478261,1409.1986086956522,profile,7045.993043478261,7488.0,10000.0,,,,,,none,,,,,0.0,0.0,37036.60474308301,38349.09865556076,0.0,A_OBSERVED,B_RECOVERED,0.3,0.0,0.0,0.0,37036.60474308301,38349.09865556076,3.5437749264067593,
D12_I5_S,L5S-135,PM,5,0.2218,48,0,23,69.09021739130435,48.854161231044046,48.36315217391304,7045.993043478261,1409.1986086956522,profile,7045.993043478261,7488.0,10000.0,,,,,,none,,,,,0.0,0.0,25493.41106719368,25007.767222593102,0.0,A_OBSERVED,B_RECOVERED,0.3,0.0,0.0,0.0,25493.41106719368,25007.767222593102,-1.9049778914267415,
D12_I5_S,L5S-135,NT,5,0.2218,132,0,23,69.09021739130435,48.854161231044046,48.36315217391304,7045.993043478261,1409.1986086956522,profile,7045.993043478261,7488.0,10000.0,,,,,,none,,,,,0.0,0.0,35853.30434782608,39866.9053926413,0.0,A_OBSERVED,B_RECOVERED,0.3,0.0,0.0,0.0,35853.30434782608,39866.9053926413,11.194508059502143,
D12_I5_S,L5S-136,AM,6,0.1901,36,28,23,72.56045454545453,51.30798945506915,50.79231818181817,7006.854545454546,1167.8090909090909,profile,7006.854545454546,7506.719999999994,12000.0,06:40,07:50,09:30,2.833333333333333,normal,own_episode,14.572727272727276,0.7159754761879972,4881.272727272727,0.696642508504659,11455.363636363634,12426.446015126578,15841.090909090912,16467.41298727374,1.6348796113935182,A_OBSERVED,B_RECOVERED,0.3,1.6348796113935182,11455.363636363634,12426.446015126578,15841.090909090912,16467.41298727374,3.9537812248990565,8.477097799674926
D12_I5_S,L5S-136,MD,6,0.1901,72,6,23,72.56045454545453,51.30798945506915,50.79231818181817,7006.854545454546,1167.8090909090909,profile,7006.854545454546,7506.719999999994,12000.0,,,,,,spillover_from_AM,,,,,2887.7272727272725,3400.7729128014116,36660.145454545454,36492.279494738,0.4121289023475713,A_OBSERVED,B_RECOVERED,0.3,0.4121289023475713,2887.7272727272725,3400.7729128014116,36660.145454545454,36492.279494738,-0.45789769169243255,17.766415995011904
D12_I5_S,L5S-136,PM,6,0.1901,48,0,23,72.56045454545453,51.30798945506915,50.79231818181817,7006.854545454546,1167.8090909090909,profile,7006.854545454546,7506.719999999994,12000.0,,,,,,none,,,,,0.0,0.0,26051.29090909091,25817.88925041235,0.0,A_OBSERVED,B_RECOVERED,0.3,0.0,0.0,0.0,26051.29090909091,25817.88925041235,-0.8959312591957199,
D12_I5_S,L5S-136,NT,6,0.1901,132,0,23,72.56045454545453,51.30798945506915,50.79231818181817,7006.854545454546,1167.8090909090909,profile,7006.854545454546,7506.719999999994,12000.0,,,,,,none,,,,,0.0,0.0,35391.63636363637,45075.296270664,0.0,A_OBSERVED,B_RECOVERED,0.3,0.0,0.0,0.0,35391.63636363637,45075.296270664,27.36143592664522,
D12_I5_S,L5S-137,AM,6,0.1783,36,32,23,71.70541666666666,50.70338637280689,50.19379166666666,9022.898461538462,1503.8164102564103,profile,9022.898461538462,9364.860000000002,12000.0,06:20,08:05,10:15,3.9166666666666665,normal,own_episode,23.492307692307687,0.5366718207029457,7478.076923076923,0.82878877058779,19484.769230769227,20667.355622152336,22191.92307692307,23657.359990801386,2.1594800510973444,A_OBSERVED,B_RECOVERED,0.3,2.1594800510973444,19484.769230769227,20667.355622152336,22191.92307692307,23657.359990801386,6.603469689394305,6.069286104326227
D12_I5_S,L5S-137,MD,6,0.1783,72,15,23,71.70541666666666,50.70338637280689,50.19379166666666,9022.898461538462,1503.8164102564103,profile,9022.898461538462,9364.860000000002,12000.0,,,,,,spillover_from_AM,,,,,9473.833333333332,10851.022026936203,49114.15151515152,50672.328968911344,1.0499767201988421,A_OBSERVED,B_RECOVERED,0.3,1.0499767201988421,9473.833333333332,10851.022026936203,49114.15151515152,50672.328968911344,3.1725631120373388,14.53676294639134
D12_I5_S,L5S-137,PM,6,0.1783,48,7,23,71.70541666666666,50.70338637280689,50.19379166666666,9022.898461538462,1503.8164102564103,profile,9022.898461538462,9364.860000000002,12000.0,17:30,17:45,18:05,0.5833333333333333,normal,own_episode,43.016666666666666,0.15160170268751016,8043.5,0.8914541191266528,4677.916666666666,5214.423047410037,34032.61363636363,33964.3300867229,0.5184494413416076,A_OBSERVED,B_RECOVERED,0.3,0.5184494413416076,4677.916666666666,5214.423047410037,34032.61363636363,33964.3300867229,-0.20064150926032495,11.468917019542976
D12_I5_S,L5S-137,NT,6,0.1783,132,0,23,71.70541666666666,50.70338637280689,50.19379166666666,9022.898461538462,1503.8164102564103,profile,9022.898461538462,9364.860000000002,12000.0,,,,,,none,,,,,0.0,0.0,46059.75,50506.949528453086,0.0,A_OBSERVED,B_RECOVERED,0.3,0.0,0.0,0.0,46059.75,50506.949528453086,9.655283687933794,
D12_I5_S,L5S-142,AM,5,0.2386,36,32,23,71.0186956521739,50.21780128667575,49.71308695652173,8588.230434782608,1717.6460869565217,profile,8588.230434782608,9144.0,10000.0,06:20,08:35,10:10,3.833333333333333,normal,own_episode,38.21304347826086,0.2390538315264732,7320.521739130435,0.8523899998633114,18672.91304347826,22206.160562716635,21301.78260869565,25040.27903536488,2.1742445297988704,A_OBSERVED,B_RECOVERED,0.3,2.1742445297988704,18672.91304347826,22206.160562716635,21301.78260869565,25040.27903536488,17.550157633958452,18.921779965512155
D12_I5_S,L5S-142,MD,5,0.2386,72,14,23,71.0186956521739,50.21780128667575,49.71308695652173,8588.230434782608,1717.6460869565217,profile,8588.230434782608,9144.0,10000.0,,,,,,spillover_from_AM,,,,,8680.434782608696,9886.367655823642,47257.09090909091,49424.141872075576,1.0107361287667198,A_OBSERVED,B_RECOVERED,0.3,1.0107361287667198,8680.434782608696,9886.367655823642,47257.09090909091,49424.141872075576,4.585663064096451,13.892539986949041
D12_I5_S,L5S-142,PM,5,0.2386,48,24,23,71.0186956521739,50.21780128667575,49.71308695652173,8588.230434782608,1717.6460869565217,profile,8588.230434782608,9144.0,10000.0,16:20,17:40,18:20,2.0,normal,own_episode,42.21739130434783,0.15931422279235996,7646.086956521739,0.8902983000496635,15632.391304347826,17002.855551138433,31822.049407114624,33842.48516991842,1.8202109762956686,A_OBSERVED,B_RECOVERED,0.3,1.8202109762956686,15632.391304347826,17002.855551138433,31822.049407114624,33842.48516991842,6.34916920954839,8.766824090498814
D12_I5_S,L5S-142,NT,5,0.2386,132,0,23,71.0186956521739,50.21780128667575,49.71308695652173,8588.230434782608,1717.6460869565217,profile,8588.230434782608,9144.0,10000.0,,,,,,none,,,,,0.0,0.0,44325.34782608695,50644.947738813775,0.0,A_OBSERVED,B_RECOVERED,0.3,0.0,0.0,0.0,44325.34782608695,50644.947738813775,14.257304731193843,
D12_I5_S,L5S-146,AM,6,0.2392,36,0,23,70.8541304347826,50.10143610551092,49.59789130434782,7954.900909090909,1325.8168181818182,profile,7954.900909090909,8622.96,12000.0,,,,,,none,,,,,0.0,0.0,20920.638339920948,21207.3200989479,0.0,A_OBSERVED,B_RECOVERED,0.3,0.0,0.0,0.0,20920.638339920948,21207.3200989479,1.3703298836723554,
D12_I5_S,L5S-146,MD,6,0.2392,72,0,23,70.8541304347826,50.10143610551092,49.59789130434782,7954.900909090909,1325.8168181818182,profile,7954.900909090909,8622.96,12000.0,,,,,,none,,,,,0.0,0.0,33736.39309241483,46420.77367845486,0.0,A_OBSERVED,B_RECOVERED,0.3,0.0,0.0,0.0,33736.39309241483,46420.77367845486,37.5985083861616,
D12_I5_S,L5S-146,PM,6,0.2392,48,0,23,70.8541304347826,50.10143610551092,49.59789130434782,7954.900909090909,1325.8168181818182,profile,7954.900909090909,8622.96,12000.0,,,,,,none,,,,,0.0,0.0,24370.53162055336,31089.701249527665,0.0,A_OBSERVED,B_RECOVERED,0.3,0.0,0.0,0.0,24370.53162055336,31089.701249527665,27.570878360764045,
D12_I5_S,L5S-146,NT,6,0.2392,132,0,23,70.8541304347826,50.10143610551092,49.59789130434782,7954.900909090909,1325.8168181818182,profile,7954.900909090909,8622.96,12000.0,,,,,,none,,,,,0.0,0.0,25707.434782608696,53067.01370897876,0.0,A_OBSERVED,B_RECOVERED,0.3,0.0,0.0,0.0,25707.434782608696,53067.01370897876,106.42671724243394,
D12_I5_S,L5S-147,AM,5,0.1355,36,0,23,69.14021739130433,48.88951657010336,48.39815217391303,4336.479130434783,867.2958260869566,profile,4336.479130434783,4752.0,10000.0,,,,,,none,,,,,0.0,0.0,9825.91304347826,5138.682406187221,0.0,A_OBSERVED,B_RECOVERED,0.3,0.0,0.0,0.0,9825.91304347826,5138.682406187221,-47.70274901223645,
D12_I5_S,L5S-147,MD,5,0.1355,72,0,23,69.14021739130433,48.88951657010336,48.39815217391303,4336.479130434783,867.2958260869566,profile,4336.479130434783,4752.0,10000.0,,,,,,none,,,,,0.0,0.0,22849.26679841897,14276.474288669628,0.0,A_OBSERVED,B_RECOVERED,0.3,0.0,0.0,0.0,22849.26679841897,14276.474288669628,-37.51889539992822,
D12_I5_S,L5S-147,PM,5,0.1355,48,0,23,69.14021739130433,48.88951657010336,48.39815217391303,4336.479130434783,867.2958260869566,profile,4336.479130434783,4752.0,10000.0,,,,,,none,,,,,0.0,0.0,16216.173913043476,9902.345769896612,0.0,A_OBSERVED,B_RECOVERED,0.3,0.0,0.0,0.0,16216.173913043476,9902.345769896612,-38.935375119949455,
D12_I5_S,L5S-147,NT,5,0.1355,132,0,23,69.14021739130433,48.88951657010336,48.39815217391303,4336.479130434783,867.2958260869566,profile,4336.479130434783,4752.0,10000.0,,,,,,none,,,,,0.0,0.0,16685.08695652174,19522.284712153218,0.0,A_OBSERVED,B_RECOVERED,0.3,0.0,0.0,0.0,16685.08695652174,19522.284712153218,17.004392982935553,
D12_I5_S,L5S-149,AM,6,0.458,36,11,23,72.25,51.08846494072806,50.574999999999996,7759.301052631578,1293.2168421052631,profile,7759.301052631578,8180.279999999995,12000.0,07:25,07:40,08:20,0.9166666666666666,normal,own_episode,40.742105263157896,0.2025185076430429,7343.0526315789475,0.9463549077127946,6779.368421052631,7025.555320936758,22050.21052631579,22409.090232488452,0.8737086465737011,A_OBSERVED,B_RECOVERED,0.3,0.8737086465737011,6779.368421052631,7025.555320936758,22050.21052631579,22409.090232488452,1.627556824205181,3.631413497452348
D12_I5_S,L5S-149,MD,6,0.458,72,0,23,72.25,51.08846494072806,50.574999999999996,7759.301052631578,1293.2168421052631,profile,7759.301052631578,8180.279999999995,12000.0,,,,,,none,,,,,0.0,0.0,39599.59356725146,41710.37921182621,0.0,A_OBSERVED,B_RECOVERED,0.3,0.0,0.0,0.0,39599.59356725146,41710.37921182621,5.330321486734539,
D12_I5_S,L5S-149,PM,6,0.458,48,0,23,72.25,51.08846494072806,50.574999999999996,7759.301052631578,1293.2168421052631,profile,7759.301052631578,8180.279999999995,12000.0,,,,,,none,,,,,0.0,0.0,27960.356725146197,26108.794897035652,0.0,A_OBSERVED,B_RECOVERED,0.3,0.0,0.0,0.0,27960.356725146197,26108.794897035652,-6.622096585932826,
D12_I5_S,L5S-149,NT,6,0.458,132,0,23,72.25,51.08846494072806,50.574999999999996,7759.301052631578,1293.2168421052631,profile,7759.301052631578,8180.279999999995,12000.0,,,,,,none,,,,,0.0,0.0,38064.447368421046,41227.11632849945,0.0,A_OBSERVED,B_RECOVERED,0.3,0.0,0.0,0.0,38064.447368421046,41227.11632849945,8.30872159910092,
D12_I5_S,L5S-152,AM,5,0.3088,36,0,23,68.42434782608694,48.383320346093086,47.897043478260855,4398.9365217391305,879.7873043478261,profile,4398.9365217391305,4560.0,10000.0,,,,,,none,,,,,0.0,0.0,11476.652173913042,12106.334279466362,0.0,A_OBSERVED,B_RECOVERED,0.3,0.0,0.0,0.0,11476.652173913042,12106.334279466362,5.4866357890031425,
D12_I5_S,L5S-152,MD,5,0.3088,72,0,23,68.42434782608694,48.383320346093086,47.897043478260855,4398.9365217391305,879.7873043478261,profile,4398.9365217391305,4560.0,10000.0,,,,,,none,,,,,0.0,0.0,21751.869565217392,22026.412624582677,0.0,A_OBSERVED,B_RECOVERED,0.3,0.0,0.0,0.0,21751.869565217392,22026.412624582677,1.2621584482296504,
D12_I5_S,L5S-152,PM,5,0.3088,48,0,23,68.42434782608694,48.383320346093086,47.897043478260855,4398.9365217391305,879.7873043478261,profile,4398.9365217391305,4560.0,10000.0,,,,,,none,,,,,0.0,0.0,14350.521739130436,14017.075400739093,0.0,A_OBSERVED,B_RECOVERED,0.3,0.0,0.0,0.0,14350.521739130436,14017.075400739093,-2.323583382213305,
D12_I5_S,L5S-152,NT,5,0.3088,132,0,23,68.42434782608694,48.383320346093086,47.897043478260855,4398.9365217391305,879.7873043478261,profile,4398.9365217391305,4560.0,10000.0,,,,,,none,,,,,0.0,0.0,17302.739130434784,23743.408479488255,0.0,A_OBSERVED,B_RECOVERED,0.3,0.0,0.0,0.0,17302.739130434784,23743.408479488255,37.22340896722304,
D12_I5_S,L5S-154,AM,6,0.1647,36,0,23,72.18022727272728,51.03912817213164,50.52615909090909,7421.808571428572,1236.9680952380952,profile,7421.808571428572,7668.0,12000.0,,,,,,none,,,,,0.0,0.0,20284.848484848484,21672.473668230276,0.0,A_OBSERVED,B_RECOVERED,0.3,0.0,0.0,0.0,20284.848484848484,21672.473668230276,6.840697796773099,
D12_I5_S,L5S-154,MD,6,0.1647,72,0,23,72.18022727272728,51.03912817213164,50.52615909090909,7421.808571428572,1236.9680952380952,profile,7421.808571428572,7668.0,12000.0,,,,,,none,,,,,0.0,0.0,35884.97770562771,39785.21997403735,0.0,A_OBSERVED,B_RECOVERED,0.3,0.0,0.0,0.0,35884.97770562771,39785.21997403735,10.868732594469407,
D12_I5_S,L5S-154,PM,6,0.1647,48,0,23,72.18022727272728,51.03912817213164,50.52615909090909,7421.808571428572,1236.9680952380952,profile,7421.808571428572,7668.0,12000.0,,,,,,none,,,,,0.0,0.0,25385.285714285714,23814.346676704463,0.0,A_OBSERVED,B_RECOVERED,0.3,0.0,0.0,0.0,25385.285714285714,23814.346676704463,-6.188384307595939,
D12_I5_S,L5S-154,NT,6,0.1647,132,0,23,72.18022727272728,51.03912817213164,50.52615909090909,7421.808571428572,1236.9680952380952,profile,7421.808571428572,7668.0,12000.0,,,,,,none,,,,,0.0,0.0,28399.954545454548,45672.302294912835,0.0,A_OBSERVED,B_RECOVERED,0.3,0.0,0.0,0.0,28399.954545454548,45672.302294912835,60.81822321868029,
D12_I5_S,L5S-156,AM,6,0.2734,36,0,23,71.0190909090909,50.218080775522075,49.71336363636363,7906.277142857143,1317.7128571428573,profile,7906.277142857143,8388.0,12000.0,,,,,,none,,,,,0.0,0.0,22408.31168831169,23159.545354016784,0.0,A_OBSERVED,B_RECOVERED,0.3,0.0,0.0,0.0,22408.31168831169,23159.545354016784,3.3524777598347253,
D12_I5_S,L5S-156,MD,6,0.2734,72,0,23,71.0190909090909,50.218080775522075,49.71336363636363,7906.277142857143,1317.7128571428573,profile,7906.277142857143,8388.0,12000.0,,,,,,none,,,,,0.0,0.0,39405.185281385275,42699.54474973842,0.0,A_OBSERVED,B_RECOVERED,0.3,0.0,0.0,0.0,39405.185281385275,42699.54474973842,8.360218191663673,
D12_I5_S,L5S-156,PM,6,0.2734,48,0,23,71.0190909090909,50.218080775522075,49.71336363636363,7906.277142857143,1317.7128571428573,profile,7906.277142857143,8388.0,12000.0,,,,,,none,,,,,0.0,0.0,29163.077922077915,27363.25513546943,0.0,A_OBSERVED,B_RECOVERED,0.3,0.0,0.0,0.0,29163.077922077915,27363.25513546943,-6.171580350392059,
D12_I5_S,L5S-156,NT,6,0.2734,132,0,23,71.0190909090909,50.218080775522075,49.71336363636363,7906.277142857143,1317.7128571428573,profile,7906.277142857143,8388.0,12000.0,,,,,,none,,,,,0.0,0.0,32531.681818181813,50795.48827027943,0.0,A_OBSERVED,B_RECOVERED,0.3,0.0,0.0,0.0,32531.681818181813,50795.48827027943,56.14159930056262,
D12_I5_S,L5S-158,AM,6,0.3163,36,18,23,71.78099999999999,50.75683186035157,50.24669999999999,7366.023,1227.6705,profile,7366.023,7875.600000000002,12000.0,07:30,07:55,09:40,2.1666666666666665,normal,own_episode,42.115,0.17025948120891465,6504.6,0.8830545329548931,10227.233333333332,10875.98667167541,20554.283333333333,21683.236332530327,1.388433532359773,A_OBSERVED,B_RECOVERED,0.3,1.388433532359773,10227.233333333332,10875.98667167541,20554.283333333333,21683.236332530327,5.492543723799632,6.34339040870041
D12_I5_S,L5S-158,MD,6,0.3163,72,8,23,71.78099999999999,50.75683186035157,50.24669999999999,7366.023,1227.6705,profile,7366.023,7875.600000000002,12000.0,,,,,,spillover_from_AM,,,,,4118.599999999999,4861.418702589546,34152.01578947368,39752.124039015805,0.5591348275724906,A_OBSERVED,B_RECOVERED,0.3,0.5591348275724906,4118.599999999999,4861.418702589546,34152.01578947368,39752.124039015805,16.397592118905592,18.03570879885269
D12_I5_S,L5S-158,PM,6,0.3163,48,0,23,71.78099999999999,50.75683186035157,50.24669999999999,7366.023,1227.6705,profile,7366.023,7875.600000000002,12000.0,,,,,,none,,,,,0.0,0.0,26632.789473684214,27174.51164166833,0.0,A_OBSERVED,B_RECOVERED,0.3,0.0,0.0,0.0,26632.789473684214,27174.51164166833,2.0340421664031516,
D12_I5_S,L5S-158,NT,6,0.3163,132,0,23,71.78099999999999,50.75683186035157,50.24669999999999,7366.023,1227.6705,profile,7366.023,7875.600000000002,12000.0,,,,,,none,,,,,0.0,0.0,28770.049999999996,44536.18154888545,0.0,A_OBSERVED,B_RECOVERED,0.3,0.0,0.0,0.0,28770.049999999996,44536.18154888545,54.80050103800812,
D12_I5_S,L5S-161,AM,5,0.522,36,23,23,66.4155,46.96285042589515,46.490849999999995,6885.234,1377.0468,profile,6885.234,7296.0,10000.0,06:50,07:35,08:45,1.9166666666666665,normal,own_episode,39.41,0.16082606480228756,6393.6,0.9285958908586114,12333.0,13085.722443131426,19515.399999999998,20311.002426771258,1.7912245248309642,A_OBSERVED,B_RECOVERED,0.3,1.7912245248309642,12333.0,13085.722443131426,19515.399999999998,20311.002426771258,4.0767928239813696,6.103319898900724
D12_I5_S,L5S-161,MD,5,0.522,72,0,23,66.4155,46.96285042589515,46.490849999999995,6885.234,1377.0468,profile,6885.234,7296.0,10000.0,,,,,,none,,,,,0.0,0.0,36484.4,36859.90996292252,0.0,A_OBSERVED,B_RECOVERED,0.3,0.0,0.0,0.0,36484.4,36859.90996292252,1.0292343108904494,
D12_I5_S,L5S-161,PM,5,0.522,48,0,23,66.4155,46.96285042589515,46.490849999999995,6885.234,1377.0468,profile,6885.234,7296.0,10000.0,,,,,,none,,,,,0.0,0.0,24566.5,26842.912583960195,0.0,A_OBSERVED,B_RECOVERED,0.3,0.0,0.0,0.0,24566.5,26842.912583960195,9.266328471537234,
D12_I5_S,L5S-161,NT,5,0.522,132,0,23,66.4155,46.96285042589515,46.490849999999995,6885.234,1377.0468,profile,6885.234,7296.0,10000.0,,,,,,none,,,,,0.0,0.0,30920.999999999993,48704.526335496645,0.0,A_OBSERVED,B_RECOVERED,0.3,0.0,0.0,0.0,30920.999999999993,48704.526335496645,57.51277880888929,
D12_I5_S,L5S-165,AM,5,0.2212,36,0,23,69.06653846153846,48.837417699235345,48.34657692307692,6271.292307692307,1254.2584615384615,profile,6271.292307692307,6662.399999999998,10000.0,,,,,,none,,,,,0.0,0.0,14884.879120879119,17883.607364475905,0.0,A_OBSERVED,B_RECOVERED,0.3,0.0,0.0,0.0,14884.879120879119,17883.607364475905,20.146137696143267,
D12_I5_S,L5S-165,MD,5,0.2212,72,0,23,69.06653846153846,48.837417699235345,48.34657692307692,6271.292307692307,1254.2584615384615,profile,6271.292307692307,6662.399999999998,10000.0,,,,,,none,,,,,0.0,0.0,30865.775641025633,35540.76329561439,0.0,A_OBSERVED,B_RECOVERED,0.3,0.0,0.0,0.0,30865.775641025633,35540.76329561439,15.146185564748748,
D12_I5_S,L5S-165,PM,5,0.2212,48,0,23,69.06653846153846,48.837417699235345,48.34657692307692,6271.292307692307,1254.2584615384615,profile,6271.292307692307,6662.399999999998,10000.0,,,,,,none,,,,,0.0,0.0,22216.69413919414,18860.105328048125,0.0,A_OBSERVED,B_RECOVERED,0.3,0.0,0.0,0.0,22216.69413919414,18860.105328048125,-15.108408074198604,
D12_I5_S,L5S-165,NT,5,0.2212,132,0,23,69.06653846153846,48.837417699235345,48.34657692307692,6271.292307692307,1254.2584615384615,profile,6271.292307692307,6662.399999999998,10000.0,,,,,,none,,,,,0.0,0.0,29127.93956043956,37434.248228063545,0.0,A_OBSERVED,B_RECOVERED,0.3,0.0,0.0,0.0,29127.93956043956,37434.248228063545,28.51663657976443,
D12_I5_S,L5S-173,AM,7,0.3244,36,11,23,70.98977272727274,50.197349690346385,49.69284090909091,8370.871428571429,1195.8387755102042,profile,8370.871428571429,8736.0,14000.0,08:05,08:35,09:40,1.5833333333333333,normal,own_episode,44.2857142857143,0.11776787900355967,7166.285714285715,0.8560979314322967,7255.428571428571,7611.939365646644,23110.16017316017,24734.595117106335,0.8667471043294689,A_OBSERVED,B_RECOVERED,0.3,0.8667471043294689,7255.428571428571,7611.939365646644,23110.16017316017,24734.595117106335,7.029094267519455,4.91371103317026
D12_I5_S,L5S-173,MD,7,0.3244,72,8,23,70.98977272727274,50.197349690346385,49.69284090909091,8370.871428571429,1195.8387755102042,profile,8370.871428571429,8736.0,14000.0,,,,,,spillover_from_AM,,,,,4767.311904761905,5551.799442487027,40058.35952380952,45149.910870192805,0.5695120209934336,A_OBSERVED,B_RECOVERED,0.3,0.5695120209934336,4767.311904761905,5551.799442487027,40058.35952380952,45149.910870192805,12.710334139761798,16.45555301178268
D12_I5_S,L5S-173,PM,7,0.3244,48,6,23,70.98977272727274,50.197349690346385,49.69284090909091,8370.871428571429,1195.8387755102042,profile,8370.871428571429,8736.0,14000.0,17:50,18:00,18:20,0.5,normal,own_episode,44.90454545454545,0.10543991402834585,7175.181818181818,0.8571606766879148,3546.9090909090905,4160.291432617143,29082.863636363636,27633.569960090565,0.42372041204728017,A_OBSERVED,B_RECOVERED,0.3,0.42372041204728017,3546.9090909090905,4160.291432617143,29082.863636363636,27633.569960090565,-4.983325213067922,17.293432844957398
D12_I5_S,L5S-173,NT,7,0.3244,132,0,23,70.98977272727274,50.197349690346385,49.69284090909091,8370.871428571429,1195.8387755102042,profile,8370.871428571429,8736.0,14000.0,,,,,,none,,,,,0.0,0.0,32771.409090909074,48910.009858309386,0.0,A_OBSERVED,B_RECOVERED,0.3,0.0,0.0,0.0,32771.409090909074,48910.009858309386,49.24597756120663,
D12_I5_S,L5S-174,AM,5,0.0963,36,30,23,72.03,50.93290144886702,50.421,6790.0017391304345,1358.000347826087,profile,6790.0017391304345,7275.48,10000.0,06:30,07:30,09:45,3.25,normal,own_episode,34.66086956521739,0.31947977477751943,5594.181818181818,0.8238851819349078,14135.0395256917,16272.479454503326,17207.95256916996,19538.273470016025,2.081743137742099,A_OBSERVED,B_RECOVERED,0.3,2.081743137742099,14135.0395256917,16272.479454503326,17207.95256916996,19538.273470016025,13.542116015714184,15.121570229263506
D12_I5_S,L5S-174,MD,5,0.0963,72,9,23,72.03,50.93290144886702,50.421,6790.0017391304345,1358.000347826087,profile,6790.0017391304345,7275.48,10000.0,,,,,,spillover_from_AM,,,,,4190.422077922078,5014.649443402075,34569.977413890454,38405.7560518284,0.6171459506074776,A_OBSERVED,B_RECOVERED,0.3,0.6171459506074776,4190.422077922078,5014.649443402075,34569.977413890454,38405.7560518284,11.09569321383677,19.669316125040808
D12_I5_S,L5S-174,PM,5,0.0963,48,14,23,72.03,50.93290144886702,50.421,6790.0017391304345,1358.000347826087,profile,6790.0017391304345,7275.48,10000.0,17:05,17:40,18:15,1.1666666666666665,normal,own_episode,38.68260869565217,0.24051825842895025,6224.347826086957,0.9166931122000098,7461.391304347825,7726.566953972688,25536.104743083,25266.531178979385,1.098879144809081,A_OBSERVED,B_RECOVERED,0.3,1.098879144809081,7461.391304347825,7726.566953972688,25536.104743083,25266.531178979385,-1.055656556925093,3.553970550644385
D12_I5_S,L5S-174,NT,5,0.0963,132,0,23,72.03,50.93290144886702,50.421,6790.0017391304345,1358.000347826087,profile,6790.0017391304345,7275.48,10000.0,,,,,,none,,,,,0.0,0.0,32894.65217391304,35520.11025972951,0.0,A_OBSERVED,B_RECOVERED,0.3,0.0,0.0,0.0,32894.65217391304,35520.11025972951,7.981413124345416,
D12_I5_S,L5S-178,AM,4,0.2722,36,0,23,68.3995652173913,48.3657963954289,47.87969565217391,4232.754782608696,1058.188695652174,profile,4232.754782608696,5388.0,8000.0,,,,,,none,,,,,0.0,0.0,9952.434782608694,10517.462230205572,0.0,A_OBSERVED,B_RECOVERED,0.3,0.0,0.0,0.0,9952.434782608694,10517.462230205572,5.6772785749295345,
D12_I5_S,L5S-178,MD,4,0.2722,72,0,23,68.3995652173913,48.3657963954289,47.87969565217391,4232.754782608696,1058.188695652174,profile,4232.754782608696,5388.0,8000.0,,,,,,none,,,,,0.0,0.0,23473.95652173913,21471.349597686545,0.0,A_OBSERVED,B_RECOVERED,0.3,0.0,0.0,0.0,23473.95652173913,21471.349597686545,-8.531186134719034,
D12_I5_S,L5S-178,PM,4,0.2722,48,0,23,68.3995652173913,48.3657963954289,47.87969565217391,4232.754782608696,1058.188695652174,profile,4232.754782608696,5388.0,8000.0,,,,,,none,,,,,0.0,0.0,15465.434782608696,10518.132592851605,0.0,A_OBSERVED,B_RECOVERED,0.3,0.0,0.0,0.0,15465.434782608696,10518.132592851605,-31.989415488793544,
D12_I5_S,L5S-178,NT,4,0.2722,132,0,23,68.3995652173913,48.3657963954289,47.87969565217391,4232.754782608696,1058.188695652174,profile,4232.754782608696,5388.0,8000.0,,,,,,none,,,,,0.0,0.0,19192.739130434784,24294.58066162884,0.0,A_OBSERVED,B_RECOVERED,0.3,0.0,0.0,0.0,19192.739130434784,24294.58066162884,26.582143885360466,
D12_I5_S,L5S-179,AM,5,0.2734,36,0,23,68.60108695652175,48.508293783724554,48.02076086956522,4156.599130434783,831.3198260869565,profile,4156.599130434783,5328.0,10000.0,,,,,,none,,,,,0.0,0.0,9643.82608695652,10176.118405860152,0.0,A_OBSERVED,B_RECOVERED,0.3,0.0,0.0,0.0,9643.82608695652,10176.118405860152,5.519513874514686,
D12_I5_S,L5S-179,MD,5,0.2734,72,0,23,68.60108695652175,48.508293783724554,48.02076086956522,4156.599130434783,831.3198260869565,profile,4156.599130434783,5328.0,10000.0,,,,,,none,,,,,0.0,0.0,22925.869565217392,20720.988411485378,0.0,A_OBSERVED,B_RECOVERED,0.3,0.0,0.0,0.0,22925.869565217392,20720.988411485378,-9.617437399527082,
D12_I5_S,L5S-179,PM,5,0.2734,48,0,23,68.60108695652175,48.508293783724554,48.02076086956522,4156.599130434783,831.3198260869565,profile,4156.599130434783,5328.0,10000.0,,,,,,none,,,,,0.0,0.0,15233.826086956522,9932.117095219897,0.0,A_OBSERVED,B_RECOVERED,0.3,0.0,0.0,0.0,15233.826086956522,9932.117095219897,-34.802215552900684,
D12_I5_S,L5S-179,NT,5,0.2734,132,0,23,68.60108695652175,48.508293783724554,48.02076086956522,4156.599130434783,831.3198260869565,profile,4156.599130434783,5328.0,10000.0,,,,,,none,,,,,0.0,0.0,18482.73913043478,24933.979130392432,0.0,A_OBSERVED,B_RECOVERED,0.3,0.0,0.0,0.0,18482.73913043478,24933.979130392432,34.904133821456455,
D12_I5_S,L5S-181,AM,4,0.4107,36,29,23,70.267,49.68627219363513,49.186899999999994,4610.721052631579,1152.6802631578948,profile,4610.721052631579,4980.0,8000.0,06:35,07:35,09:45,3.1666666666666665,normal,own_episode,10.010526315789471,0.7985253094299992,3025.894736842105,0.6562736505421574,7291.8421052631575,7598.020221270663,9849.842105263157,9998.6461132975,1.5814971285459403,A_OBSERVED,B_RECOVERED,0.3,1.5814971285459403,7291.8421052631575,7598.020221270663,9849.842105263157,9998.6461132975,1.5107248059827445,4.198913135907178
D12_I5_S,L5S-181,MD,4,0.4107,72,9,23,70.267,49.68627219363513,49.186899999999994,4610.721052631579,1152.6802631578948,profile,4610.721052631579,4980.0,8000.0,,,,,,spillover_from_AM,,,,,2783.4210526315787,3291.493809872869,23109.160818713448,24123.416639629082,0.6036845475704792,A_OBSERVED,B_RECOVERED,0.3,0.6036845475704792,2783.4210526315787,3291.493809872869,23109.160818713448,24123.416639629082,4.388977292911066,18.253535761717906
D12_I5_S,L5S-181,PM,4,0.4107,48,0,23,70.267,49.68627219363513,49.186899999999994,4610.721052631579,1152.6802631578948,profile,4610.721052631579,4980.0,8000.0,,,,,,none,,,,,0.0,0.0,16625.75730994152,16336.379802283373,0.0,A_OBSERVED,B_RECOVERED,0.3,0.0,0.0,0.0,16625.75730994152,16336.379802283373,-1.7405373016308374,
D12_I5_S,L5S-181,NT,4,0.4107,132,0,23,70.267,49.68627219363513,49.186899999999994,4610.721052631579,1152.6802631578948,profile,4610.721052631579,4980.0,8000.0,,,,,,none,,,,,0.0,0.0,22534.84736842105,26819.66623723676,0.0,A_OBSERVED,B_RECOVERED,0.3,0.0,0.0,0.0,22534.84736842105,26819.66623723676,19.014190772022673,
D12_I5_S,L5S-185,AM,5,0.1864,36,32,23,72.17717391304348,51.03696912079382,50.52402173913043,7453.35,1490.67,profile,7453.35,7849.319999999996,10000.0,06:20,08:35,10:25,4.083333333333333,normal,own_episode,13.386956521739128,0.7377007931239998,5926.695652173914,0.7951720571520073,14312.95652173913,14218.94961501152,16341.913043478258,16676.02093205405,1.920338709672715,A_OBSERVED,B_RECOVERED,0.3,1.920338709672715,14312.95652173913,14218.94961501152,16341.913043478258,16676.02093205405,2.044484557511011,-0.6567958659332831
D12_I5_S,L5S-185,MD,5,0.1864,72,17,23,72.17717391304348,51.03696912079382,50.52402173913043,7453.35,1490.67,profile,7453.35,7849.319999999996,10000.0,,,,,,spillover_from_AM,,,,,8443.608695652174,9625.255226023684,39221.644268774704,42551.95181888072,1.1328608874737096,A_OBSERVED,B_RECOVERED,0.3,1.1328608874737096,8443.608695652174,9625.255226023684,39221.644268774704,42551.95181888072,8.49099422575038,13.994567642386954
D12_I5_S,L5S-185,PM,5,0.1864,48,32,23,72.17717391304348,51.03696912079382,50.52402173913043,7453.35,1490.67,profile,7453.35,7849.319999999996,10000.0,15:45,17:20,18:25,2.6666666666666665,normal,own_episode,26.45217391304347,0.4817056269458966,6689.217391304348,0.8974779651169403,18500.565217391304,18691.64442007776,27964.92490118577,28363.43939280685,2.482181196024781,A_OBSERVED,B_RECOVERED,0.3,2.482181196024781,18500.565217391304,18691.64442007776,27964.92490118577,28363.43939280685,1.4250511776063568,1.0328289997693272
D12_I5_S,L5S-185,NT,5,0.1864,132,0,23,72.17717391304348,51.03696912079382,50.52402173913043,7453.35,1490.67,profile,7453.35,7849.319999999996,10000.0,,,,,,none,,,,,0.0,0.0,36171.739130434784,42500.25835548021,0.0,A_OBSERVED,B_RECOVERED,0.3,0.0,0.0,0.0,36171.739130434784,42500.25835548021,17.495756016112125,
D12_I5_S,L5S-187,AM,5,0.2206,36,28,23,65.691,46.4505515629255,45.9837,6617.64,1323.528,profile,6617.64,7183.3200000000015,10000.0,06:20,07:10,08:40,2.333333333333333,normal,own_episode,39.59,0.14769580407741045,5362.2,0.8102888643081219,12418.2,15303.346188727122,16123.8,19633.376871335975,1.8765300016320017,A_OBSERVED,B_RECOVERED,0.3,1.8765300016320017,12418.2,15303.346188727122,16123.8,19633.376871335975,21.76643763465173,23.233207620485427
D12_I5_S,L5S-187,MD,5,0.2206,71,0,23,65.691,46.4505515629255,45.9837,6617.64,1323.528,profile,6617.64,7183.3200000000015,10000.0,,,,,,none,,,,,0.0,0.0,34810.7,22436.647683625946,0.0,A_OBSERVED,B_RECOVERED,0.3,0.0,0.0,0.0,34810.7,22436.647683625946,-35.546692012438854,
D12_I5_S,L5S-187,PM,5,0.2206,48,1,23,65.691,46.4505515629255,45.9837,6617.64,1323.528,profile,6617.64,7183.3200000000015,10000.0,,,,,,spillover_from_NT,,,,,413.0,550.8824261556952,25054.7,25798.174011721512,0.06240895545844138,A_OBSERVED,B_RECOVERED,0.3,0.06240895545844138,413.0,550.8824261556952,25054.7,25798.174011721512,2.96740336831617,33.385575340362024
D12_I5_S,L5S-187,NT,5,0.2206,132,42,23,65.691,46.4505515629255,45.9837,6617.64,1323.528,profile,6617.64,7183.3200000000015,10000.0,18:55,20:50,21:50,2.9166666666666665,normal,own_episode,29.5,0.36491604496801233,2781.6000000000004,0.42033111501985604,11508.3,22198.109985879048,27642.799999999996,69333.50319183429,1.739033854969445,A_OBSERVED,B_RECOVERED,0.3,1.739033854969445,11508.3,22198.109985879048,27642.799999999996,69333.50319183429,150.81939308548448,92.88782866174022
D12_I5_S,L5S-190,AM,4,0.6748,36,0,23,67.57913043478261,47.78566139712499,47.30539130434783,4378.5234782608695,1094.6308695652174,profile,4378.5234782608695,5794.620000000003,8000.0,,,,,,none,,,,,0.0,0.0,10414.217391304348,8956.806615558344,0.0,A_OBSERVED,B_RECOVERED,0.3,0.0,0.0,0.0,10414.217391304348,8956.806615558344,-13.994433964504251,
D12_I5_S,L5S-190,MD,4,0.6748,72,0,23,67.57913043478261,47.78566139712499,47.30539130434783,4378.5234782608695,1094.6308695652174,profile,4378.5234782608695,5794.620000000003,8000.0,,,,,,none,,,,,0.0,0.0,24862.217391304344,24447.831512984834,0.0,A_OBSERVED,B_RECOVERED,0.3,0.0,0.0,0.0,24862.217391304344,24447.831512984834,-1.6667293660799665,
D12_I5_S,L5S-190,PM,4,0.6748,48,0,23,67.57913043478261,47.78566139712499,47.30539130434783,4378.5234782608695,1094.6308695652174,profile,4378.5234782608695,5794.620000000003,8000.0,,,,,,none,,,,,0.0,0.0,15826.565217391304,14191.515383317319,0.0,A_OBSERVED,B_RECOVERED,0.3,0.0,0.0,0.0,15826.565217391304,14191.515383317319,-10.331046639717387,
D12_I5_S,L5S-190,NT,4,0.6748,132,0,23,67.57913043478261,47.78566139712499,47.30539130434783,4378.5234782608695,1094.6308695652174,profile,4378.5234782608695,5794.620000000003,8000.0,,,,,,none,,,,,0.0,0.0,15243.608695652176,24359.835223417213,0.0,A_OBSERVED,B_RECOVERED,0.3,0.0,0.0,0.0,15243.608695652176,24359.835223417213,59.803598411478454,
D12_I5_S,L5S-196,AM,5,0.1106,36,19,23,72.58019736842107,51.32194973906855,50.80613815789474,7519.125614035088,1503.8251228070176,profile,7519.125614035088,7940.279999999995,10000.0,07:15,07:35,08:50,1.5833333333333333,normal,own_episode,36.64736842105263,0.2859318750091244,6887.368421052632,0.9159799655689715,11088.842105263157,11583.564777274349,21062.210526315786,21617.930887091716,1.4747515435258707,A_OBSERVED,B_RECOVERED,0.3,1.4747515435258707,11088.842105263157,11583.564777274349,21062.210526315786,21617.930887091716,2.6384712092854397,4.461445724584529
D12_I5_S,L5S-196,MD,5,0.1106,72,0,23,72.58019736842107,51.32194973906855,50.80613815789474,7519.125614035088,1503.8251228070176,profile,7519.125614035088,7940.279999999995,10000.0,,,,,,none,,,,,0.0,0.0,39412.42690058479,40067.74499839374,0.0,A_OBSERVED,B_RECOVERED,0.3,0.0,0.0,0.0,39412.42690058479,40067.74499839374,1.66271947541304,
D12_I5_S,L5S-196,PM,5,0.1106,48,0,23,72.58019736842107,51.32194973906855,50.80613815789474,7519.125614035088,1503.8251228070176,profile,7519.125614035088,7940.279999999995,10000.0,,,,,,none,,,,,0.0,0.0,28108.13450292398,25964.130158598222,0.0,A_OBSERVED,B_RECOVERED,0.3,0.0,0.0,0.0,28108.13450292398,25964.130158598222,-7.627700600702349,
D12_I5_S,L5S-196,NT,5,0.1106,132,0,23,72.58019736842107,51.32194973906855,50.80613815789474,7519.125614035088,1503.8251228070176,profile,7519.125614035088,7940.279999999995,10000.0,,,,,,none,,,,,0.0,0.0,38231.83684210526,42942.25935716414,0.0,A_OBSERVED,B_RECOVERED,0.3,0.0,0.0,0.0,38231.83684210526,42942.25935716414,12.320680626757719,
D12_I5_S,L5S-197,AM,5,0.1734,36,23,23,66.00076923076922,46.669591486605356,46.20053846153845,7041.401538461539,1408.2803076923078,profile,7041.401538461539,7743.419999999998,10000.0,07:05,08:20,09:45,2.6666666666666665,normal,own_episode,32.90769230769231,0.29487935806900845,5666.7692307692305,0.8047785941216684,10472.461538461535,12904.873037279578,17373.615384615387,20425.878268519686,1.4872694706101992,A_OBSERVED,B_RECOVERED,0.3,1.4872694706101992,10472.461538461535,12904.873037279578,17373.615384615387,20425.878268519686,17.56838065269435,23.226740818141767
D12_I5_S,L5S-197,MD,5,0.1734,72,9,23,66.00076923076922,46.669591486605356,46.20053846153845,7041.401538461539,1408.2803076923078,profile,7041.401538461539,7743.419999999998,10000.0,,,,,,spillover_from_AM,,,,,4541.230769230769,5246.813538532315,37278.46153846154,41225.55012615619,0.6449327941924148,A_OBSERVED,B_RECOVERED,0.3,0.6449327941924148,4541.230769230769,5246.813538532315,37278.46153846154,41225.55012615619,10.588120927743477,15.537258623416395
D12_I5_S,L5S-197,PM,5,0.1734,48,0,23,66.00076923076922,46.669591486605356,46.20053846153845,7041.401538461539,1408.2803076923078,profile,7041.401538461539,7743.419999999998,10000.0,,,,,,none,,,,,0.0,0.0,23462.461538461535,27113.882196785722,0.0,A_OBSERVED,B_RECOVERED,0.3,0.0,0.0,0.0,23462.461538461535,27113.882196785722,15.562820006496281,
D12_I5_S,L5S-197,NT,5,0.1734,132,0,23,66.00076923076922,46.669591486605356,46.20053846153845,7041.401538461539,1408.2803076923078,profile,7041.401538461539,7743.419999999998,10000.0,,,,,,none,,,,,0.0,0.0,45028.92307692308,55490.5588492695,0.0,A_OBSERVED,B_RECOVERED,0.3,0.0,0.0,0.0,45028.92307692308,55490.5588492695,23.233146736542583,
D12_I5_S,L5S-199,AM,5,0.2467,36,0,23,68.93760869565217,48.74625058748036,48.25632608695652,7159.460869565217,1431.8921739130433,profile,7159.460869565217,7584.0,10000.0,,,,,,none,,,,,0.0,0.0,16132.652173913044,18244.52025949197,0.0,A_OBSERVED,B_RECOVERED,0.3,0.0,0.0,0.0,16132.652173913044,18244.52025949197,13.09064413471875,
D12_I5_S,L5S-199,MD,5,0.2467,72,0,23,68.93760869565217,48.74625058748036,48.25632608695652,7159.460869565217,1431.8921739130433,profile,7159.460869565217,7584.0,10000.0,,,,,,none,,,,,0.0,0.0,36086.30434782609,38322.48449677571,0.0,A_OBSERVED,B_RECOVERED,0.3,0.0,0.0,0.0,36086.30434782609,38322.48449677571,6.1967557758081515,
D12_I5_S,L5S-199,PM,5,0.2467,48,0,23,68.93760869565217,48.74625058748036,48.25632608695652,7159.460869565217,1431.8921739130433,profile,7159.460869565217,7584.0,10000.0,,,,,,none,,,,,0.0,0.0,26373.391304347828,22144.633190739103,0.0,A_OBSERVED,B_RECOVERED,0.3,0.0,0.0,0.0,26373.391304347828,22144.633190739103,-16.034184094146383,
D12_I5_S,L5S-199,NT,5,0.2467,132,0,23,68.93760869565217,48.74625058748036,48.25632608695652,7159.460869565217,1431.8921739130433,profile,7159.460869565217,7584.0,10000.0,,,,,,none,,,,,0.0,0.0,23401.260869565216,41064.76295072368,0.0,A_OBSERVED,B_RECOVERED,0.3,0.0,0.0,0.0,23401.260869565216,41064.76295072368,75.48098446323863,
D12_I5_S,L5S-205,AM,6,0.2044,36,0,23,72.8,51.477373670380665,50.959999999999994,6935.781818181818,1155.9636363636364,profile,6935.781818181818,7583.699999999999,12000.0,,,,,,none,,,,,0.0,0.0,18716.21818181818,19431.44136571858,0.0,A_OBSERVED,B_RECOVERED,0.3,0.0,0.0,0.0,18716.21818181818,19431.44136571858,3.821408667885693,
D12_I5_S,L5S-205,MD,6,0.2044,65,0,23,72.8,51.477373670380665,50.959999999999994,6935.781818181818,1155.9636363636364,profile,6935.781818181818,7583.699999999999,12000.0,,,,,,none,,,,,0.0,0.0,30658.345454545448,31862.031978785853,0.0,A_OBSERVED,B_RECOVERED,0.3,0.0,0.0,0.0,30658.345454545448,31862.031978785853,3.926130084302854,
D12_I5_S,L5S-205,PM,6,0.2044,48,0,23,72.8,51.477373670380665,50.959999999999994,6935.781818181818,1155.9636363636364,profile,6935.781818181818,7583.699999999999,12000.0,,,,,,none,,,,,0.0,0.0,24911.772727272724,23574.223245647205,0.0,A_OBSERVED,B_RECOVERED,0.3,0.0,0.0,0.0,24911.772727272724,23574.223245647205,-5.369146131303643,
D12_I5_S,L5S-205,NT,6,0.2044,132,0,23,72.8,51.477373670380665,50.959999999999994,6935.781818181818,1155.9636363636364,profile,6935.781818181818,7583.699999999999,12000.0,,,,,,none,,,,,0.0,0.0,26809.63636363636,40172.88183749416,0.0,A_OBSERVED,B_RECOVERED,0.3,0.0,0.0,0.0,26809.63636363636,40172.88183749416,49.84493371190679,
D12_I5_S,L5S-220,AM,8,0.0298,36,16,23,68.95934782608697,48.7616224740279,48.271543478260874,8688.002608695651,1086.0003260869564,profile,8688.002608695651,9096.0,16000.0,07:40,07:50,09:00,1.3333333333333333,normal,own_episode,40.978260869565226,0.15962064446498592,7547.478260869565,0.8687242166934253,10129.130434782608,11484.1656132929,23807.739130434784,24687.035812559236,1.1658756207836034,A_OBSERVED,B_RECOVERED,0.3,1.1658756207836034,10129.130434782608,11484.1656132929,23807.739130434784,24687.035812559236,3.6933229035612074,13.377606174930987
D12_I5_S,L5S-220,MD,8,0.0298,72,0,23,68.95934782608697,48.7616224740279,48.271543478260874,8688.002608695651,1086.0003260869564,profile,8688.002608695651,9096.0,16000.0,,,,,,none,,,,,0.0,0.0,41181.59288537549,42922.30777700908,0.0,A_OBSERVED,B_RECOVERED,0.3,0.0,0.0,0.0,41181.59288537549,42922.30777700908,4.226924627414693,
D12_I5_S,L5S-220,PM,8,0.0298,48,0,23,68.95934782608697,48.7616224740279,48.271543478260874,8688.002608695651,1086.0003260869564,profile,8688.002608695651,9096.0,16000.0,,,,,,none,,,,,0.0,0.0,29942.60869565217,26911.633715182226,0.0,A_OBSERVED,B_RECOVERED,0.3,0.0,0.0,0.0,29942.60869565217,26911.633715182226,-10.122614937388727,
D12_I5_S,L5S-220,NT,8,0.0298,132,0,23,68.95934782608697,48.7616224740279,48.271543478260874,8688.002608695651,1086.0003260869564,profile,8688.002608695651,9096.0,16000.0,,,,,,none,,,,,0.0,0.0,40209.43478260869,46115.8136884828,0.0,A_OBSERVED,B_RECOVERED,0.3,0.0,0.0,0.0,40209.43478260869,46115.8136884828,14.689037380920174,
D12_I5_S,L5S-223,AM,8,0.2206,36,2,23,71.45947368421052,50.52947842212691,50.021631578947364,9022.392631578949,1127.7990789473686,profile,9022.392631578949,9920.04,16000.0,08:50,08:55,09:20,0.5,normal,own_episode,47.87894736842105,0.05245514373932636,7956.631578947368,0.8818760060495097,1335.6346749226004,1500.4376866055602,25385.228242174057,26660.401137812212,0.14803552998212405,A_OBSERVED,B_RECOVERED,0.3,0.14803552998212405,1335.6346749226004,1500.4376866055602,25385.228242174057,26660.401137812212,5.02328710017124,12.33892880869614
D12_I5_S,L5S-223,MD,8,0.2206,72,4,23,71.45947368421052,50.52947842212691,50.021631578947364,9022.392631578949,1127.7990789473686,profile,9022.392631578949,9920.04,16000.0,,,,,,spillover_from_AM,,,,,2644.6037151702785,3004.6805720151156,46234.325700894384,48165.42940226853,0.29311556514554654,A_OBSERVED,B_RECOVERED,0.3,0.29311556514554654,2644.6037151702785,3004.6805720151156,46234.325700894384,48165.42940226853,4.176774879052227,13.615531687387527
D12_I5_S,L5S-223,PM,8,0.2206,48,0,23,71.45947368421052,50.52947842212691,50.021631578947364,9022.392631578949,1127.7990789473686,profile,9022.392631578949,9920.04,16000.0,,,,,,none,,,,,0.0,0.0,33775.807017543855,32967.14722675642,0.0,A_OBSERVED,B_RECOVERED,0.3,0.0,0.0,0.0,33775.807017543855,32967.14722675642,-2.394198280347243,
D12_I5_S,L5S-223,NT,8,0.2206,132,0,23,71.45947368421052,50.52947842212691,50.021631578947364,9022.392631578949,1127.7990789473686,profile,9022.392631578949,9920.04,16000.0,,,,,,none,,,,,0.0,0.0,40683.63157894737,54987.59606722981,0.0,A_OBSERVED,B_RECOVERED,0.3,0.0,0.0,0.0,40683.63157894737,54987.59606722981,35.15901588216216,
D12_I5_S,L5S-226,AM,5,0.2498,36,0,23,67.98369565217394,48.0717322057746,47.58858695652175,6861.753913043478,1372.3507826086957,profile,6861.753913043478,7272.0,10000.0,,,,,,none,,,,,0.0,0.0,19313.739130434784,19818.49976247003,0.0,A_OBSERVED,B_RECOVERED,0.3,0.0,0.0,0.0,19313.739130434784,19818.49976247003,2.6134795992964364,
D12_I5_S,L5S-226,MD,5,0.2498,72,0,23,67.98369565217394,48.0717322057746,47.58858695652175,6861.753913043478,1372.3507826086957,profile,6861.753913043478,7272.0,10000.0,,,,,,none,,,,,0.0,0.0,35883.264822134384,37272.11982183384,0.0,A_OBSERVED,B_RECOVERED,0.3,0.0,0.0,0.0,35883.264822134384,37272.11982183384,3.8704811465280833,
D12_I5_S,L5S-226,PM,5,0.2498,48,0,23,67.98369565217394,48.0717322057746,47.58858695652175,6861.753913043478,1372.3507826086957,profile,6861.753913043478,7272.0,10000.0,,,,,,none,,,,,0.0,0.0,25316.369565217385,24375.404323448412,0.0,A_OBSERVED,B_RECOVERED,0.3,0.0,0.0,0.0,25316.369565217385,24375.404323448412,-3.716825350273687,
D12_I5_S,L5S-226,NT,5,0.2498,132,0,23,67.98369565217394,48.0717322057746,47.58858695652175,6861.753913043478,1372.3507826086957,profile,6861.753913043478,7272.0,10000.0,,,,,,none,,,,,0.0,0.0,34881.30434782608,39887.21928172316,0.0,A_OBSERVED,B_RECOVERED,0.3,0.0,0.0,0.0,34881.30434782608,39887.21928172316,14.351283667547449,
D12_I5_S,L5S-239,AM,7,0.0715,36,0,23,70.97153846153846,50.18445611739572,49.68007692307692,8436.318461538462,1205.1883516483517,profile,8436.318461538462,9043.2,14000.0,,,,,,none,,,,,0.0,0.0,22537.632051282053,21901.731249296823,0.0,A_OBSERVED,B_RECOVERED,0.3,0.0,0.0,0.0,22537.632051282053,21901.731249296823,-2.8215067161372738,
D12_I5_S,L5S-239,MD,7,0.0715,72,0,23,70.97153846153846,50.18445611739572,49.68007692307692,8436.318461538462,1205.1883516483517,profile,8436.318461538462,9043.2,14000.0,,,,,,none,,,,,0.0,0.0,40210.46876456876,41879.95834781752,0.0,A_OBSERVED,B_RECOVERED,0.3,0.0,0.0,0.0,40210.46876456876,41879.95834781752,4.1518779425914625,
D12_I5_S,L5S-239,PM,7,0.0715,48,0,23,70.97153846153846,50.18445611739572,49.68007692307692,8436.318461538462,1205.1883516483517,profile,8436.318461538462,9043.2,14000.0,,,,,,none,,,,,0.0,0.0,29126.826923076926,25015.446792817325,0.0,A_OBSERVED,B_RECOVERED,0.3,0.0,0.0,0.0,29126.826923076926,25015.446792817325,-14.11544120860687,
D12_I5_S,L5S-239,NT,7,0.0715,132,0,23,70.97153846153846,50.18445611739572,49.68007692307692,8436.318461538462,1205.1883516483517,profile,8436.318461538462,9043.2,14000.0,,,,,,none,,,,,0.0,0.0,31460.839743589742,47696.12566299885,0.0,A_OBSERVED,B_RECOVERED,0.3,0.0,0.0,0.0,31460.839743589742,47696.12566299885,51.60474434798614,
D12_I5_S,L5S-240,AM,6,0.2454,36,21,23,71.10630434782608,50.27974998946232,49.774413043478255,7056.136363636364,1176.0227272727273,profile,7056.136363636364,7536.0,12000.0,07:15,08:45,09:25,2.1666666666666665,normal,own_episode,35.60000000000001,0.29196147539593786,5184.0,0.7346796791960576,8767.304347826088,11957.337340769673,16848.73913043478,20339.782778626162,1.2425077827305306,A_OBSERVED,B_RECOVERED,0.3,1.2425077827305306,8767.304347826088,11957.337340769673,16848.73913043478,20339.782778626162,20.719910381218515,36.385562384800465
D12_I5_S,L5S-240,MD,6,0.2454,72,5,23,71.10630434782608,50.27974998946232,49.774413043478255,7056.136363636364,1176.0227272727273,profile,7056.136363636364,7536.0,12000.0,,,,,,spillover_from_AM,,,,,2225.173913043478,2905.3478203913096,35242.73122529643,39767.20762857955,0.31535302017558225,A_OBSERVED,B_RECOVERED,0.3,0.31535302017558225,2225.173913043478,2905.3478203913096,35242.73122529643,39767.20762857955,12.838041337827837,30.56722458234848
D12_I5_S,L5S-240,PM,6,0.2454,48,0,23,71.10630434782608,50.27974998946232,49.774413043478255,7056.136363636364,1176.0227272727273,profile,7056.136363636364,7536.0,12000.0,,,,,,none,,,,,0.0,0.0,25700.679841897236,21445.568296193498,0.0,A_OBSERVED,B_RECOVERED,0.3,0.0,0.0,0.0,25700.679841897236,21445.568296193498,-16.556416296688997,
D12_I5_S,L5S-240,NT,6,0.2454,132,0,23,71.10630434782608,50.27974998946232,49.774413043478255,7056.136363636364,1176.0227272727273,profile,7056.136363636364,7536.0,12000.0,,,,,,none,,,,,0.0,0.0,33938.30434782609,41165.91531397647,0.0,A_OBSERVED,B_RECOVERED,0.3,0.0,0.0,0.0,33938.30434782609,41165.91531397647,21.29632315178806,
D12_I5_S,L5S-249,AM,6,0.0994,36,0,23,71.7173076923077,50.71179459767293,50.20211538461539,7740.178741258741,1290.0297902097902,profile,7740.178741258741,8492.70000000001,12000.0,,,,,,none,,,,,0.0,0.0,21159.961538461535,20615.86005398101,0.0,A_OBSERVED,B_RECOVERED,0.3,0.0,0.0,0.0,21159.961538461535,20615.86005398101,-2.5713727479680695,
D12_I5_S,L5S-249,MD,6,0.0994,72,0,23,71.7173076923077,50.71179459767293,50.20211538461539,7740.178741258741,1290.0297902097902,profile,7740.178741258741,8492.70000000001,12000.0,,,,,,none,,,,,0.0,0.0,38059.70967365967,36738.372810366716,0.0,A_OBSERVED,B_RECOVERED,0.3,0.0,0.0,0.0,38059.70967365967,36738.372810366716,-3.471747090618049,
D12_I5_S,L5S-249,PM,6,0.0994,48,0,23,71.7173076923077,50.71179459767293,50.20211538461539,7740.178741258741,1290.0297902097902,profile,7740.178741258741,8492.70000000001,12000.0,,,,,,none,,,,,0.0,0.0,27825.906177156176,24135.029323971983,0.0,A_OBSERVED,B_RECOVERED,0.3,0.0,0.0,0.0,27825.906177156176,24135.029323971983,-13.264174865270828,
D12_I5_S,L5S-249,NT,6,0.0994,132,0,23,71.7173076923077,50.71179459767293,50.20211538461539,7740.178741258741,1290.0297902097902,profile,7740.178741258741,8492.70000000001,12000.0,,,,,,none,,,,,0.0,0.0,30484.384615384613,41435.26352685159,0.0,A_OBSERVED,B_RECOVERED,0.3,0.0,0.0,0.0,30484.384615384613,41435.26352685159,35.92291282777076,
D12_I5_S,L5S-252,AM,6,1.3005,36,27,23,71.55522727272728,50.59718643389005,50.08865909090909,8393.427272727273,1398.9045454545455,profile,8393.427272727273,9000.0,12000.0,06:45,08:35,09:40,2.9166666666666665,normal,own_episode,43.19999999999999,0.1461975843964205,7298.4,0.8695375277408621,17691.517316017314,18715.194714181205,23234.517316017318,24677.752874769336,2.1077822850151198,A_OBSERVED,B_RECOVERED,0.3,2.1077822850151198,17691.517316017314,18715.194714181205,23234.517316017318,24677.752874769336,6.211601210054344,5.786261177480164
D12_I5_S,L5S-252,MD,6,1.3005,72,8,23,71.55522727272728,50.59718643389005,50.08865909090909,8393.427272727273,1398.9045454545455,profile,8393.427272727273,9000.0,12000.0,,,,,,spillover_from_AM,,,,,4810.961904761904,5552.71522733599,42797.42943722944,45919.17627008626,0.5731820564400603,A_OBSERVED,B_RECOVERED,0.3,0.5731820564400603,4810.961904761904,5552.71522733599,42797.42943722944,45919.17627008626,7.294239102456973,15.417983705917433
D12_I5_S,L5S-252,PM,6,1.3005,48,0,23,71.55522727272728,50.59718643389005,50.08865909090909,8393.427272727273,1398.9045454545455,profile,8393.427272727273,9000.0,12000.0,,,,,,none,,,,,0.0,0.0,31730.94805194805,32213.01901070905,0.0,A_OBSERVED,B_RECOVERED,0.3,0.0,0.0,0.0,31730.94805194805,32213.01901070905,1.519245368817161,
D12_I5_S,L5S-252,NT,6,1.3005,132,0,23,71.55522727272728,50.59718643389005,50.08865909090909,8393.427272727273,1398.9045454545455,profile,8393.427272727273,9000.0,12000.0,,,,,,none,,,,,0.0,0.0,34899.0,63381.78416272053,0.0,A_OBSERVED,B_RECOVERED,0.3,0.0,0.0,0.0,34899.0,63381.78416272053,81.61490060666647,
D12_I5_S,L5S-260,AM,6,0.2169,36,31,23,71.73375000000001,50.72342106494052,50.21362500000001,8479.955,1413.3258333333333,profile,8479.955,8856.0,12000.0,06:25,08:45,10:05,3.6666666666666665,normal,own_episode,41.55384615384616,0.18077595553649017,7037.538461538462,0.829902807448679,17830.69230769231,21592.144438393865,21110.307692307695,25052.184732623737,2.102687137808197,A_OBSERVED,B_RECOVERED,0.3,2.102687137808197,17830.69230769231,21592.144438393865,21110.307692307695,25052.184732623737,18.672759761585127,21.095379056475753
D12_I5_S,L5S-260,MD,6,0.2169,72,13,23,71.73375000000001,50.72342106494052,50.21362500000001,8479.955,1413.3258333333333,profile,8479.955,8856.0,12000.0,,,,,,spillover_from_AM,,,,,7594.532051282052,9131.464356555593,45591.994172494175,49299.13285970013,0.8955863623429666,A_OBSERVED,B_RECOVERED,0.3,0.8955863623429666,7594.532051282052,9131.464356555593,45591.994172494175,49299.13285970013,8.131117654516816,20.237353597238258
D12_I5_S,L5S-260,PM,6,0.2169,48,0,23,71.73375000000001,50.72342106494052,50.21362500000001,8479.955,1413.3258333333333,profile,8479.955,8856.0,12000.0,,,,,,none,,,,,0.0,0.0,32042.13636363636,32697.41298219437,0.0,A_OBSERVED,B_RECOVERED,0.3,0.0,0.0,0.0,32042.13636363636,32697.41298219437,2.045046594651113,
D12_I5_S,L5S-260,NT,6,0.2169,132,0,23,71.73375000000001,50.72342106494052,50.21362500000001,8479.955,1413.3258333333333,profile,8479.955,8856.0,12000.0,,,,,,none,,,,,0.0,0.0,43662.75641025641,49374.32358297269,0.0,A_OBSERVED,B_RECOVERED,0.3,0.0,0.0,0.0,43662.75641025641,49374.32358297269,13.081096207143336,
D12_I5_S,L5S-262,AM,5,0.1299,36,30,23,71.0432608695652,50.23517151847446,49.73028260869564,8702.56956521739,1740.5139130434782,profile,8702.56956521739,9168.0,10000.0,07:20,08:55,10:10,2.833333333333333,normal,own_episode,43.26521739130436,0.13874649805080952,7422.782608695652,0.8529414850486439,16333.17391304348,21654.227808168755,20257.65217391304,25965.287796266726,1.87682198810846,A_OBSERVED,B_RECOVERED,0.3,1.87682198810846,16333.17391304348,21654.227808168755,20257.65217391304,25965.287796266726,28.175207933048334,32.57819896766019
D12_I5_S,L5S-262,MD,5,0.1299,72,14,23,71.0432608695652,50.23517151847446,49.73028260869564,8702.56956521739,1740.5139130434782,profile,8702.56956521739,9168.0,10000.0,,,,,,spillover_from_AM,,,,,8545.695652173912,10070.395219142258,47316.33201581028,50480.00470956788,0.9819738398104307,A_OBSERVED,B_RECOVERED,0.3,0.9819738398104307,8545.695652173912,10070.395219142258,47316.33201581028,50480.00470956788,6.686217124143293,17.841725577723825
D12_I5_S,L5S-262,PM,5,0.1299,48,26,23,71.0432608695652,50.23517151847446,49.73028260869564,8702.56956521739,1740.5139130434782,profile,8702.56956521739,9168.0,10000.0,16:15,16:40,18:25,2.1666666666666665,normal,own_episode,45.769565217391296,0.08889401919212903,7538.086956521739,0.8661909451031704,16611.521739130432,18794.78041596607,31444.517786561268,34508.17062944929,1.9088065443939344,A_OBSERVED,B_RECOVERED,0.3,1.9088065443939344,16611.521739130432,18794.78041596607,31444.517786561268,34508.17062944929,9.743042853076807,13.143038374941352
D12_I5_S,L5S-262,NT,5,0.1299,132,0,23,71.0432608695652,50.23517151847446,49.73028260869564,8702.56956521739,1740.5139130434782,profile,8702.56956521739,9168.0,10000.0,,,,,,none,,,,,0.0,0.0,45473.13043478261,51154.08362488042,0.0,A_OBSERVED,B_RECOVERED,0.3,0.0,0.0,0.0,45473.13043478261,51154.08362488042,12.492989015228261,
D12_I5_S,L5S-264,AM,6,0.1255,36,31,23,69.75173913043477,49.32192773868549,48.82621739130434,5226.881739130434,871.146956521739,profile,5226.881739130434,5448.0,12000.0,06:25,08:40,10:05,3.6666666666666665,normal,own_episode,15.265217391304349,0.6904983626718401,4051.304347826087,0.7750901110879312,10135.652173913044,10847.48563166249,12176.347826086954,12876.040483204186,1.9391393721487287,A_OBSERVED,B_RECOVERED,0.3,1.9391393721487287,10135.652173913044,10847.48563166249,12176.347826086954,12876.040483204186,5.746326132522185,7.023065171687224
D12_I5_S,L5S-264,MD,6,0.1255,72,13,23,69.75173913043477,49.32192773868549,48.82621739130434,5226.881739130434,871.146956521739,profile,5226.881739130434,5448.0,12000.0,,,,,,spillover_from_AM,,,,,4442.782608695652,5314.988766411669,26163.62648221344,27751.95631680818,0.8499872066045199,A_OBSERVED,B_RECOVERED,0.3,0.8499872066045199,4442.782608695652,5314.988766411669,26163.62648221344,27751.95631680818,6.070755656424461,19.631979201703185
D12_I5_S,L5S-264,PM,6,0.1255,48,14,23,69.75173913043477,49.32192773868549,48.82621739130434,5226.881739130434,871.146956521739,profile,5226.881739130434,5448.0,12000.0,16:45,17:30,17:55,1.1666666666666665,normal,own_episode,34.25652173913044,0.3054504698067295,4221.913043478261,0.8077307377879639,5092.695652173912,5937.506303259324,17780.39328063241,19232.425137868748,0.9743276979174881,A_OBSERVED,B_RECOVERED,0.3,0.9743276979174881,5092.695652173912,5937.506303259324,17780.39328063241,19232.425137868748,8.166477728127585,16.58867344104471
D12_I5_S,L5S-264,NT,6,0.1255,132,0,23,69.75173913043477,49.32192773868549,48.82621739130434,5226.881739130434,871.146956521739,profile,5226.881739130434,5448.0,12000.0,,,,,,none,,,,,0.0,0.0,26669.304347826088,29017.11021109781,0.0,A_OBSERVED,B_RECOVERED,0.3,0.0,0.0,0.0,26669.304347826088,29017.11021109781,8.803401216061717,
D12_I5_S,L5S-267,AM,5,0.1143,36,26,23,69.53695652173913,49.17005349959586,48.67586956521739,5112.8337154150195,1022.5667430830039,profile,5112.8337154150195,5533.319999999996,10000.0,06:50,07:50,09:30,2.6666666666666665,normal,own_episode,24.100000000000005,0.509864271345605,3569.478260869565,0.6981408861601952,7912.739130434782,9532.184270085363,11762.173913043476,13372.284575876361,1.547623015115501,A_OBSERVED,B_RECOVERED,0.3,1.547623015115501,7912.739130434782,9532.184270085363,11762.173913043476,13372.284575876361,13.688886720569387,20.46630266656595
D12_I5_S,L5S-267,MD,5,0.1143,72,6,23,69.53695652173913,49.17005349959586,48.67586956521739,5112.8337154150195,1022.5667430830039,profile,5112.8337154150195,5533.319999999996,10000.0,,,,,,spillover_from_AM,,,,,2006.7391304347825,2469.7554269049956,25331.82213438735,27269.242067717576,0.3924905917406491,A_OBSERVED,B_RECOVERED,0.3,0.3924905917406491,2006.7391304347825,2469.7554269049956,25331.82213438735,27269.242067717576,7.648166496085672,23.073068614050268
D12_I5_S,L5S-267,PM,5,0.1143,48,0,23,69.53695652173913,49.17005349959586,48.67586956521739,5112.8337154150195,1022.5667430830039,profile,5112.8337154150195,5533.319999999996,10000.0,,,,,,none,,,,,0.0,0.0,18670.239130434784,15803.913014823735,0.0,A_OBSERVED,B_RECOVERED,0.3,0.0,0.0,0.0,18670.239130434784,15803.913014823735,-15.35238030743048,
D12_I5_S,L5S-267,NT,5,0.1143,132,0,23,69.53695652173913,49.17005349959586,48.67586956521739,5112.8337154150195,1022.5667430830039,profile,5112.8337154150195,5533.319999999996,10000.0,,,,,,none,,,,,0.0,0.0,24532.173913043476,29892.647323165962,0.0,A_OBSERVED,B_RECOVERED,0.3,0.0,0.0,0.0,24532.173913043476,29892.647323165962,21.85078839373621,
D12_I5_S,L5S-272,AM,5,0.0547,36,31,23,70.52608695652175,49.869474337508656,49.368260869565226,9298.601739130436,1859.7203478260872,profile,9298.601739130436,9829.319999999996,10000.0,06:25,07:40,10:00,3.583333333333333,normal,own_episode,12.217391304347828,0.7550126311405958,7218.521739130434,0.7763018507130384,17073.043478260875,17321.854369218738,20857.826086956524,20919.38592791838,1.8360871835615868,A_OBSERVED,B_RECOVERED,0.3,1.8360871835615868,17073.043478260875,17321.854369218738,20857.826086956524,20919.38592791838,0.29514025433529906,1.4573317948535272
D12_I5_S,L5S-272,MD,5,0.0547,72,14,23,70.52608695652175,49.869474337508656,49.368260869565226,9298.601739130436,1859.7203478260872,profile,9298.601739130436,9829.319999999996,10000.0,,,,,,spillover_from_AM+PM,,,,,9359.86166007905,10381.120971583648,47542.482213438736,51408.098095926354,1.0065880787958494,A_OBSERVED,B_RECOVERED,0.3,1.0065880787958494,9359.86166007905,10381.120971583648,47542.482213438736,51408.098095926354,8.13086675856174,10.911051344491487
D12_I5_S,L5S-272,PM,5,0.0547,48,33,23,70.52608695652175,49.869474337508656,49.368260869565226,9298.601739130436,1859.7203478260872,profile,9298.601739130436,9829.319999999996,10000.0,14:50,16:00,17:45,2.9166666666666665,normal,own_episode,40.08695652173912,0.19616244096665258,8676.521739130434,0.9330996189048337,23744.705533596836,25126.45684614737,33977.66205533597,35061.87733955956,2.5535780754728115,A_OBSERVED,B_RECOVERED,0.3,2.5535780754728115,23744.705533596836,25126.45684614737,33977.66205533597,35061.87733955956,3.1909649417839407,5.819197507399979
D12_I5_S,L5S-272,NT,5,0.0547,132,0,23,70.52608695652175,49.869474337508656,49.368260869565226,9298.601739130436,1859.7203478260872,profile,9298.601739130436,9829.319999999996,10000.0,,,,,,none,,,,,0.0,0.0,44674.21739130434,57347.24124189711,0.0,A_OBSERVED,B_RECOVERED,0.3,0.0,0.0,0.0,44674.21739130434,57347.24124189711,28.36764601736375,
D12_I5_S,L5S-277,AM,6,0.1255,36,13,23,69.33173913043477,49.024942890587134,48.532217391304336,7128.460079051383,1188.0766798418972,profile,7128.460079051383,7524.0,12000.0,07:25,07:45,08:30,1.0833333333333333,normal,own_episode,43.826086956521735,0.10604511963773422,6412.695652173913,0.8995905961540125,7073.434782608696,7695.395616153399,19823.0,20897.094375868503,0.9922808999654229,A_OBSERVED,B_RECOVERED,0.3,0.9922808999654229,7073.434782608696,7695.395616153399,19823.0,20897.094375868503,5.418424940062062,8.792911119699651
D12_I5_S,L5S-277,MD,6,0.1255,72,0,23,69.33173913043477,49.024942890587134,48.532217391304336,7128.460079051383,1188.0766798418972,profile,7128.460079051383,7524.0,12000.0,,,,,,none,,,,,0.0,0.0,36619.63636363636,38260.5438320469,0.0,A_OBSERVED,B_RECOVERED,0.3,0.0,0.0,0.0,36619.63636363636,38260.5438320469,4.480949652574848,
D12_I5_S,L5S-277,PM,6,0.1255,48,0,23,69.33173913043477,49.024942890587134,48.532217391304336,7128.460079051383,1188.0766798418972,profile,7128.460079051383,7524.0,12000.0,,,,,,none,,,,,0.0,0.0,26121.065217391304,24956.69643058277,0.0,A_OBSERVED,B_RECOVERED,0.3,0.0,0.0,0.0,26121.065217391304,24956.69643058277,-4.457585389868788,
D12_I5_S,L5S-277,NT,6,0.1255,132,0,23,69.33173913043477,49.024942890587134,48.532217391304336,7128.460079051383,1188.0766798418972,profile,7128.460079051383,7524.0,12000.0,,,,,,none,,,,,0.0,0.0,35783.86956521739,43486.71210596458,0.0,A_OBSERVED,B_RECOVERED,0.3,0.0,0.0,0.0,35783.86956521739,43486.71210596458,21.526018941882402,
D12_I5_S,L5S-278,AM,6,0.1317,36,0,23,69.19826086956522,48.930559507185286,48.43878260869565,6647.746956521739,1107.9578260869564,profile,6647.746956521739,7272.0,12000.0,,,,,,none,,,,,0.0,0.0,14439.695652173914,15591.144281680186,0.0,A_OBSERVED,B_RECOVERED,0.3,0.0,0.0,0.0,14439.695652173914,15591.144281680186,7.974189049704247,
D12_I5_S,L5S-278,MD,6,0.1317,72,0,23,69.19826086956522,48.930559507185286,48.43878260869565,6647.746956521739,1107.9578260869564,profile,6647.746956521739,7272.0,12000.0,,,,,,none,,,,,0.0,0.0,34987.717391304344,34951.45098850825,0.0,A_OBSERVED,B_RECOVERED,0.3,0.0,0.0,0.0,34987.717391304344,34951.45098850825,-0.103654669410089,
D12_I5_S,L5S-278,PM,6,0.1317,48,0,23,69.19826086956522,48.930559507185286,48.43878260869565,6647.746956521739,1107.9578260869564,profile,6647.746956521739,7272.0,12000.0,,,,,,none,,,,,0.0,0.0,24839.086956521736,22305.503777914495,0.0,A_OBSERVED,B_RECOVERED,0.3,0.0,0.0,0.0,24839.086956521736,22305.503777914495,-10.199985140524761,
D12_I5_S,L5S-278,NT,6,0.1317,132,0,23,69.19826086956522,48.930559507185286,48.43878260869565,6647.746956521739,1107.9578260869564,profile,6647.746956521739,7272.0,12000.0,,,,,,none,,,,,0.0,0.0,23195.69565217391,39092.13107054651,0.0,A_OBSERVED,B_RECOVERED,0.3,0.0,0.0,0.0,23195.69565217391,39092.13107054651,68.53183304671778,
D12_I5_S,L5S-280,AM,6,0.5232,36,0,23,70.33565217391303,49.734816611352244,49.23495652173912,10055.55652173913,1675.9260869565217,profile,10055.55652173913,10642.620000000004,12000.0,,,,,,none,,,,,0.0,0.0,23814.47826086956,25877.290234136126,0.0,A_OBSERVED,B_RECOVERED,0.3,0.0,0.0,0.0,23814.47826086956,25877.290234136126,8.662007836871433,
D12_I5_S,L5S-280,MD,6,0.5232,72,0,23,70.33565217391303,49.734816611352244,49.23495652173912,10055.55652173913,1675.9260869565217,profile,10055.55652173913,10642.620000000004,12000.0,,,,,,none,,,,,0.0,0.0,51957.21739130434,52545.524644044344,0.0,A_OBSERVED,B_RECOVERED,0.3,0.0,0.0,0.0,51957.21739130434,52545.524644044344,1.132291685887065,
D12_I5_S,L5S-280,PM,6,0.5232,48,8,23,70.33565217391303,49.734816611352244,49.23495652173912,10055.55652173913,1675.9260869565217,profile,10055.55652173913,10642.620000000004,12000.0,17:20,17:50,18:00,0.6666666666666666,normal,own_episode,45.999999999999986,0.07509460908517285,9216.521739130436,0.9165600848849307,6288.869565217392,6682.405041489392,38079.565217391304,39311.465901770905,0.6254123828573258,A_OBSERVED,B_RECOVERED,0.3,0.6254123828573258,6288.869565217392,6682.405041489392,38079.565217391304,39311.465901770905,3.2350702465924703,6.257650475827546
D12_I5_S,L5S-280,NT,6,0.5232,132,0,23,70.33565217391303,49.734816611352244,49.23495652173912,10055.55652173913,1675.9260869565217,profile,10055.55652173913,10642.620000000004,12000.0,,,,,,none,,,,,0.0,0.0,36518.13043478261,54171.089077255725,0.0,A_OBSERVED,B_RECOVERED,0.3,0.0,0.0,0.0,36518.13043478261,54171.089077255725,48.34025847516858,
D7_I10_E,L10E-002,AM,5,0.11,36,10,23,68.40325000000001,48.36840193019872,47.88227500000001,6220.844999999999,1244.1689999999999,profile,6220.844999999999,6638.459999999999,10000.0,07:45,08:10,08:35,0.8333333333333333,normal,own_episode,44.404999999999994,0.08194196566424461,5875.8,0.9445340624947255,4997.3,5166.615159219922,15482.900000000001,16826.55116476243,0.8033153052358644,A_OBSERVED,B_RECOVERED,0.3,0.8033153052358644,4997.3,5166.615159219922,15482.900000000001,16826.55116476243,8.678291306941388,3.3881327760975313
D7_I10_E,L10E-002,MD,5,0.11,72,17,23,68.40325000000001,48.36840193019872,47.88227500000001,6220.844999999999,1244.1689999999999,profile,6220.844999999999,6638.459999999999,10000.0,13:35,14:50,19:25,5.833333333333333,normal,own_episode,39.595,0.1813870539460818,5996.4,0.9639204963312862,8478.649999999998,8715.613665053752,32024.399999999998,35322.517607826965,1.3629418511472313,A_OBSERVED,B_RECOVERED,0.3,1.3629418511472313,8478.649999999998,8715.613665053752,32024.399999999998,35322.517607826965,10.298764716363047,2.794827773923374
D7_I10_E,L10E-002,PM,5,0.11,48,48,23,68.40325000000001,48.36840193019872,47.88227500000001,6220.844999999999,1244.1689999999999,profile,6220.844999999999,6638.459999999999,10000.0,,,,,,spillover_from_MD,,,,,23995.1,24487.57897079782,23995.1,24487.57897079782,3.8572091090519054,A_OBSERVED,B_RECOVERED,0.3,3.8572091090519054,23995.1,24487.57897079782,23995.1,24487.57897079782,2.0524147463349594,2.0524147463349594
D7_I10_E,L10E-002,NT,5,0.11,132,5,23,68.40325000000001,48.36840193019872,47.88227500000001,6220.844999999999,1244.1689999999999,profile,6220.844999999999,6638.459999999999,10000.0,,,,,,spillover_from_MD,,,,,2493.8499999999995,2584.8469426912707,27935.2,38603.63517252212,0.40088605326125304,A_OBSERVED,B_RECOVERED,0.3,0.40088605326125304,2493.8499999999995,2584.8469426912707,27935.2,38603.63517252212,38.18993661231033,3.6488538882158603
D7_I10_E,L10E-028,AM,4,0.0727,36,0,23,69.36652173913042,49.04953790906319,48.55656521739129,5017.241739130435,1254.3104347826088,profile,5017.241739130435,5616.0,8000.0,,,,,,none,,,,,0.0,0.0,11187.391304347826,11201.684915800937,0.0,A_OBSERVED,B_RECOVERED,0.3,0.0,0.0,0.0,11187.391304347826,11201.684915800937,0.127765366064886,
D7_I10_E,L10E-028,MD,4,0.0727,72,22,23,69.36652173913042,49.04953790906319,48.55656521739129,5017.241739130435,1254.3104347826088,profile,5017.241739130435,5616.0,8000.0,,,,,,spillover_from_PM,,,,,8476.956521739132,8991.18950979632,27073.782608695652,28207.23226573863,1.6895650962212394,A_OBSERVED,B_RECOVERED,0.3,1.6895650962212394,8476.956521739132,8991.18950979632,27073.782608695652,28207.23226573863,4.1865212313514375,6.066245435356896
D7_I10_E,L10E-028,PM,4,0.0727,48,48,23,69.36652173913042,49.04953790906319,48.55656521739129,5017.241739130435,1254.3104347826088,profile,5017.241739130435,5616.0,8000.0,13:10,17:30,19:25,6.25,long,own_episode,24.495652173913054,0.5005936198761449,4354.434782608696,0.8678941555970126,17671.17391304348,17900.62293559648,17671.17391304348,17900.62293559648,3.522089393306005,A_OBSERVED,B_RECOVERED,0.3,3.522089393306005,17671.17391304348,17900.62293559648,17671.17391304348,17900.62293559648,1.2984367857057735,1.2984367857057735
D7_I10_E,L10E-028,NT,4,0.0727,132,5,23,69.36652173913042,49.04953790906319,48.55656521739129,5017.241739130435,1254.3104347826088,profile,5017.241739130435,5616.0,8000.0,,,,,,spillover_from_PM,,,,,2017.3478260869565,2067.214491619492,29961.0,29550.360289475084,0.40208304303005216,A_OBSERVED,B_RECOVERED,0.3,0.40208304303005216,2017.3478260869565,2067.214491619492,29961.0,29550.360289475084,-1.3705807901101972,2.4718922977829636
D7_I10_E,L10E-069,AM,4,0.6462,36,0,23,65.25190476190477,46.14006434248164,45.67633333333333,7447.248571428571,1861.8121428571428,profile,7447.248571428571,8352.0,8000.0,,,,,,none,,,,,0.0,0.0,17363.428571428572,18683.30860326162,0.0,A_OBSERVED,B_RECOVERED,0.3,0.0,0.0,0.0,17363.428571428572,18683.30860326162,7.60149429246308,
D7_I10_E,L10E-069,MD,4,0.6462,72,28,23,65.25190476190477,46.14006434248164,45.67633333333333,7447.248571428571,1861.8121428571428,profile,7447.248571428571,8352.0,8000.0,,,,,,spillover_from_PM,,,,,16162.761904761905,16485.373798948636,40577.5238095238,41549.0793309882,2.1702997757816855,A_OBSERVED,B_RECOVERED,0.3,2.1702997757816855,16162.761904761905,16485.373798948636,40577.5238095238,41549.0793309882,2.3943193922453374,1.9960195917486299
D7_I10_E,L10E-069,PM,4,0.6462,48,48,23,65.25190476190477,46.14006434248164,45.67633333333333,7447.248571428571,1861.8121428571428,profile,7447.248571428571,8352.0,8000.0,12:40,17:25,19:30,6.833333333333333,long,own_episode,23.823809523809523,0.4836632791195592,6587.428571428572,0.8845452798099548,26760.169047619045,26286.908357749962,26760.169047619045,26286.908357749962,3.5932960731678336,A_OBSERVED,B_RECOVERED,0.3,3.5932960731678336,26760.169047619045,26286.908357749962,26760.169047619045,26286.908357749962,-1.7685265329487547,-1.7685265329487547
D7_I10_E,L10E-069,NT,4,0.6462,132,6,23,65.25190476190477,46.14006434248164,45.67633333333333,7447.248571428571,1861.8121428571428,profile,7447.248571428571,8352.0,8000.0,,,,,,spillover_from_PM,,,,,3623.809523809524,3691.646204345655,41947.90476190475,44650.377328733666,0.48659709543096197,A_OBSERVED,B_RECOVERED,0.3,0.48659709543096197,3623.809523809524,3691.646204345655,41947.90476190475,44650.377328733666,6.442449467185749,1.8719714734017778
D7_I10_E,L10E-073,AM,4,0.0615,36,12,23,67.82000000000001,47.95598190007166,47.474000000000004,5614.160869565218,1403.5402173913044,profile,5614.160869565218,6288.0,8000.0,07:50,08:15,08:50,1.0,normal,own_episode,38.595652173913045,0.19518586327068055,4694.086956521739,0.8361155060534037,4756.95652173913,5528.790197631072,13282.347826086956,13673.31822506064,0.8473138964590317,A_OBSERVED,B_RECOVERED,0.3,0.8473138964590317,4756.95652173913,5528.790197631072,13282.347826086956,13673.31822506064,2.943533809631202,16.225367466881156
D7_I10_E,L10E-073,MD,4,0.0615,72,29,23,67.82000000000001,47.95598190007166,47.474000000000004,5614.160869565218,1403.5402173913044,profile,5614.160869565218,6288.0,8000.0,,,,,,spillover_from_PM,,,,,12533.130434782608,12873.427916480112,31132.391304347824,30834.566505182534,2.2324138417061823,A_OBSERVED,B_RECOVERED,0.3,2.2324138417061823,12533.130434782608,12873.427916480112,31132.391304347824,30834.566505182534,-0.956639649854641,2.7151834369575556
D7_I10_E,L10E-073,PM,4,0.0615,48,48,23,67.82000000000001,47.95598190007166,47.474000000000004,5614.160869565218,1403.5402173913044,profile,5614.160869565218,6288.0,8000.0,12:35,17:55,19:40,7.083333333333333,long,own_episode,28.74347826086957,0.40062788578151043,5196.0,0.9255167638975045,19871.695652173912,20611.22193762041,19871.695652173912,20611.22193762041,3.5395664844411296,A_OBSERVED,B_RECOVERED,0.3,3.5395664844411296,19871.695652173912,20611.22193762041,19871.695652173912,20611.22193762041,3.721505695290749,3.721505695290749
D7_I10_E,L10E-073,NT,4,0.0615,132,8,23,67.82000000000001,47.95598190007166,47.474000000000004,5614.160869565218,1403.5402173913044,profile,5614.160869565218,6288.0,8000.0,,,,,,spillover_from_PM,,,,,3565.434782608696,3710.82141031818,31870.521739130432,30685.694311926538,0.6350788417797542,A_OBSERVED,B_RECOVERED,0.3,0.6350788417797542,3565.434782608696,3710.82141031818,31870.521739130432,30685.694311926538,-3.71762796010073,4.07766896813381
D7_I10_E,L10E-100,AM,6,0.146,36,0,23,71.83760869565218,50.796860252921356,50.28632608695652,6612.067826086956,1102.0113043478261,profile,6612.067826086956,6948.0,12000.0,,,,,,none,,,,,0.0,0.0,16022.173913043476,16158.869516806768,0.0,A_OBSERVED,B_RECOVERED,0.3,0.0,0.0,0.0,16022.173913043476,16158.869516806768,0.8531651479079836,
D7_I10_E,L10E-100,MD,6,0.146,72,0,23,71.83760869565218,50.796860252921356,50.28632608695652,6612.067826086956,1102.0113043478261,profile,6612.067826086956,6948.0,12000.0,,,,,,none,,,,,0.0,0.0,31861.683794466404,37079.582509365195,0.0,A_OBSERVED,B_RECOVERED,0.3,0.0,0.0,0.0,31861.683794466404,37079.582509365195,16.37671991398337,
D7_I10_E,L10E-100,PM,6,0.146,48,13,23,71.83760869565218,50.796860252921356,50.28632608695652,6612.067826086956,1102.0113043478261,profile,6612.067826086956,6948.0,12000.0,16:15,16:35,17:20,1.0833333333333333,normal,own_episode,47.67391304347826,0.06147913855095988,5837.217391304348,0.8828126911031451,6319.217391304346,7154.302647085198,23290.565217391304,26154.37839049902,0.9557097049689643,A_OBSERVED,B_RECOVERED,0.3,0.9557097049689643,6319.217391304346,7154.302647085198,23290.565217391304,26154.37839049902,12.296022644264884,13.21501072158055
D7_I10_E,L10E-100,NT,6,0.146,132,0,23,71.83760869565218,50.796860252921356,50.28632608695652,6612.067826086956,1102.0113043478261,profile,6612.067826086956,6948.0,12000.0,,,,,,none,,,,,0.0,0.0,29025.60869565217,36440.14169647251,0.0,A_OBSERVED,B_RECOVERED,0.3,0.0,0.0,0.0,29025.60869565217,36440.14169647251,25.544797625315546,
D7_I10_E,L10E-106,AM,5,0.1609,36,0,23,68.69375,48.5738164501334,48.08562499999999,5594.703,1118.9406000000001,profile,5594.703,6132.0,10000.0,,,,,,none,,,,,0.0,0.0,14060.45,14644.39371450818,0.0,A_OBSERVED,B_RECOVERED,0.3,0.0,0.0,0.0,14060.45,14644.39371450818,4.153094065326353,
D7_I10_E,L10E-106,MD,5,0.1609,72,15,23,68.69375,48.5738164501334,48.08562499999999,5594.703,1118.9406000000001,profile,5594.703,6132.0,10000.0,,,,,,spillover_from_PM,,,,,6355.3,6866.156900514719,30221.149999999998,32244.426583447217,1.1359494865053605,A_OBSERVED,B_RECOVERED,0.3,1.1359494865053605,6355.3,6866.156900514719,30221.149999999998,32244.426583447217,6.694902687181724,8.038281442492396
D7_I10_E,L10E-106,PM,5,0.1609,48,48,23,68.69375,48.5738164501334,48.08562499999999,5594.703,1118.9406000000001,profile,5594.703,6132.0,10000.0,13:45,16:00,19:00,5.25,normal,own_episode,35.71000000000001,0.2648302602151835,5001.9,0.8940420966045918,20022.815789473683,21641.133050040473,20022.815789473683,21641.133050040473,3.5788880642053176,A_OBSERVED,B_RECOVERED,0.3,3.5788880642053176,20022.815789473683,21641.133050040473,20022.815789473683,21641.133050040473,8.082366024750451,8.082366024750451
D7_I10_E,L10E-106,NT,5,0.1609,132,0,23,68.69375,48.5738164501334,48.08562499999999,5594.703,1118.9406000000001,profile,5594.703,6132.0,10000.0,,,,,,none,,,,,0.0,0.0,30129.250000000004,35240.92688932727,0.0,A_OBSERVED,B_RECOVERED,0.3,0.0,0.0,0.0,30129.250000000004,35240.92688932727,16.965828519884376,
D7_I10_E,L10E-169,AM,4,0.4213,36,0,23,69.17195652173913,48.91195952446277,48.42036956521739,5798.600869565217,1449.6502173913043,profile,5798.600869565217,6322.620000000003,8000.0,,,,,,none,,,,,0.0,0.0,10935.652173913042,13102.046664839945,0.0,A_OBSERVED,B_RECOVERED,0.3,0.0,0.0,0.0,10935.652173913042,13102.046664839945,19.810382192795313,
D7_I10_E,L10E-169,MD,4,0.4213,72,21,23,69.17195652173913,48.91195952446277,48.42036956521739,5798.600869565217,1449.6502173913043,profile,5798.600869565217,6322.620000000003,8000.0,,,,,,spillover_from_PM,,,,,9906.91304347826,9483.434513859382,29279.91304347826,32113.434825768334,1.7085005963207616,A_OBSERVED,B_RECOVERED,0.3,1.7085005963207616,9906.91304347826,9483.434513859382,29279.91304347826,32113.434825768334,9.677357231500407,-4.274576023433002
D7_I10_E,L10E-169,PM,4,0.4213,48,48,23,69.17195652173913,48.91195952446277,48.42036956521739,5798.600869565217,1449.6502173913043,profile,5798.600869565217,6322.620000000003,8000.0,13:15,17:35,20:30,7.25,long,own_episode,16.221739130434784,0.6683482058754636,5203.826086956522,0.897427880278766,20736.217391304348,17645.823042312186,20736.217391304348,17645.823042312186,3.576072548835244,A_OBSERVED,B_RECOVERED,0.3,3.576072548835244,20736.217391304348,17645.823042312186,20736.217391304348,17645.823042312186,-14.903365887204226,-14.903365887204226
D7_I10_E,L10E-169,NT,4,0.4213,132,18,23,69.17195652173913,48.91195952446277,48.42036956521739,5798.600869565217,1449.6502173913043,profile,5798.600869565217,6322.620000000003,8000.0,,,,,,spillover_from_PM,,,,,8038.652173913042,8104.283333207667,31163.739130434784,36172.40934121164,1.3863089311949461,A_OBSERVED,B_RECOVERED,0.3,1.3863089311949461,8038.652173913042,8104.283333207667,31163.739130434784,36172.40934121164,16.072109286415333,0.8164448202848053
D7_I10_E,L10E-178,AM,4,0.3672,36,0,23,67.19738095238094,47.51572374940431,47.038166666666655,5310.431428571428,1327.607857142857,profile,5310.431428571428,6573.180000000004,8000.0,,,,,,none,,,,,0.0,0.0,14664.095238095237,14239.438050958366,0.0,A_OBSERVED,B_RECOVERED,0.3,0.0,0.0,0.0,14664.095238095237,14239.438050958366,-2.8958976346094065,
D7_I10_E,L10E-178,MD,4,0.3672,72,16,23,67.19738095238094,47.51572374940431,47.038166666666655,5310.431428571428,1327.607857142857,profile,5310.431428571428,6573.180000000004,8000.0,,,,,,spillover_from_PM,,,,,6181.380952380952,6890.51226335506,28525.38095238095,31021.948076381515,1.164007300635425,A_OBSERVED,B_RECOVERED,0.3,1.164007300635425,6181.380952380952,6890.51226335506,28525.38095238095,31021.948076381515,8.752090386341298,11.472053193889685
D7_I10_E,L10E-178,PM,4,0.3672,48,48,23,67.19738095238094,47.51572374940431,47.038166666666655,5310.431428571428,1327.607857142857,profile,5310.431428571428,6573.180000000004,8000.0,13:40,17:30,19:45,6.083333333333333,long,own_episode,25.33333333333333,0.46684315560591827,4392.571428571428,0.8271590524525584,16017.095238095237,18540.632589125078,16017.095238095237,18540.632589125078,3.016157058712654,A_OBSERVED,B_RECOVERED,0.3,3.016157058712654,16017.095238095237,18540.632589125078,16017.095238095237,18540.632589125078,15.755274683188697,15.755274683188697
D7_I10_E,L10E-178,NT,4,0.3672,132,9,23,67.19738095238094,47.51572374940431,47.038166666666655,5310.431428571428,1327.607857142857,profile,5310.431428571428,6573.180000000004,8000.0,,,,,,spillover_from_PM,,,,,3548.047619047619,3936.0338395055373,29466.666666666664,35279.41719411306,0.6681279415375273,A_OBSERVED,B_RECOVERED,0.3,0.6681279415375273,3548.047619047619,3936.0338395055373,29466.666666666664,35279.41719411306,19.726528939297733,10.935203303783824
D7_I10_E,L10E-187,AM,4,0.2367,36,0,23,69.00456521739132,48.793595998046776,48.30319565217392,5654.214782608696,1413.553695652174,profile,5654.214782608696,6214.620000000003,8000.0,,,,,,none,,,,,0.0,0.0,10266.217391304348,11790.88708098877,0.0,A_OBSERVED,B_RECOVERED,0.3,0.0,0.0,0.0,10266.217391304348,11790.88708098877,14.851328698492614,
D7_I10_E,L10E-187,MD,4,0.2367,72,16,23,69.00456521739132,48.793595998046776,48.30319565217392,5654.214782608696,1413.553695652174,profile,5654.214782608696,6214.620000000003,8000.0,,,,,,spillover_from_PM,,,,,7417.95652173913,7250.828643431989,27959.043478260868,31064.50147247626,1.3119339832217505,A_OBSERVED,B_RECOVERED,0.3,1.3119339832217505,7417.95652173913,7250.828643431989,27959.043478260868,31064.50147247626,11.107168228519665,-2.2530177659757737
D7_I10_E,L10E-187,PM,4,0.2367,48,48,23,69.00456521739132,48.793595998046776,48.30319565217392,5654.214782608696,1413.553695652174,profile,5654.214782608696,6214.620000000003,8000.0,13:40,17:30,20:25,6.75,long,own_episode,15.582608695652173,0.6806423388783243,5046.260869565217,0.8924777468812414,20474.217391304348,17346.671481953108,20474.217391304348,17346.671481953108,3.6210540594034737,A_OBSERVED,B_RECOVERED,0.3,3.6210540594034737,20474.217391304348,17346.671481953108,20474.217391304348,17346.671481953108,-15.275533367539348,-15.275533367539348
D7_I10_E,L10E-187,NT,4,0.2367,132,17,23,69.00456521739132,48.793595998046776,48.30319565217392,5654.214782608696,1413.553695652174,profile,5654.214782608696,6214.620000000003,8000.0,,,,,,spillover_from_PM,,,,,7316.130434782608,7578.383733554777,28606.565217391304,34100.57636299509,1.293925101198075,A_OBSERVED,B_RECOVERED,0.3,1.293925101198075,7316.130434782608,7578.383733554777,28606.565217391304,34100.57636299509,19.205420517468177,3.58459025723974
D7_I10_E,L10E-214,AM,4,0.0889,36,0,23,69.1,48.86107857999043,48.36999999999999,5304.973043478261,1326.2432608695653,profile,5304.973043478261,5988.0,8000.0,,,,,,none,,,,,0.0,0.0,12044.695652173914,12094.37559839713,0.0,A_OBSERVED,B_RECOVERED,0.3,0.0,0.0,0.0,12044.695652173914,12094.37559839713,0.41246327560172985,
D7_I10_E,L10E-214,MD,4,0.0889,72,23,23,69.1,48.86107857999043,48.36999999999999,5304.973043478261,1326.2432608695653,profile,5304.973043478261,5988.0,8000.0,,,,,,spillover_from_PM,,,,,9352.478260869564,9767.38685115588,29175.695652173912,29999.428285112117,1.762964332564735,A_OBSERVED,B_RECOVERED,0.3,1.762964332564735,9352.478260869564,9767.38685115588,29175.695652173912,29999.428285112117,2.823352158449143,4.436349154878853
D7_I10_E,L10E-214,PM,4,0.0889,48,48,23,69.1,48.86107857999043,48.36999999999999,5304.973043478261,1326.2432608695653,profile,5304.973043478261,5988.0,8000.0,13:05,17:30,19:35,6.5,long,own_episode,16.104347826086958,0.6704053963990471,4453.04347826087,0.8394092565155025,18183.260869565216,17114.748109988534,18183.260869565216,17114.748109988534,3.4275877974383016,A_OBSERVED,B_RECOVERED,0.3,3.4275877974383016,18183.260869565216,17114.748109988534,18183.260869565216,17114.748109988534,-5.8763539017643325,-5.8763539017643325
D7_I10_E,L10E-214,NT,4,0.0889,132,7,23,69.1,48.86107857999043,48.36999999999999,5304.973043478261,1326.2432608695653,profile,5304.973043478261,5988.0,8000.0,,,,,,spillover_from_PM,,,,,2954.086956521739,3024.2213500261105,32186.043478260868,32398.27145931019,0.5568523972338342,A_OBSERVED,B_RECOVERED,0.3,0.5568523972338342,2954.086956521739,3024.2213500261105,32186.043478260868,32398.27145931019,0.6593789049985697,2.3741479020966443
D7_I10_E,L10E-216,AM,5,0.2672,36,0,23,70.87863636363635,50.11876441398268,49.61504545454544,5757.248181818182,1151.4496363636365,profile,5757.248181818182,6543.899999999998,10000.0,,,,,,none,,,,,0.0,0.0,14582.68181818182,13335.461885667337,0.0,A_OBSERVED,B_RECOVERED,0.3,0.0,0.0,0.0,14582.68181818182,13335.461885667337,-8.552747348292533,
D7_I10_E,L10E-216,MD,5,0.2672,72,21,23,70.87863636363635,50.11876441398268,49.61504545454544,5757.248181818182,1151.4496363636365,profile,5757.248181818182,6543.899999999998,10000.0,,,,,,spillover_from_PM,,,,,9094.227272727272,8602.782231595293,31044.363636363636,31655.84285794254,1.5796135559081017,A_OBSERVED,B_RECOVERED,0.3,1.5796135559081017,9094.227272727272,8602.782231595293,31044.363636363636,31655.84285794254,1.9696948172023505,-5.403923020549274
D7_I10_E,L10E-216,PM,5,0.2672,48,48,23,70.87863636363635,50.11876441398268,49.61504545454544,5757.248181818182,1151.4496363636365,profile,5757.248181818182,6543.899999999998,10000.0,13:15,16:15,20:00,6.75,long,own_episode,16.922727272727276,0.6623474766268183,5234.727272727273,0.9092412047232792,19333.63636363636,16976.189295981523,19333.63636363636,16976.189295981523,3.358138428823239,A_OBSERVED,B_RECOVERED,0.3,3.358138428823239,19333.63636363636,16976.189295981523,19333.63636363636,16976.189295981523,-12.193500608549966,-12.193500608549966
D7_I10_E,L10E-216,NT,5,0.2672,132,12,23,70.87863636363635,50.11876441398268,49.61504545454544,5757.248181818182,1151.4496363636365,profile,5757.248181818182,6543.899999999998,10000.0,,,,,,spillover_from_PM,,,,,5517.181818181818,5297.963871850325,30974.272727272724,33375.33825580022,0.9583018907549423,A_OBSERVED,B_RECOVERED,0.3,0.9583018907549423,5517.181818181818,5297.963871850325,30974.272727272724,33375.33825580022,7.751805989663694,-3.9733681715738047
D7_I10_E,L10E-217,AM,4,0.1118,36,0,23,69.42108695652175,49.08812134429751,48.59476086956522,5250.373043478261,1312.5932608695653,profile,5250.373043478261,5902.620000000003,8000.0,,,,,,none,,,,,0.0,0.0,12085.08695652174,12817.812991004073,0.0,A_OBSERVED,B_RECOVERED,0.3,0.0,0.0,0.0,12085.08695652174,12817.812991004073,6.063059679408567,
D7_I10_E,L10E-217,MD,4,0.1118,72,31,23,69.42108695652175,49.08812134429751,48.59476086956522,5250.373043478261,1312.5932608695653,profile,5250.373043478261,5902.620000000003,8000.0,,,,,,spillover_from_PM,,,,,12737.173913043476,12458.09614017467,28702.782608695652,29223.16354776557,2.425955985901788,A_OBSERVED,B_RECOVERED,0.3,2.425955985901788,12737.173913043476,12458.09614017467,28702.782608695652,29223.16354776557,1.812998224472721,-2.1910494021206484
D7_I10_E,L10E-217,PM,4,0.1118,48,48,23,69.42108695652175,49.08812134429751,48.59476086956522,5250.373043478261,1312.5932608695653,profile,5250.373043478261,5902.620000000003,8000.0,12:25,17:25,19:45,7.333333333333333,long,own_episode,17.317391304347826,0.6472182917148945,4668.260869565218,0.8891293686957896,18832.26086956522,16444.2520438199,18832.26086956522,16444.2520438199,3.586842442168499,A_OBSERVED,B_RECOVERED,0.3,3.586842442168499,18832.26086956522,16444.2520438199,18832.26086956522,16444.2520438199,-12.680414966025547,-12.680414966025547
D7_I10_E,L10E-217,NT,4,0.1118,132,9,23,69.42108695652175,49.08812134429751,48.59476086956522,5250.373043478261,1312.5932608695653,profile,5250.373043478261,5902.620000000003,8000.0,,,,,,spillover_from_PM,,,,,3820.260869565218,3835.2963122702936,30503.69565217391,31750.811810153027,0.7276170355762713,A_OBSERVED,B_RECOVERED,0.3,0.7276170355762713,3820.260869565218,3835.2963122702936,30503.69565217391,31750.811810153027,4.088410047751839,0.39357109942041246
D7_I10_E,L10E-221,AM,4,0.115,36,13,23,69.29065217391303,48.9958900250123,48.50345652173912,5518.184347826087,1379.5460869565218,profile,5518.184347826087,6156.0,8000.0,07:50,08:15,08:55,1.0833333333333333,normal,own_episode,32.660869565217396,0.33339572873267354,4612.434782608696,0.8358609448098241,5105.521739130434,5704.7733393635845,13063.304347826088,13686.679917710777,0.9252176834472333,A_OBSERVED,B_RECOVERED,0.3,0.9252176834472333,5105.521739130434,5704.7733393635845,13063.304347826088,13686.679917710777,4.771959324276382,11.737323448067702
D7_I10_E,L10E-221,MD,4,0.115,72,31,23,69.29065217391303,48.9958900250123,48.50345652173912,5518.184347826087,1379.5460869565218,profile,5518.184347826087,6156.0,8000.0,,,,,,spillover_from_PM,,,,,13331.95652173913,12397.262120684896,30537.521739130432,30194.39670660731,2.4160041929355462,A_OBSERVED,B_RECOVERED,0.3,2.4160041929355462,13331.95652173913,12397.262120684896,30537.521739130432,30194.39670660731,-1.1236178084597042,-7.0109319628377
D7_I10_E,L10E-221,PM,4,0.115,48,48,23,69.29065217391303,48.9958900250123,48.50345652173912,5518.184347826087,1379.5460869565218,profile,5518.184347826087,6156.0,8000.0,12:25,17:55,20:05,7.666666666666666,long,own_episode,18.139130434782608,0.6297826118573902,5184.521739130434,0.9395339866042893,19833.130434782608,17567.45195533427,19833.130434782608,17567.45195533427,3.5941406057947223,A_OBSERVED,B_RECOVERED,0.3,3.5941406057947223,19833.130434782608,17567.45195533427,19833.130434782608,17567.45195533427,-11.423705838564327,-11.423705838564327
D7_I10_E,L10E-221,NT,4,0.115,132,13,23,69.29065217391303,48.9958900250123,48.50345652173912,5518.184347826087,1379.5460869565218,profile,5518.184347826087,6156.0,8000.0,,,,,,spillover_from_PM,,,,,5732.608695652174,5806.8499905305325,31066.08695652173,32796.88246003095,1.0388577717434468,A_OBSERVED,B_RECOVERED,0.3,1.0388577717434468,5732.608695652174,5806.8499905305325,31066.08695652173,32796.88246003095,5.571334123707126,1.2950699902937022
D7_I10_E,L10E-222,AM,4,0.0684,36,0,23,69.00282608695653,48.79236624712297,48.30197826086957,5223.7591304347825,1305.9397826086956,profile,5223.7591304347825,5796.0,8000.0,,,,,,none,,,,,0.0,0.0,10741.782608695652,12937.805663738918,0.0,A_OBSERVED,B_RECOVERED,0.3,0.0,0.0,0.0,10741.782608695652,12937.805663738918,20.443748817496537,
D7_I10_E,L10E-222,MD,4,0.0684,72,30,23,69.00282608695653,48.79236624712297,48.30197826086957,5223.7591304347825,1305.9397826086956,profile,5223.7591304347825,5796.0,8000.0,,,,,,spillover_from_PM,,,,,11725.347826086954,12442.983097778351,26182.739130434784,29712.085686643615,2.244618776117082,A_OBSERVED,B_RECOVERED,0.3,2.244618776117082,11725.347826086954,12442.983097778351,26182.739130434784,29712.085686643615,13.479668947647738,6.120375125203345
D7_I10_E,L10E-222,PM,4,0.0684,48,48,23,69.00282608695653,48.79236624712297,48.30197826086957,5223.7591304347825,1305.9397826086956,profile,5223.7591304347825,5796.0,8000.0,12:30,17:30,19:35,7.083333333333333,long,own_episode,25.26956521739131,0.4821000258645721,4693.565217391304,0.8985033766288245,19469.47826086956,18294.157279751456,19469.47826086956,18294.157279751456,3.7271010731402314,A_OBSERVED,B_RECOVERED,0.3,3.7271010731402314,19469.47826086956,18294.157279751456,19469.47826086956,18294.157279751456,-6.036735886653447,-6.036735886653447
D7_I10_E,L10E-222,NT,4,0.0684,132,7,23,69.00282608695653,48.79236624712297,48.30197826086957,5223.7591304347825,1305.9397826086956,profile,5223.7591304347825,5796.0,8000.0,,,,,,spillover_from_PM,,,,,2790.6956521739125,2995.745128388035,27310.999999999993,31577.137923931983,0.5342313040267685,A_OBSERVED,B_RECOVERED,0.3,0.5342313040267685,2790.6956521739125,2995.745128388035,27310.999999999993,31577.137923931983,15.620584833700676,7.347611555362256
D7_I10_E,L10E-233,AM,5,0.3766,36,0,23,71.00000000000001,50.20458146424489,49.70000000000001,8381.43,1676.286,profile,8381.43,9087.899999999998,10000.0,,,,,,none,,,,,0.0,0.0,18142.090909090908,20501.304057349786,0.0,A_OBSERVED,B_RECOVERED,0.3,0.0,0.0,0.0,18142.090909090908,20501.304057349786,13.004086243866675,
D7_I10_E,L10E-233,MD,5,0.3766,72,36,23,71.00000000000001,50.20458146424489,49.70000000000001,8381.43,1676.286,profile,8381.43,9087.899999999998,10000.0,,,,,,spillover_from_PM,,,,,24756.27272727272,24468.495822915713,46273.72727272727,48706.99462786824,2.9537051227860545,A_OBSERVED,B_RECOVERED,0.3,2.9537051227860545,24756.27272727272,24468.495822915713,46273.72727272727,48706.99462786824,5.25842091949892,-1.1624403541167114
D7_I10_E,L10E-233,PM,5,0.3766,48,48,23,71.00000000000001,50.20458146424489,49.70000000000001,8381.43,1676.286,profile,8381.43,9087.899999999998,10000.0,12:00,17:35,20:35,8.583333333333332,allday_below_cutoff,own_episode,29.10909090909091,0.4201905471551025,8073.545454545454,0.9632658692544653,31837.545454545456,30206.10919529404,31837.545454545456,30206.10919529404,3.7985815612067935,A_OBSERVED,B_RECOVERED,0.3,3.7985815612067935,31837.545454545456,30206.10919529404,31837.545454545456,30206.10919529404,-5.124252626763018,-5.124252626763018
D7_I10_E,L10E-233,NT,5,0.3766,132,19,23,71.00000000000001,50.20458146424489,49.70000000000001,8381.43,1676.286,profile,8381.43,9087.899999999998,10000.0,,,,,,spillover_from_PM,,,,,12939.227272727272,12893.113298452781,56369.22727272727,57737.463458118786,1.543797093422873,A_OBSERVED,B_RECOVERED,0.3,1.543797093422873,12939.227272727272,12893.113298452781,56369.22727272727,57737.463458118786,2.4272750427669916,-0.3563889349999116
D7_I10_E,L10E-258,AM,5,0.1255,36,0,23,72.58108695652174,51.322578772847,50.80676086956522,6553.59652173913,1310.719304347826,profile,6553.59652173913,6996.0,10000.0,,,,,,none,,,,,0.0,0.0,16426.73913043478,16384.048815042683,0.0,A_OBSERVED,B_RECOVERED,0.3,0.0,0.0,0.0,16426.73913043478,16384.048815042683,-0.2598830787603043,
D7_I10_E,L10E-258,MD,5,0.1255,72,0,23,72.58108695652174,51.322578772847,50.80676086956522,6553.59652173913,1310.719304347826,profile,6553.59652173913,6996.0,10000.0,,,,,,none,,,,,0.0,0.0,33376.17391304347,36838.96059386747,0.0,A_OBSERVED,B_RECOVERED,0.3,0.0,0.0,0.0,33376.17391304347,36838.96059386747,10.375025878777363,
D7_I10_E,L10E-258,PM,5,0.1255,48,0,23,72.58108695652174,51.322578772847,50.80676086956522,6553.59652173913,1310.719304347826,profile,6553.59652173913,6996.0,10000.0,,,,,,none,,,,,0.0,0.0,24559.47826086956,23893.252201690007,0.0,A_OBSERVED,B_RECOVERED,0.3,0.0,0.0,0.0,24559.47826086956,23893.252201690007,-2.712704447964785,
D7_I10_E,L10E-258,NT,5,0.1255,132,0,23,72.58108695652174,51.322578772847,50.80676086956522,6553.59652173913,1310.719304347826,profile,6553.59652173913,6996.0,10000.0,,,,,,none,,,,,0.0,0.0,30500.652173913044,43359.56239024786,0.0,A_OBSERVED,B_RECOVERED,0.3,0.0,0.0,0.0,30500.652173913044,43359.56239024786,42.159459879788855,
D7_I10_E,L10E-303,AM,1,0.5543,36,15,23,69.1278888888889,48.88079900244354,48.38952222222223,6372.522666666667,6372.522666666667,profile,6372.522666666667,6840.0,2000.0,07:40,08:15,08:55,1.25,normal,own_episode,38.90666666666666,0.20405010841329074,5945.733333333334,0.933026627654731,7450.8,7817.992990091124,16380.844444444443,17138.250562586632,1.1692072966603284,A_OBSERVED,B_RECOVERED,0.3,1.1692072966603284,7450.8,7817.992990091124,16380.844444444443,17138.250562586632,4.623730606263485,4.928235761141403
D7_I10_E,L10E-303,MD,1,0.5543,72,26,23,69.1278888888889,48.88079900244354,48.38952222222223,6372.522666666667,6372.522666666667,profile,6372.522666666667,6840.0,2000.0,12:50,14:55,19:35,6.75,long,own_episode,30.242222222222225,0.38130671266829286,5613.6,0.8809070275047538,12294.599999999999,13188.693089760325,33501.555555555555,36682.390396591014,1.9293144399957147,A_OBSERVED,B_RECOVERED,0.3,1.9293144399957147,12294.599999999999,13188.693089760325,33501.555555555555,36682.390396591014,9.494588499810668,7.272242201944974
D7_I10_E,L10E-303,PM,1,0.5543,48,48,23,69.1278888888889,48.88079900244354,48.38952222222223,6372.522666666667,6372.522666666667,profile,6372.522666666667,6840.0,2000.0,,,,,,spillover_from_MD,,,,,22407.755555555552,23468.810907216663,22407.755555555552,23468.810907216663,3.5163084900059807,A_OBSERVED,B_RECOVERED,0.3,3.5163084900059807,22407.755555555552,23468.810907216663,22407.755555555552,23468.810907216663,4.735214774324167,4.735214774324167
D7_I10_E,L10E-303,NT,1,0.5543,132,7,23,69.1278888888889,48.88079900244354,48.38952222222223,6372.522666666667,6372.522666666667,profile,6372.522666666667,6840.0,2000.0,,,,,,spillover_from_MD,,,,,3405.0444444444443,3696.9096684710084,31739.33333333333,41698.19765128746,0.5343322609514627,A_OBSERVED,B_RECOVERED,0.3,0.5343322609514627,3405.0444444444443,3696.9096684710084,31739.33333333333,41698.19765128746,31.377043157661788,8.571554021938294
D7_I10_E,L10E-304,AM,4,0.1802,36,11,23,68.77239130434782,48.6294242497191,48.14067391304347,6424.776521739131,1606.1941304347827,profile,6424.776521739131,6826.620000000003,8000.0,07:45,08:10,08:40,0.9166666666666666,normal,own_episode,43.621739130434776,0.10297644268970041,6180.521739130435,0.9619823690703909,5700.434782608696,5861.628383164329,16849.73913043478,17336.314994873774,0.8872580646689386,A_OBSERVED,B_RECOVERED,0.3,0.8872580646689386,5700.434782608696,5861.628383164329,16849.73913043478,17336.314994873774,2.887735297694417,2.8277422109522927
D7_I10_E,L10E-304,MD,4,0.1802,72,19,23,68.77239130434782,48.6294242497191,48.14067391304347,6424.776521739131,1606.1941304347827,profile,6424.776521739131,6826.620000000003,8000.0,,,,,,spillover_from_PM,,,,,9372.82608695652,10033.52898742565,34334.695652173905,37318.162790553426,1.458856359476824,A_OBSERVED,B_RECOVERED,0.3,1.458856359476824,9372.82608695652,10033.52898742565,34334.695652173905,37318.162790553426,8.689365324811384,7.049132186380611
D7_I10_E,L10E-304,PM,4,0.1802,48,48,23,68.77239130434782,48.6294242497191,48.14067391304347,6424.776521739131,1606.1941304347827,profile,6424.776521739131,6826.620000000003,8000.0,13:25,15:20,19:30,6.083333333333333,long,own_episode,38.726086956521755,0.20364907555438616,5958.782608695652,0.9274692416978672,23868.347826086952,25213.03369601902,23868.347826086952,25213.03369601902,3.7150471686174695,A_OBSERVED,B_RECOVERED,0.3,3.7150471686174695,23868.347826086952,25213.03369601902,23868.347826086952,25213.03369601902,5.633761832741487,5.633761832741487
D7_I10_E,L10E-304,NT,4,0.1802,132,6,23,68.77239130434782,48.6294242497191,48.14067391304347,6424.776521739131,1606.1941304347827,profile,6424.776521739131,6826.620000000003,8000.0,,,,,,spillover_from_PM,,,,,2956.7391304347825,3196.9145432264745,31442.043478260868,41839.57533605452,0.46020886803303457,A_OBSERVED,B_RECOVERED,0.3,0.46020886803303457,2956.7391304347825,3196.9145432264745,31442.043478260868,41839.57533605452,33.06888073283958,8.122982860391025
D7_I10_E,L10E-308,AM,1,0.5263,36,16,23,69.17804347826088,48.91626365269609,48.42463043478261,6106.502608695652,6106.502608695652,profile,6106.502608695652,6492.0,2000.0,07:40,08:15,09:00,1.3333333333333333,normal,own_episode,35.652173913043484,0.2711590941169837,5607.130434782609,0.9182228837171152,7571.043478260869,7875.335155921716,15603.217391304352,16183.714242149232,1.239833004816818,A_OBSERVED,B_RECOVERED,0.3,1.239833004816818,7571.043478260869,7875.335155921716,15603.217391304352,16183.714242149232,3.7203663596226644,4.019151105585059
D7_I10_E,L10E-308,MD,1,0.5263,72,27,23,69.17804347826088,48.91626365269609,48.42463043478261,6106.502608695652,6106.502608695652,profile,6106.502608695652,6492.0,2000.0,12:45,14:55,19:35,6.833333333333333,long,own_episode,26.14782608695653,0.4654574136609193,5312.086956521739,0.8699066056169916,12184.521739130436,12772.879198304343,32025.695652173912,34749.635590287086,1.9953355496450116,A_OBSERVED,B_RECOVERED,0.3,1.9953355496450116,12184.521739130436,12772.879198304343,32025.695652173912,34749.635590287086,8.505482496609785,4.828728379911742
D7_I10_E,L10E-308,PM,1,0.5263,48,48,23,69.17804347826088,48.91626365269609,48.42463043478261,6106.502608695652,6106.502608695652,profile,6106.502608695652,6492.0,2000.0,,,,,,spillover_from_MD,,,,,21188.82608695652,21363.239299297005,21188.82608695652,21363.239299297005,3.4698791509208,A_OBSERVED,B_RECOVERED,0.3,3.4698791509208,21188.82608695652,21363.239299297005,21188.82608695652,21363.239299297005,0.8231376841015794,0.8231376841015794
D7_I10_E,L10E-308,NT,1,0.5263,132,7,23,69.17804347826088,48.91626365269609,48.42463043478261,6106.502608695652,6106.502608695652,profile,6106.502608695652,6492.0,2000.0,,,,,,spillover_from_MD,,,,,3265.826086956522,3520.5086928273054,30470.69565217392,38367.70851762545,0.5348112162117133,A_OBSERVED,B_RECOVERED,0.3,0.5348112162117133,3265.826086956522,3520.5086928273054,30470.69565217392,38367.70851762545,25.916746225936983,7.7984129922890775
D7_I10_E,L10E-311,AM,1,0.028,36,17,23,70.05652173913042,49.537441588081904,49.03956521739129,6515.966086956521,6515.966086956521,profile,6515.966086956521,6900.0,2000.0,06:00,06:40,07:25,1.4166666666666665,normal,own_episode,36.49565217391304,0.2632713558890486,5204.869565217391,0.7987870863288182,7320.608695652173,8926.363398422565,15588.521739130436,19168.633304847946,1.1234878447735268,A_OBSERVED,B_RECOVERED,0.3,1.1234878447735268,7320.608695652173,8926.363398422565,15588.521739130436,19168.633304847946,22.966331417626886,21.934715670898726
D7_I10_E,L10E-311,MD,1,0.028,72,0,23,70.05652173913042,49.537441588081904,49.03956521739129,6515.966086956521,6515.966086956521,profile,6515.966086956521,6900.0,2000.0,,,,,,none,,,,,0.0,0.0,33118.78260869565,37269.354621027116,0.0,A_OBSERVED,B_RECOVERED,0.3,0.0,0.0,0.0,33118.78260869565,37269.354621027116,12.532380979612748,
D7_I10_E,L10E-311,PM,1,0.028,48,0,23,70.05652173913042,49.537441588081904,49.03956521739129,6515.966086956521,6515.966086956521,profile,6515.966086956521,6900.0,2000.0,,,,,,none,,,,,0.0,0.0,24242.652173913044,24045.525943220026,0.0,A_OBSERVED,B_RECOVERED,0.3,0.0,0.0,0.0,24242.652173913044,24045.525943220026,-0.81313805634328,
D7_I10_E,L10E-311,NT,1,0.028,132,0,23,70.05652173913042,49.537441588081904,49.03956521739129,6515.966086956521,6515.966086956521,profile,6515.966086956521,6900.0,2000.0,,,,,,none,,,,,0.0,0.0,30322.0,45421.175664140406,0.0,A_OBSERVED,B_RECOVERED,0.3,0.0,0.0,0.0,30322.0,45421.175664140406,49.79610732847571,
D7_I10_E,L10E-326,AM,5,0.5114,36,0,23,68.66714285714285,48.55500235899111,48.06699999999999,6104.705714285715,1220.941142857143,profile,6104.705714285715,6801.180000000004,10000.0,,,,,,none,,,,,0.0,0.0,16720.571428571428,15476.593174517213,0.0,A_OBSERVED,B_RECOVERED,0.3,0.0,0.0,0.0,16720.571428571428,15476.593174517213,-7.439807062625596,
D7_I10_E,L10E-326,MD,5,0.5114,72,3,23,68.66714285714285,48.55500235899111,48.06699999999999,6104.705714285715,1220.941142857143,profile,6104.705714285715,6801.180000000004,10000.0,,,,,,spillover_from_PM,,,,,1492.238095238095,1525.422080926321,34139.666666666664,36130.318820447326,0.2444406274566333,A_OBSERVED,B_RECOVERED,0.3,0.2444406274566333,1492.238095238095,1525.422080926321,34139.666666666664,36130.318820447326,5.8309068252394445,2.22377285462153
D7_I10_E,L10E-326,PM,5,0.5114,48,48,23,68.66714285714285,48.55500235899111,48.06699999999999,6104.705714285715,1220.941142857143,profile,6104.705714285715,6801.180000000004,10000.0,14:45,16:45,19:00,4.25,normal,own_episode,37.27142857142858,0.2323874624521176,5797.714285714285,0.9497123296454677,23275.95238095238,23886.28390633613,23275.95238095238,23886.28390633613,3.812788604450493,A_OBSERVED,B_RECOVERED,0.3,3.812788604450493,23275.95238095238,23886.28390633613,23275.95238095238,23886.28390633613,2.6221548978730858,2.6221548978730858
D7_I10_E,L10E-326,NT,5,0.5114,132,0,23,68.66714285714285,48.55500235899111,48.06699999999999,6104.705714285715,1220.941142857143,profile,6104.705714285715,6801.180000000004,10000.0,,,,,,none,,,,,0.0,0.0,34238.5238095238,39797.88755271316,0.0,A_OBSERVED,B_RECOVERED,0.3,0.0,0.0,0.0,34238.5238095238,39797.88755271316,16.23715956364615,
D7_I10_E,L10E-331,AM,1,0.5195,36,0,23,68.2165909090909,48.236414021246766,47.75161363636362,5029.729090909091,5029.729090909091,profile,5029.729090909091,5808.0,2000.0,,,,,,none,,,,,0.0,0.0,13878.909090909096,13294.833341139147,0.0,A_OBSERVED,B_RECOVERED,0.3,0.0,0.0,0.0,13878.909090909096,13294.833341139147,-4.208369302977333,
D7_I10_E,L10E-331,MD,1,0.5195,72,9,23,68.2165909090909,48.236414021246766,47.75161363636362,5029.729090909091,5029.729090909091,profile,5029.729090909091,5808.0,2000.0,,,,,,spillover_from_PM,,,,,3560.772727272727,3764.008562237076,27682.227272727272,29848.397832636172,0.7079452318234382,A_OBSERVED,B_RECOVERED,0.3,0.7079452318234382,3560.772727272727,3764.008562237076,27682.227272727272,29848.397832636172,7.825131043711309,5.707632880012869
D7_I10_E,L10E-331,PM,1,0.5195,48,48,23,68.2165909090909,48.236414021246766,47.75161363636362,5029.729090909091,5029.729090909091,profile,5029.729090909091,5808.0,2000.0,14:15,16:45,19:00,4.75,normal,own_episode,26.68636363636363,0.4467589646152169,4355.454545454545,0.8659421743661596,17501.409090909092,18366.579894108745,17501.409090909092,18366.579894108745,3.4795927920932668,A_OBSERVED,B_RECOVERED,0.3,3.4795927920932668,17501.409090909092,18366.579894108745,17501.409090909092,18366.579894108745,4.943435118313166,4.943435118313166
D7_I10_E,L10E-331,NT,1,0.5195,132,0,23,68.2165909090909,48.236414021246766,47.75161363636362,5029.729090909091,5029.729090909091,profile,5029.729090909091,5808.0,2000.0,,,,,,none,,,,,0.0,0.0,28782.40909090909,31771.561852144427,0.0,A_OBSERVED,B_RECOVERED,0.3,0.0,0.0,0.0,28782.40909090909,31771.561852144427,10.385345965287739,
D7_I10_E,L10E-333,AM,1,0.1566,36,0,23,68.55666666666667,48.47688389554575,47.989666666666665,4757.185714285714,4757.185714285714,profile,4757.185714285714,5796.0,2000.0,,,,,,none,,,,,0.0,0.0,13218.142857142857,12517.757756556626,0.0,A_OBSERVED,B_RECOVERED,0.3,0.0,0.0,0.0,13218.142857142857,12517.757756556626,-5.298664934671626,
D7_I10_E,L10E-333,MD,1,0.1566,72,2,23,68.55666666666667,48.47688389554575,47.989666666666665,4757.185714285714,4757.185714285714,profile,4757.185714285714,5796.0,2000.0,,,,,,spillover_from_PM,,,,,767.0,791.838412873567,26750.42857142857,27951.118044860807,0.1612297787107023,A_OBSERVED,B_RECOVERED,0.3,0.1612297787107023,767.0,791.838412873567,26750.42857142857,27951.118044860807,4.488486867513826,3.23838499003481
D7_I10_E,L10E-333,PM,1,0.1566,48,48,23,68.55666666666667,48.47688389554575,47.989666666666665,4757.185714285714,4757.185714285714,profile,4757.185714285714,5796.0,2000.0,14:50,16:50,19:00,4.166666666666666,normal,own_episode,30.27142857142857,0.3755492073984147,4224.857142857143,0.8881001072062414,17019.52380952381,17844.512400337546,17019.52380952381,17844.512400337546,3.577645446637618,A_OBSERVED,B_RECOVERED,0.3,3.577645446637618,17019.52380952381,17844.512400337546,17019.52380952381,17844.512400337546,4.847307128252838,4.847307128252838
D7_I10_E,L10E-333,NT,1,0.1566,132,0,23,68.55666666666667,48.47688389554575,47.989666666666665,4757.185714285714,4757.185714285714,profile,4757.185714285714,5796.0,2000.0,,,,,,none,,,,,0.0,0.0,28272.42857142857,28620.85931425715,0.0,A_OBSERVED,B_RECOVERED,0.3,0.0,0.0,0.0,28272.42857142857,28620.85931425715,1.2324047152450799,
D7_I10_E,L10E-337,AM,1,0.5126,36,0,23,70.70782608695652,49.99798330904602,49.49547826086956,6020.026956521739,6020.026956521739,profile,6020.026956521739,6456.0,2000.0,,,,,,none,,,,,0.0,0.0,16256.347826086954,15746.189309414594,0.0,A_OBSERVED,B_RECOVERED,0.3,0.0,0.0,0.0,16256.347826086954,15746.189309414594,-3.1382111291547057,
D7_I10_E,L10E-337,MD,1,0.5126,72,8,23,70.70782608695652,49.99798330904602,49.49547826086956,6020.026956521739,6020.026956521739,profile,6020.026956521739,6456.0,2000.0,,,,,,spillover_from_PM,,,,,3601.478260869565,3998.0325462047012,31840.47826086956,35603.28702347492,0.5982495239440644,A_OBSERVED,B_RECOVERED,0.3,0.5982495239440644,3601.478260869565,3998.0325462047012,31840.47826086956,35603.28702347492,11.817689206099878,11.010875440891583
D7_I10_E,L10E-337,PM,1,0.5126,48,48,23,70.70782608695652,49.99798330904602,49.49547826086956,6020.026956521739,6020.026956521739,profile,6020.026956521739,6456.0,2000.0,14:20,16:55,19:05,4.75,normal,own_episode,24.295652173913044,0.5140673570024316,4890.521739130434,0.8123753887567454,19640.347826086952,21111.886261999694,19640.347826086952,21111.886261999694,3.2625016412608865,A_OBSERVED,B_RECOVERED,0.3,3.2625016412608865,19640.347826086952,21111.886261999694,19640.347826086952,21111.886261999694,7.4924255361618215,7.4924255361618215
D7_I10_E,L10E-337,NT,1,0.5126,132,1,23,70.70782608695652,49.99798330904602,49.49547826086956,6020.026956521739,6020.026956521739,profile,6020.026956521739,6456.0,2000.0,,,,,,spillover_from_PM,,,,,453.52173913043475,500.9591020955388,31796.30434782608,39867.4387254138,0.07533549972548151,A_OBSERVED,B_RECOVERED,0.3,0.07533549972548151,453.52173913043475,500.9591020955388,31796.30434782608,39867.4387254138,25.383875714913213,10.459777089419935
D7_I10_E,L10E-349,AM,6,0.1069,36,0,23,68.76973684210526,48.62754726146699,48.13881578947368,6938.706315789474,1156.451052631579,profile,6938.706315789474,8550.719999999994,12000.0,,,,,,none,,,,,0.0,0.0,17733.36842105263,17073.610174365564,0.0,A_OBSERVED,B_RECOVERED,0.3,0.0,0.0,0.0,17733.36842105263,17073.610174365564,-3.720433879351523,
D7_I10_E,L10E-349,MD,6,0.1069,72,26,23,68.76973684210526,48.62754726146699,48.13881578947368,6938.706315789474,1156.451052631579,profile,6938.706315789474,8550.719999999994,12000.0,,,,,,spillover_from_PM,,,,,12980.157894736843,13371.710587435464,36539.73684210526,39129.55620312647,1.8706884690017298,A_OBSERVED,B_RECOVERED,0.3,1.8706884690017298,12980.157894736843,13371.710587435464,36539.73684210526,39129.55620312647,7.0876792906645285,3.0165479948235916
D7_I10_E,L10E-349,PM,6,0.1069,48,48,23,68.76973684210526,48.62754726146699,48.13881578947368,6938.706315789474,1156.451052631579,profile,6938.706315789474,8550.719999999994,12000.0,12:50,15:55,19:50,7.0,long,own_episode,18.03157894736842,0.629190038098902,5875.578947368421,0.846783057239094,22524.05263157895,21450.61643595614,22524.05263157895,21450.61643595614,3.2461458385007615,A_OBSERVED,B_RECOVERED,0.3,3.2461458385007615,22524.05263157895,21450.61643595614,22524.05263157895,21450.61643595614,-4.765732939719032,-4.765732939719032
D7_I10_E,L10E-349,NT,6,0.1069,132,10,23,68.76973684210526,48.62754726146699,48.13881578947368,6938.706315789474,1156.451052631579,profile,6938.706315789474,8550.719999999994,12000.0,,,,,,spillover_from_PM,,,,,5375.526315789473,5468.061144867052,37918.038699690405,42569.87215988773,0.7747159299071523,A_OBSERVED,B_RECOVERED,0.3,0.7747159299071523,5375.526315789473,5468.061144867052,37918.038699690405,42569.87215988773,12.268127834985588,1.7214096563117316
D7_I10_E,L10E-351,AM,1,0.8836,36,10,23,69.81641304347826,49.36765910116441,48.87148913043478,5912.872173913043,5912.872173913043,profile,5912.872173913043,6381.179999999993,2000.0,07:50,08:20,08:40,0.8333333333333333,normal,own_episode,44.15652173913045,0.10555771646687317,5346.782608695652,0.9042614911049629,4469.434782608696,4896.385968936718,14946.826086956522,15875.556446465243,0.7558821924693996,A_OBSERVED,B_RECOVERED,0.3,0.7558821924693996,4469.434782608696,4896.385968936718,14946.826086956522,15875.556446465243,6.213562358360389,9.552688585799693
D7_I10_E,L10E-351,MD,1,0.8836,72,22,23,69.81641304347826,49.36765910116441,48.87148913043478,5912.872173913043,5912.872173913043,profile,5912.872173913043,6381.179999999993,2000.0,,,,,,spillover_from_PM,,,,,9691.521739130432,10147.998822693582,31950.434782608692,34001.50990924197,1.6390548373239633,A_OBSERVED,B_RECOVERED,0.3,1.6390548373239633,9691.521739130432,10147.998822693582,31950.434782608692,34001.50990924197,6.419553100259286,4.710066136673672
D7_I10_E,L10E-351,PM,1,0.8836,48,48,23,69.81641304347826,49.36765910116441,48.87148913043478,5912.872173913043,5912.872173913043,profile,5912.872173913043,6381.179999999993,2000.0,13:10,16:00,19:20,6.166666666666666,long,own_episode,22.94347826086957,0.5352528623272638,5119.304347826086,0.8657897883218086,20192.173913043476,20391.621861977288,20192.173913043476,20391.621861977288,3.414951874341065,A_OBSERVED,B_RECOVERED,0.3,3.414951874341065,20192.173913043476,20391.621861977288,20192.173913043476,20391.621861977288,0.9877487673824714,0.9877487673824714
D7_I10_E,L10E-351,NT,1,0.8836,132,4,23,69.81641304347826,49.36765910116441,48.87148913043478,5912.872173913043,5912.872173913043,profile,5912.872173913043,6381.179999999993,2000.0,,,,,,spillover_from_PM,,,,,1854.5,1962.8446065234612,30939.826086956513,39612.26973282061,0.31363776274106764,A_OBSERVED,B_RECOVERED,0.3,0.31363776274106764,1854.5,1962.8446065234612,30939.826086956513,39612.26973282061,28.030033593240507,5.842254328577037
D7_I10_W,L10W-001,AM,5,0.0746,36,28,23,69.80678571428571,49.36085155140764,48.864749999999994,6574.98,1314.9959999999999,profile,6574.98,6985.439999999999,10000.0,06:00,06:15,07:50,1.8333333333333333,normal,own_episode,36.41428571428572,0.2622840860765645,5482.285714285715,0.8338102495042897,12699.423076923073,15008.340905450801,16177.351648351647,19391.206304423646,1.9314770656219598,A_OBSERVED,B_RECOVERED,0.3,1.9314770656219598,12699.423076923073,15008.340905450801,16177.351648351647,19391.206304423646,19.86638311345273,18.18128126405529
D7_I10_W,L10W-001,MD,5,0.0746,72,0,23,69.80678571428571,49.36085155140764,48.864749999999994,6574.98,1314.9959999999999,profile,6574.98,6985.439999999999,10000.0,,,,,,none,,,,,0.0,0.0,33283.038461538454,37821.82874984956,0.0,A_OBSERVED,B_RECOVERED,0.3,0.0,0.0,0.0,33283.038461538454,37821.82874984956,13.63694691984354,
D7_I10_W,L10W-001,PM,5,0.0746,48,0,23,69.80678571428571,49.36085155140764,48.864749999999994,6574.98,1314.9959999999999,profile,6574.98,6985.439999999999,10000.0,,,,,,none,,,,,0.0,0.0,24247.219780219777,23861.84425672301,0.0,A_OBSERVED,B_RECOVERED,0.3,0.0,0.0,0.0,24247.219780219777,23861.84425672301,-1.5893596337636504,
D7_I10_W,L10W-001,NT,5,0.0746,132,0,23,69.80678571428571,49.36085155140764,48.864749999999994,6574.98,1314.9959999999999,profile,6574.98,6985.439999999999,10000.0,,,,,,none,,,,,0.0,0.0,30458.164835164836,49794.28468334507,0.0,A_OBSERVED,B_RECOVERED,0.3,0.0,0.0,0.0,30458.164835164836,49794.28468334507,63.48419201493098,
D7_I10_W,L10W-068,AM,4,0.0684,36,31,23,70.00434782608694,49.500549060367824,49.00304347826086,6061.8495652173915,1515.4623913043479,profile,6061.8495652173915,6396.0,8000.0,06:20,08:15,08:55,2.583333333333333,normal,own_episode,38.0,0.23233174739824525,5276.608695652174,0.8704618349371629,14168.608695652176,15462.370031178043,16513.130434782608,17978.028993116113,2.3373408632492283,A_OBSERVED,B_RECOVERED,0.3,2.3373408632492283,14168.608695652176,15462.370031178043,16513.130434782608,17978.028993116113,8.871113591205582,9.131181214164485
D7_I10_W,L10W-068,MD,4,0.0684,72,0,23,70.00434782608694,49.500549060367824,49.00304347826086,6061.8495652173915,1515.4623913043479,profile,6061.8495652173915,6396.0,8000.0,,,,,,none,,,,,0.0,0.0,29657.695652173912,34710.98737102143,0.0,A_OBSERVED,B_RECOVERED,0.3,0.0,0.0,0.0,29657.695652173912,34710.98737102143,17.038719994003014,
D7_I10_W,L10W-068,PM,4,0.0684,48,0,23,70.00434782608694,49.500549060367824,49.00304347826086,6061.8495652173915,1515.4623913043479,profile,6061.8495652173915,6396.0,8000.0,,,,,,none,,,,,0.0,0.0,19469.521739130432,20958.863612670124,0.0,A_OBSERVED,B_RECOVERED,0.3,0.0,0.0,0.0,19469.521739130432,20958.863612670124,7.649606875275048,
D7_I10_W,L10W-068,NT,4,0.0684,132,0,23,70.00434782608694,49.500549060367824,49.00304347826086,6061.8495652173915,1515.4623913043479,profile,6061.8495652173915,6396.0,8000.0,,,,,,none,,,,,0.0,0.0,27366.95652173913,35787.02176331742,0.0,A_OBSERVED,B_RECOVERED,0.3,0.0,0.0,0.0,27366.95652173913,35787.02176331742,30.767269407139786,
D7_I10_W,L10W-071,AM,4,0.2802,36,36,23,66.07934782608694,46.72515494421063,46.25554347826086,5911.557391304348,1477.889347826087,profile,5911.557391304348,6382.620000000003,8000.0,06:00,07:40,10:15,4.25,normal,own_episode,28.60869565217391,0.38772389976379085,5480.869565217391,0.9271447780037658,16793.565217391304,16308.688940973547,16793.565217391304,16308.688940973547,2.8408021957283087,A_OBSERVED,B_RECOVERED,0.3,2.8408021957283087,16793.565217391304,16308.688940973547,16793.565217391304,16308.688940973547,-2.8872742037862373,-2.8872742037862373
D7_I10_W,L10W-071,MD,4,0.2802,72,15,23,66.07934782608694,46.72515494421063,46.25554347826086,5911.557391304348,1477.889347826087,profile,5911.557391304348,6382.620000000003,8000.0,,,,,,spillover_from_AM,,,,,6834.695652173913,6974.216016136796,32435.956521739125,33719.66808001823,1.1561582168224336,A_OBSERVED,B_RECOVERED,0.3,1.1561582168224336,6834.695652173913,6974.216016136796,32435.956521739125,33719.66808001823,3.9576805987476886,2.0413544518036484
D7_I10_W,L10W-071,PM,4,0.2802,48,0,23,66.07934782608694,46.72515494421063,46.25554347826086,5911.557391304348,1477.889347826087,profile,5911.557391304348,6382.620000000003,8000.0,,,,,,none,,,,,0.0,0.0,21489.347826086956,20281.88182570869,0.0,A_OBSERVED,B_RECOVERED,0.3,0.0,0.0,0.0,21489.347826086956,20281.88182570869,-5.6189048180999945,
D7_I10_W,L10W-071,NT,4,0.2802,132,0,23,66.07934782608694,46.72515494421063,46.25554347826086,5911.557391304348,1477.889347826087,profile,5911.557391304348,6382.620000000003,8000.0,,,,,,none,,,,,0.0,0.0,27817.304347826084,32064.491106630307,0.0,A_OBSERVED,B_RECOVERED,0.3,0.0,0.0,0.0,27817.304347826084,32064.491106630307,15.268146423167488,
D7_I10_W,L10W-084,AM,4,0.1541,36,36,23,69.39934782608697,49.072749457749985,48.579543478260874,6386.308695652174,1596.5771739130435,profile,6386.308695652174,6648.0,8000.0,06:00,07:20,11:30,5.5,normal,own_episode,18.460869565217394,0.6238060885275729,4676.086956521739,0.7322049683732387,13326.130434782604,15468.830407943395,13326.130434782604,15468.830407943395,2.0866718271628635,A_OBSERVED,B_RECOVERED,0.3,2.0866718271628635,13326.130434782604,15468.830407943395,13326.130434782604,15468.830407943395,16.078935919523328,16.078935919523328
D7_I10_W,L10W-084,MD,4,0.1541,72,30,23,69.39934782608697,49.072749457749985,48.579543478260874,6386.308695652174,1596.5771739130435,profile,6386.308695652174,6648.0,8000.0,,,,,,spillover_from_AM,,,,,12025.608695652172,15216.924728311018,30031.869565217392,36860.317034663516,1.883029660598658,A_OBSERVED,B_RECOVERED,0.3,1.883029660598658,12025.608695652172,15216.924728311018,30031.869565217392,36860.317034663516,22.73733726306125,26.53766735161321
D7_I10_W,L10W-084,PM,4,0.1541,48,0,23,69.39934782608697,49.072749457749985,48.579543478260874,6386.308695652174,1596.5771739130435,profile,6386.308695652174,6648.0,8000.0,,,,,,none,,,,,0.0,0.0,21701.173913043476,23936.955589012698,0.0,A_OBSERVED,B_RECOVERED,0.3,0.0,0.0,0.0,21701.173913043476,23936.955589012698,10.302584021159364,
D7_I10_W,L10W-084,NT,4,0.1541,132,0,23,69.39934782608697,49.072749457749985,48.579543478260874,6386.308695652174,1596.5771739130435,profile,6386.308695652174,6648.0,8000.0,,,,,,none,,,,,0.0,0.0,30173.82608695652,41907.23897562936,0.0,A_OBSERVED,B_RECOVERED,0.3,0.0,0.0,0.0,30173.82608695652,41907.23897562936,38.886062559182506,
D7_I10_W,L10W-086,AM,5,0.2175,36,36,23,67.12809523809524,47.46673135099354,46.989666666666665,6641.362857142857,1328.2725714285714,profile,6641.362857142857,7344.0,10000.0,06:00,07:55,09:15,3.25,normal,own_episode,37.66666666666667,0.20646175553694912,5654.0,0.8513312887156982,16869.52380952381,19601.14591537664,16869.52380952381,19601.14591537664,2.540069586979494,A_OBSERVED,B_RECOVERED,0.3,2.540069586979494,16869.52380952381,19601.14591537664,16869.52380952381,19601.14591537664,16.192645012959257,16.192645012959257
D7_I10_W,L10W-086,MD,5,0.2175,72,3,23,67.12809523809524,47.46673135099354,46.989666666666665,6641.362857142857,1328.2725714285714,profile,6641.362857142857,7344.0,10000.0,,,,,,spillover_from_AM,,,,,1404.7142857142856,1657.8203175396939,34727.142857142855,38323.254513607695,0.21150994395728584,A_OBSERVED,B_RECOVERED,0.3,0.21150994395728584,1404.7142857142856,1657.8203175396939,34727.142857142855,38323.254513607695,10.355334071847414,18.018328310565018
D7_I10_W,L10W-086,PM,5,0.2175,48,0,23,67.12809523809524,47.46673135099354,46.989666666666665,6641.362857142857,1328.2725714285714,profile,6641.362857142857,7344.0,10000.0,,,,,,none,,,,,0.0,0.0,24850.95238095238,23229.614922242683,0.0,A_OBSERVED,B_RECOVERED,0.3,0.0,0.0,0.0,24850.95238095238,23229.614922242683,-6.524246772741041,
D7_I10_W,L10W-086,NT,5,0.2175,132,0,23,67.12809523809524,47.46673135099354,46.989666666666665,6641.362857142857,1328.2725714285714,profile,6641.362857142857,7344.0,10000.0,,,,,,none,,,,,0.0,0.0,32723.238095238095,45284.897422137336,0.0,A_OBSERVED,B_RECOVERED,0.3,0.0,0.0,0.0,32723.238095238095,45284.897422137336,38.38758038046125,
D7_I10_W,L10W-099,AM,4,0.1193,36,36,23,67.91880952380951,48.025850784403175,47.54316666666666,5598.748571428571,1399.6871428571428,profile,5598.748571428571,6597.180000000004,8000.0,06:00,07:55,09:45,3.75,normal,own_episode,39.571428571428584,0.1760389888963766,4697.142857142857,0.8389629927504207,14224.904761904763,16594.726609889913,14224.904761904763,16594.726609889913,2.5407293398558797,A_OBSERVED,B_RECOVERED,0.3,2.5407293398558797,14224.904761904763,16594.726609889913,14224.904761904763,16594.726609889913,16.6596675875939,16.6596675875939
D7_I10_W,L10W-099,MD,4,0.1193,72,9,23,67.91880952380951,48.025850784403175,47.54316666666666,5598.748571428571,1399.6871428571428,profile,5598.748571428571,6597.180000000004,8000.0,,,,,,spillover_from_AM,,,,,3507.5238095238096,4193.641495038379,27923.285714285714,32180.409256264633,0.6264835373074867,A_OBSERVED,B_RECOVERED,0.3,0.6264835373074867,3507.5238095238096,4193.641495038379,27923.285714285714,32180.409256264633,15.245782983916358,19.561312275388893
D7_I10_W,L10W-099,PM,4,0.1193,48,0,23,67.91880952380951,48.025850784403175,47.54316666666666,5598.748571428571,1399.6871428571428,profile,5598.748571428571,6597.180000000004,8000.0,,,,,,none,,,,,0.0,0.0,19627.285714285714,20207.431705978837,0.0,A_OBSERVED,B_RECOVERED,0.3,0.0,0.0,0.0,19627.285714285714,20207.431705978837,2.9558136572642053,
D7_I10_W,L10W-099,NT,4,0.1193,132,0,23,67.91880952380951,48.025850784403175,47.54316666666666,5598.748571428571,1399.6871428571428,profile,5598.748571428571,6597.180000000004,8000.0,,,,,,none,,,,,0.0,0.0,27367.333333333332,37889.61818405285,0.0,A_OBSERVED,B_RECOVERED,0.3,0.0,0.0,0.0,27367.333333333332,37889.61818405285,38.448338106451196,
D7_I10_W,L10W-107,AM,4,0.2765,36,36,23,69.57304347826086,49.19557083126476,48.7011304347826,6336.69652173913,1584.1741304347825,profile,6336.69652173913,6636.0,8000.0,06:00,07:05,11:00,5.0,normal,own_episode,28.28695652173913,0.42501009656417676,4761.391304347826,0.7513996114557565,14553.95652173913,17400.613840539176,14553.95652173913,17400.613840539176,2.2967734799685093,A_OBSERVED,B_RECOVERED,0.3,2.2967734799685093,14553.95652173913,17400.613840539176,14553.95652173913,17400.613840539176,19.55933642201017,19.55933642201017
D7_I10_W,L10W-107,MD,4,0.2765,72,24,23,69.57304347826086,49.19557083126476,48.7011304347826,6336.69652173913,1584.1741304347825,profile,6336.69652173913,6636.0,8000.0,,,,,,spillover_from_AM,,,,,9672.608695652172,12569.717759183914,29221.347826086952,36920.79103998098,1.5264434177127815,A_OBSERVED,B_RECOVERED,0.3,1.5264434177127815,9672.608695652172,12569.717759183914,29221.347826086952,36920.79103998098,26.348692947764903,29.951682681363806
D7_I10_W,L10W-107,PM,4,0.2765,48,0,23,69.57304347826086,49.19557083126476,48.7011304347826,6336.69652173913,1584.1741304347825,profile,6336.69652173913,6636.0,8000.0,,,,,,none,,,,,0.0,0.0,21392.652173913044,23533.947111632304,0.0,A_OBSERVED,B_RECOVERED,0.3,0.0,0.0,0.0,21392.652173913044,23533.947111632304,10.009487932171545,
D7_I10_W,L10W-107,NT,4,0.2765,132,0,23,69.57304347826086,49.19557083126476,48.7011304347826,6336.69652173913,1584.1741304347825,profile,6336.69652173913,6636.0,8000.0,,,,,,none,,,,,0.0,0.0,26282.521739130432,49880.0766057702,0.0,A_OBSERVED,B_RECOVERED,0.3,0.0,0.0,0.0,26282.521739130432,49880.0766057702,89.78421135102427,
D7_I10_W,L10W-109,AM,4,0.0621,36,36,23,69.58347826086955,49.20294933680758,48.708434782608684,6368.658260869565,1592.1645652173913,profile,6368.658260869565,6756.0,8000.0,06:00,06:30,11:05,5.083333333333333,normal,own_episode,31.05652173913044,0.3688077207213719,4913.217391304348,0.7714682104223168,14460.347826086954,17811.613113223644,14460.347826086954,17811.613113223644,2.270548557289454,A_OBSERVED,B_RECOVERED,0.3,2.270548557289454,14460.347826086954,17811.613113223644,14460.347826086954,17811.613113223644,23.175551013308922,23.175551013308922
D7_I10_W,L10W-109,MD,4,0.0621,72,25,23,69.58347826086955,49.20294933680758,48.708434782608684,6368.658260869565,1592.1645652173913,profile,6368.658260869565,6756.0,8000.0,,,,,,spillover_from_AM,,,,,10658.869565217392,13128.564970073308,31915.1304347826,37047.20520909658,1.6736444520359692,A_OBSERVED,B_RECOVERED,0.3,1.6736444520359692,10658.869565217392,13128.564970073308,31915.1304347826,37047.20520909658,16.080381638424406,23.170331429096027
D7_I10_W,L10W-109,PM,4,0.0621,48,0,23,69.58347826086955,49.20294933680758,48.708434782608684,6368.658260869565,1592.1645652173913,profile,6368.658260869565,6756.0,8000.0,,,,,,none,,,,,0.0,0.0,23129.565217391304,23307.378563742393,0.0,A_OBSERVED,B_RECOVERED,0.3,0.0,0.0,0.0,23129.565217391304,23307.378563742393,0.7687708120747128,
D7_I10_W,L10W-109,NT,4,0.0621,132,0,23,69.58347826086955,49.20294933680758,48.708434782608684,6368.658260869565,1592.1645652173913,profile,6368.658260869565,6756.0,8000.0,,,,,,none,,,,,0.0,0.0,30185.82608695652,45330.0531860593,0.0,A_OBSERVED,B_RECOVERED,0.3,0.0,0.0,0.0,30185.82608695652,45330.0531860593,50.16999387552521,
D7_I10_W,L10W-116,AM,5,0.0789,36,0,23,72.34478260869565,51.15548636607531,50.64134782608696,11566.124347826086,2313.224869565217,profile,11566.124347826086,12759.959999999988,10000.0,,,,,,none,,,,,0.0,0.0,32266.47826086956,32524.276184727645,0.0,A_OBSERVED,B_RECOVERED,0.3,0.0,0.0,0.0,32266.47826086956,32524.276184727645,0.7989651730003744,
D7_I10_W,L10W-116,MD,5,0.0789,72,0,23,72.34478260869565,51.15548636607531,50.64134782608696,11566.124347826086,2313.224869565217,profile,11566.124347826086,12759.959999999988,10000.0,,,,,,none,,,,,0.0,0.0,60620.24392998306,62498.538451890316,0.0,A_OBSERVED,B_RECOVERED,0.3,0.0,0.0,0.0,60620.24392998306,62498.538451890316,3.098460844329008,
D7_I10_W,L10W-116,PM,5,0.0789,48,0,23,72.34478260869565,51.15548636607531,50.64134782608696,11566.124347826086,2313.224869565217,profile,11566.124347826086,12759.959999999988,10000.0,,,,,,none,,,,,0.0,0.0,39312.44466403162,40010.63316058298,0.0,A_OBSERVED,B_RECOVERED,0.3,0.0,0.0,0.0,39312.44466403162,40010.63316058298,1.7759986755292227,
D7_I10_W,L10W-116,NT,5,0.0789,132,0,23,72.34478260869565,51.15548636607531,50.64134782608696,11566.124347826086,2313.224869565217,profile,11566.124347826086,12759.959999999988,10000.0,,,,,,none,,,,,0.0,0.0,88783.84425936383,51134.17708424076,0.0,A_OBSERVED,B_RECOVERED,0.3,0.0,0.0,0.0,88783.84425936383,51134.17708424076,-42.40598893773655,
D7_I10_W,L10W-124,AM,5,0.0087,36,12,23,72.37630434782609,51.17777560156924,50.663413043478265,6004.912173913043,1200.9824347826086,profile,6004.912173913043,6370.620000000003,10000.0,08:00,08:10,09:20,1.3333333333333333,normal,own_episode,44.765217391304354,0.12529966640574852,5261.739130434783,0.8762391485579416,5313.086956521739,5959.814542503194,16698.65217391304,17152.114552716565,0.8847901189301687,A_OBSERVED,B_RECOVERED,0.3,0.8847901189301687,5313.086956521739,5959.814542503194,16698.65217391304,17152.114552716565,2.7155627536929714,12.172350862573525
D7_I10_W,L10W-124,MD,5,0.0087,72,4,23,72.37630434782609,51.17777560156924,50.663413043478265,6004.912173913043,1200.9824347826086,profile,6004.912173913043,6370.620000000003,10000.0,,,,,,spillover_from_AM,,,,,1713.521739130435,1997.5580309420905,29766.60869565217,32469.66555259044,0.28535333898377985,A_OBSERVED,B_RECOVERED,0.3,0.28535333898377985,1713.521739130435,1997.5580309420905,29766.60869565217,32469.66555259044,9.080835793474485,16.576170895608016
D7_I10_W,L10W-124,PM,5,0.0087,48,0,23,72.37630434782609,51.17777560156924,50.663413043478265,6004.912173913043,1200.9824347826086,profile,6004.912173913043,6370.620000000003,10000.0,,,,,,none,,,,,0.0,0.0,20223.217391304344,18760.753957412064,0.0,A_OBSERVED,B_RECOVERED,0.3,0.0,0.0,0.0,20223.217391304344,18760.753957412064,-7.23160615640277,
D7_I10_W,L10W-124,NT,5,0.0087,132,0,23,72.37630434782609,51.17777560156924,50.663413043478265,6004.912173913043,1200.9824347826086,profile,6004.912173913043,6370.620000000003,10000.0,,,,,,none,,,,,0.0,0.0,25950.521739130432,30547.267413931673,0.0,A_OBSERVED,B_RECOVERED,0.3,0.0,0.0,0.0,25950.521739130432,30547.267413931673,17.71350002520324,
D7_I10_W,L10W-147,AM,6,0.2206,36,19,23,69.51282608695651,49.15299070552809,48.65897826086955,5984.073913043478,997.345652173913,profile,5984.073913043478,6322.620000000003,12000.0,07:25,07:55,10:25,3.0,normal,own_episode,27.721739130434784,0.4360111412851019,4972.695652173913,0.8309883407915358,8121.478260869565,8537.2698821634,16174.478260869564,16576.663389877518,1.3571821436174427,A_OBSERVED,B_RECOVERED,0.3,1.3571821436174427,8121.478260869565,8537.2698821634,16174.478260869564,16576.663389877518,2.486541590531229,5.119654426672277
D7_I10_W,L10W-147,MD,6,0.2206,72,17,23,69.51282608695651,49.15299070552809,48.65897826086955,5984.073913043478,997.345652173913,profile,5984.073913043478,6322.620000000003,12000.0,,,,,,spillover_from_AM,,,,,7010.739130434782,8273.445742724467,29305.739130434784,33846.2336372244,1.1715662661106983,A_OBSERVED,B_RECOVERED,0.3,1.1715662661106983,7010.739130434782,8273.445742724467,29305.739130434784,33846.2336372244,15.493533490422001,18.01103405499808
D7_I10_W,L10W-147,PM,6,0.2206,48,6,23,69.51282608695651,49.15299070552809,48.65897826086955,5984.073913043478,997.345652173913,profile,5984.073913043478,6322.620000000003,12000.0,17:25,17:35,17:55,0.5,normal,own_episode,46.02173913043478,0.06370419236242209,5147.478260869565,0.8601963036669072,2553.8260869565215,2984.67916340415,19849.565217391304,22291.980902348747,0.42677047845113514,A_OBSERVED,B_RECOVERED,0.3,0.42677047845113514,2553.8260869565215,2984.67916340415,19849.565217391304,22291.980902348747,12.304630646607349,16.870885556701726
D7_I10_W,L10W-147,NT,6,0.2206,132,0,23,69.51282608695651,49.15299070552809,48.65897826086955,5984.073913043478,997.345652173913,profile,5984.073913043478,6322.620000000003,12000.0,,,,,,none,,,,,0.0,0.0,25599.478260869568,34304.54579082569,0.0,A_OBSERVED,B_RECOVERED,0.3,0.0,0.0,0.0,25599.478260869568,34304.54579082569,34.004863072785234,
D7_I10_W,L10W-169,AM,4,0.1417,36,34,23,69.02434782608695,48.807584414805014,48.317043478260864,5921.76,1480.44,profile,5921.76,6348.0,8000.0,06:10,07:30,10:00,3.833333333333333,normal,own_episode,35.982608695652175,0.26276604082996957,5478.260869565217,0.925106871870055,15753.043478260868,16269.66375577333,16674.30434782608,17253.192834460617,2.660196204888558,A_OBSERVED,B_RECOVERED,0.3,2.660196204888558,15753.043478260868,16269.66375577333,16674.30434782608,17253.192834460617,3.471739957235511,3.2794950272650216
D7_I10_W,L10W-169,MD,4,0.1417,72,12,23,69.02434782608695,48.807584414805014,48.317043478260864,5921.76,1480.44,profile,5921.76,6348.0,8000.0,,,,,,spillover_from_AM,,,,,5415.217391304348,5836.534301605844,32373.95652173913,34334.3712330262,0.9144608007255187,A_OBSERVED,B_RECOVERED,0.3,0.9144608007255187,5415.217391304348,5836.534301605844,32373.95652173913,34334.3712330262,6.0555301912840065,7.780240013596476
D7_I10_W,L10W-169,PM,4,0.1417,48,0,23,69.02434782608695,48.807584414805014,48.317043478260864,5921.76,1480.44,profile,5921.76,6348.0,8000.0,,,,,,none,,,,,0.0,0.0,22010.82608695652,21843.87500105443,0.0,A_OBSERVED,B_RECOVERED,0.3,0.0,0.0,0.0,22010.82608695652,21843.87500105443,-0.7584953206323436,
D7_I10_W,L10W-169,NT,4,0.1417,132,0,23,69.02434782608695,48.807584414805014,48.317043478260864,5921.76,1480.44,profile,5921.76,6348.0,8000.0,,,,,,none,,,,,0.0,0.0,28640.608695652176,34021.390247390096,0.0,A_OBSERVED,B_RECOVERED,0.3,0.0,0.0,0.0,28640.608695652176,34021.390247390096,18.787245791164896,
D7_I10_W,L10W-190,AM,4,0.7643,36,0,23,68.56934782608697,48.48585082936515,47.99854347826088,6079.424347826086,1519.8560869565215,profile,6079.424347826086,6300.0,8000.0,,,,,,none,,,,,0.0,0.0,14989.91304347826,15733.744064713082,0.0,A_OBSERVED,B_RECOVERED,0.3,0.0,0.0,0.0,14989.91304347826,15733.744064713082,4.9622103815902046,
D7_I10_W,L10W-190,MD,4,0.7643,72,0,23,68.56934782608697,48.48585082936515,47.99854347826088,6079.424347826086,1519.8560869565215,profile,6079.424347826086,6300.0,8000.0,,,,,,none,,,,,0.0,0.0,22898.086956521736,29767.330475461706,0.0,A_OBSERVED,B_RECOVERED,0.3,0.0,0.0,0.0,22898.086956521736,29767.330475461706,29.99920269314682,
D7_I10_W,L10W-190,PM,4,0.7643,48,0,23,68.56934782608697,48.48585082936515,47.99854347826088,6079.424347826086,1519.8560869565215,profile,6079.424347826086,6300.0,8000.0,,,,,,none,,,,,0.0,0.0,14434.0,16084.307101210763,0.0,A_OBSERVED,B_RECOVERED,0.3,0.0,0.0,0.0,14434.0,16084.307101210763,11.433470286897347,
D7_I10_W,L10W-190,NT,4,0.7643,132,0,23,68.56934782608697,48.48585082936515,47.99854347826088,6079.424347826086,1519.8560869565215,profile,6079.424347826086,6300.0,8000.0,,,,,,none,,,,,0.0,0.0,23099.086956521736,36320.74392375758,0.0,A_OBSERVED,B_RECOVERED,0.3,0.0,0.0,0.0,23099.086956521736,36320.74392375758,57.23887265380798,
D7_I10_W,L10W-221,AM,4,0.1703,36,36,23,69.20743083003953,48.93704364841989,48.44520158102767,6745.210434782608,1686.302608695652,profile,6745.210434782608,7092.0,8000.0,05:55,06:10,10:00,4.083333333333333,normal,own_episode,34.17826086956522,0.301587134786619,5884.434782608696,0.872387131506646,17813.65217391304,19458.093567793534,17813.65217391304,19458.093567793534,2.640933495870564,A_OBSERVED,B_RECOVERED,0.3,2.640933495870564,17813.65217391304,19458.093567793534,17813.65217391304,19458.093567793534,9.231354569102193,9.231354569102193
D7_I10_W,L10W-221,MD,4,0.1703,72,12,23,69.20743083003953,48.93704364841989,48.44520158102767,6745.210434782608,1686.302608695652,profile,6745.210434782608,7092.0,8000.0,,,,,,spillover_from_AM,,,,,5742.130434782609,6685.736376947085,34354.21739130435,39035.99523144589,0.8512900361377195,A_OBSERVED,B_RECOVERED,0.3,0.8512900361377195,5742.130434782609,6685.736376947085,34354.21739130435,39035.99523144589,13.627956611017373,16.433028696956097
D7_I10_W,L10W-221,PM,4,0.1703,48,0,23,69.20743083003953,48.93704364841989,48.44520158102767,6745.210434782608,1686.302608695652,profile,6745.210434782608,7092.0,8000.0,,,,,,none,,,,,0.0,0.0,24115.695652173912,23257.886541246145,0.0,A_OBSERVED,B_RECOVERED,0.3,0.0,0.0,0.0,24115.695652173912,23257.886541246145,-3.5570572928939717,
D7_I10_W,L10W-221,NT,4,0.1703,132,1,23,69.20743083003953,48.93704364841989,48.44520158102767,6745.210434782608,1686.302608695652,profile,6745.210434782608,7092.0,8000.0,,,,,,spillover_from_AM,,,,,479.82608695652175,561.416328100043,31919.741106719368,46033.267969991735,0.07113582172058448,A_OBSERVED,B_RECOVERED,0.3,0.07113582172058448,479.82608695652175,561.416328100043,31919.741106719368,46033.267969991735,44.215668341687625,17.004127820777345
D7_I10_W,L10W-232,AM,4,0.2181,36,36,23,67.83181818181818,47.96433861657658,47.48227272727272,5586.523636363636,1396.630909090909,profile,5586.523636363636,6368.1600000000035,8000.0,06:00,06:25,09:30,3.5,normal,own_episode,35.03636363636364,0.26953306045890113,4812.0,0.8613585680865773,14280.363636363634,16254.964349991376,14280.363636363634,16254.964349991376,2.5562164533611402,A_OBSERVED,B_RECOVERED,0.3,2.5562164533611402,14280.363636363634,16254.964349991376,14280.363636363634,16254.964349991376,13.827383979211866,13.827383979211866
D7_I10_W,L10W-232,MD,4,0.2181,72,6,23,67.83181818181818,47.96433861657658,47.48227272727272,5586.523636363636,1396.630909090909,profile,5586.523636363636,6368.1600000000035,8000.0,,,,,,spillover_from_AM,,,,,2381.454545454545,2787.4751048760036,29106.61688311688,32238.610437803436,0.42628559377306685,A_OBSERVED,B_RECOVERED,0.3,0.42628559377306685,2381.454545454545,2787.4751048760036,29106.61688311688,32238.610437803436,10.76041769905334,17.0492676501605
D7_I10_W,L10W-232,PM,4,0.2181,48,0,23,67.83181818181818,47.96433861657658,47.48227272727272,5586.523636363636,1396.630909090909,profile,5586.523636363636,6368.1600000000035,8000.0,,,,,,none,,,,,0.0,0.0,20408.272727272728,19588.230506790605,0.0,A_OBSERVED,B_RECOVERED,0.3,0.0,0.0,0.0,20408.272727272728,19588.230506790605,-4.018185328277458,
D7_I10_W,L10W-232,NT,4,0.2181,132,0,23,67.83181818181818,47.96433861657658,47.48227272727272,5586.523636363636,1396.630909090909,profile,5586.523636363636,6368.1600000000035,8000.0,,,,,,none,,,,,0.0,0.0,28154.774891774887,38382.947739740644,0.0,A_OBSERVED,B_RECOVERED,0.3,0.0,0.0,0.0,28154.774891774887,38382.947739740644,36.32837729046737,
D7_I10_W,L10W-248,AM,4,0.1883,36,36,23,67.41659090909091,47.67072859629754,47.191613636363634,5672.664545454545,1418.1661363636363,profile,5672.664545454545,6387.899999999998,8000.0,06:00,06:45,09:50,3.833333333333333,normal,own_episode,38.063636363636355,0.20153021603717092,4778.727272727273,0.8424131612993798,14345.136363636362,16648.45862545377,14345.136363636362,16648.45862545377,2.5288180269942084,A_OBSERVED,B_RECOVERED,0.3,2.5288180269942084,14345.136363636362,16648.45862545377,14345.136363636362,16648.45862545377,16.056468223307554,16.056468223307554
D7_I10_W,L10W-248,MD,4,0.1883,72,10,23,67.41659090909091,47.67072859629754,47.191613636363634,5672.664545454545,1418.1661363636363,profile,5672.664545454545,6387.899999999998,8000.0,,,,,,spillover_from_AM,,,,,3833.318181818181,4709.813968606757,28021.40909090909,32844.359013470326,0.6757526645727332,A_OBSERVED,B_RECOVERED,0.3,0.6757526645727332,3833.318181818181,4709.813968606757,28021.40909090909,32844.359013470326,17.211660937229368,22.865197857717234
D7_I10_W,L10W-248,PM,4,0.1883,48,0,23,67.41659090909091,47.67072859629754,47.191613636363634,5672.664545454545,1418.1661363636363,profile,5672.664545454545,6387.899999999998,8000.0,,,,,,none,,,,,0.0,0.0,19243.90909090909,18736.932500622177,0.0,A_OBSERVED,B_RECOVERED,0.3,0.0,0.0,0.0,19243.90909090909,18736.932500622177,-2.634478202385654,
D7_I10_W,L10W-248,NT,4,0.1883,132,0,23,67.41659090909091,47.67072859629754,47.191613636363634,5672.664545454545,1418.1661363636363,profile,5672.664545454545,6387.899999999998,8000.0,,,,,,none,,,,,0.0,0.0,28436.363636363636,37428.455634295366,0.0,A_OBSERVED,B_RECOVERED,0.3,0.0,0.0,0.0,28436.363636363636,37428.455634295366,31.621806898097514,
D7_I10_W,L10W-262,AM,4,0.2958,36,31,23,67.41934782608695,47.67267803100061,47.193543478260864,6857.225217391304,1714.306304347826,profile,6857.225217391304,7092.0,8000.0,06:25,07:40,12:00,5.583333333333333,normal,own_episode,34.80434782608696,0.2699309276593529,5695.04347826087,0.8305171986792986,15545.695652173914,17254.21444917994,18211.391304347824,20095.14173446612,2.2670533866595046,A_OBSERVED,B_RECOVERED,0.3,2.2670533866595046,15545.695652173914,17254.21444917994,18211.391304347824,20095.14173446612,10.343802945294826,10.990301336351632
D7_I10_W,L10W-262,MD,4,0.2958,72,36,23,67.41934782608695,47.67267803100061,47.193543478260864,6857.225217391304,1714.306304347826,profile,6857.225217391304,7092.0,8000.0,,,,,,spillover_from_AM,,,,,16826.130434782608,20480.905377706742,33886.260869565216,40904.22415869322,2.453781216359666,A_OBSERVED,B_RECOVERED,0.3,2.453781216359666,16826.130434782608,20480.905377706742,33886.260869565216,40904.22415869322,20.71035018039171,21.720828547537366
D7_I10_W,L10W-262,PM,4,0.2958,48,0,23,67.41934782608695,47.67267803100061,47.193543478260864,6857.225217391304,1714.306304347826,profile,6857.225217391304,7092.0,8000.0,,,,,,none,,,,,0.0,0.0,23591.173913043476,26793.52762015484,0.0,A_OBSERVED,B_RECOVERED,0.3,0.0,0.0,0.0,23591.173913043476,26793.52762015484,13.574372004187524,
D7_I10_W,L10W-262,NT,4,0.2958,132,0,23,67.41934782608695,47.67267803100061,47.193543478260864,6857.225217391304,1714.306304347826,profile,6857.225217391304,7092.0,8000.0,,,,,,none,,,,,0.0,0.0,33811.60869565217,50438.043480045606,0.0,A_OBSERVED,B_RECOVERED,0.3,0.0,0.0,0.0,33811.60869565217,50438.043480045606,49.173746608901894,
D7_I10_W,L10W-291,AM,4,0.1081,36,29,23,69.82478260869566,49.37357727748521,48.877347826086954,6067.865217391304,1516.966304347826,profile,6067.865217391304,6396.0,8000.0,07:00,08:15,08:50,1.8333333333333333,normal,own_episode,39.634782608695645,0.19724709461614287,5272.695652173913,0.8689539835297709,13268.91304347826,14531.000253451577,16518.304347826084,18057.699973939954,2.1867514468594,A_OBSERVED,B_RECOVERED,0.3,2.1867514468594,13268.91304347826,14531.000253451577,16518.304347826084,18057.699973939954,9.319332019187941,9.511609623469793
D7_I10_W,L10W-291,MD,4,0.1081,72,0,23,69.82478260869566,49.37357727748521,48.877347826086954,6067.865217391304,1516.966304347826,profile,6067.865217391304,6396.0,8000.0,,,,,,none,,,,,0.0,0.0,29721.260869565216,34698.92454387178,0.0,A_OBSERVED,B_RECOVERED,0.3,0.0,0.0,0.0,29721.260869565216,34698.92454387178,16.747821353042678,
D7_I10_W,L10W-291,PM,4,0.1081,48,0,23,69.82478260869566,49.37357727748521,48.877347826086954,6067.865217391304,1516.966304347826,profile,6067.865217391304,6396.0,8000.0,,,,,,none,,,,,0.0,0.0,19536.95652173913,21126.95043162114,0.0,A_OBSERVED,B_RECOVERED,0.3,0.0,0.0,0.0,19536.95652173913,21126.95043162114,8.138390993053576,
D7_I10_W,L10W-291,NT,4,0.1081,132,0,23,69.82478260869566,49.37357727748521,48.877347826086954,6067.865217391304,1516.966304347826,profile,6067.865217391304,6396.0,8000.0,,,,,,none,,,,,0.0,0.0,27416.173913043476,35164.557801805655,0.0,A_OBSERVED,B_RECOVERED,0.3,0.0,0.0,0.0,27416.173913043476,35164.557801805655,28.26209052122995,
D7_I10_W,L10W-292,AM,4,0.4412,36,29,23,68.03619047619047,48.108851651813886,47.62533333333332,5896.114285714286,1474.0285714285715,profile,5896.114285714286,6540.0,8000.0,07:05,08:20,09:00,1.9166666666666665,normal,own_episode,40.48095238095238,0.1585550061778268,5584.0,0.9470644104591885,13650.809523809527,14164.564079642547,16987.857142857145,17588.629530732447,2.3152213241327626,A_OBSERVED,B_RECOVERED,0.3,2.3152213241327626,13650.809523809527,14164.564079642547,16987.857142857145,17588.629530732447,3.5364812808536477,3.763546439769288
D7_I10_W,L10W-292,MD,4,0.4412,72,0,23,68.03619047619047,48.108851651813886,47.62533333333332,5896.114285714286,1474.0285714285715,profile,5896.114285714286,6540.0,8000.0,,,,,,none,,,,,0.0,0.0,32487.571428571428,33703.56987334044,0.0,A_OBSERVED,B_RECOVERED,0.3,0.0,0.0,0.0,32487.571428571428,33703.56987334044,3.7429650518585587,
D7_I10_W,L10W-292,PM,4,0.4412,48,0,23,68.03619047619047,48.108851651813886,47.62533333333332,5896.114285714286,1474.0285714285715,profile,5896.114285714286,6540.0,8000.0,,,,,,none,,,,,0.0,0.0,21404.333333333332,20955.3208682856,0.0,A_OBSERVED,B_RECOVERED,0.3,0.0,0.0,0.0,21404.333333333332,20955.3208682856,-2.097764308073445,
D7_I10_W,L10W-292,NT,4,0.4412,132,0,23,68.03619047619047,48.108851651813886,47.62533333333332,5896.114285714286,1474.0285714285715,profile,5896.114285714286,6540.0,8000.0,,,,,,none,,,,,0.0,0.0,29043.238095238095,36706.77608202225,0.0,A_OBSERVED,B_RECOVERED,0.3,0.0,0.0,0.0,29043.238095238095,36706.77608202225,26.386651383891863,
D7_I10_W,L10W-296,AM,5,0.2212,36,36,23,72.7359375,51.43207464221091,50.91515625,7554.014999999999,1510.8029999999999,profile,7554.014999999999,8124.0,10000.0,05:50,07:30,14:00,8.166666666666666,allday_below_cutoff,own_episode,17.16875,0.666185933205397,5568.0,0.737091467252845,16225.104166666666,17277.987166850497,16225.104166666666,17277.987166850497,2.147878203401326,A_OBSERVED,B_RECOVERED,0.3,2.147878203401326,16225.104166666666,17277.987166850497,16225.104166666666,17277.987166850497,6.489221821742781,6.489221821742781
D7_I10_W,L10W-296,MD,5,0.2212,72,65,23,72.7359375,51.43207464221091,50.91515625,7554.014999999999,1510.8029999999999,profile,7554.014999999999,8124.0,10000.0,14:35,14:55,15:15,0.6666666666666666,normal,own_episode,47.01875,0.08580880069319319,6080.25,0.8049030879605085,31115.024999999998,37986.87948911994,34659.837499999994,42386.549050258494,4.119004926519208,A_OBSERVED,B_RECOVERED,0.3,4.119004926519208,31115.024999999998,37986.87948911994,34659.837499999994,42386.549050258494,22.29298262075955,22.085325302229215
D7_I10_W,L10W-296,PM,5,0.2212,48,18,23,72.7359375,51.43207464221091,50.91515625,7554.014999999999,1510.8029999999999,profile,7554.014999999999,8124.0,10000.0,17:15,17:25,17:55,0.6666666666666666,normal,own_episode,42.50625000000001,0.17354587977062408,6390.0,0.8459077722244397,9541.5,11234.36419060444,25202.470833333333,30053.006106862995,1.2631031312487466,A_OBSERVED,B_RECOVERED,0.3,1.2631031312487466,9541.5,11234.36419060444,25202.470833333333,30053.006106862995,19.246268771053348,17.742118017129798
D7_I10_W,L10W-296,NT,5,0.2212,132,2,23,72.7359375,51.43207464221091,50.91515625,7554.014999999999,1510.8029999999999,profile,7554.014999999999,8124.0,10000.0,,,,,,spillover_from_AM,,,,,1085.7416666666666,1257.692513391045,38160.60416666666,53322.126082226176,0.14373040914886542,A_OBSERVED,B_RECOVERED,0.3,0.14373040914886542,1085.7416666666666,1257.692513391045,38160.60416666666,53322.126082226176,39.73082252403941,15.837178585241585
D7_I10_W,L10W-297,AM,5,0.1752,36,0,23,70.33760869565218,49.73620008114153,49.236326086956524,7417.173913043478,1483.4347826086955,profile,7417.173913043478,7908.0,10000.0,,,,,,none,,,,,0.0,0.0,20822.521739130432,21183.048543716235,0.0,A_OBSERVED,B_RECOVERED,0.3,0.0,0.0,0.0,20822.521739130432,21183.048543716235,1.731427197447886,
D7_I10_W,L10W-297,MD,5,0.1752,72,0,23,70.33760869565218,49.73620008114153,49.236326086956524,7417.173913043478,1483.4347826086955,profile,7417.173913043478,7908.0,10000.0,,,,,,none,,,,,0.0,0.0,32844.260869565216,39027.1614108903,0.0,A_OBSERVED,B_RECOVERED,0.3,0.0,0.0,0.0,32844.260869565216,39027.1614108903,18.824903887712097,
D7_I10_W,L10W-297,PM,5,0.1752,48,0,23,70.33760869565218,49.73620008114153,49.236326086956524,7417.173913043478,1483.4347826086955,profile,7417.173913043478,7908.0,10000.0,,,,,,none,,,,,0.0,0.0,21518.652173913044,22325.67018799889,0.0,A_OBSERVED,B_RECOVERED,0.3,0.0,0.0,0.0,21518.652173913044,22325.67018799889,3.7503185959954797,
D7_I10_W,L10W-297,NT,5,0.1752,132,0,23,70.33760869565218,49.73620008114153,49.236326086956524,7417.173913043478,1483.4347826086955,profile,7417.173913043478,7908.0,10000.0,,,,,,none,,,,,0.0,0.0,27914.782608695652,37605.893207654604,0.0,A_OBSERVED,B_RECOVERED,0.3,0.0,0.0,0.0,27914.782608695652,37605.893207654604,34.71676901377732,
D7_I10_W,L10W-301,AM,4,0.1578,36,36,23,68.88369565217391,48.708128308842475,48.21858695652173,5935.938260869565,1483.9845652173913,profile,5935.938260869565,6334.620000000003,8000.0,06:00,07:30,10:15,4.25,normal,own_episode,28.347826086956523,0.418006253346215,5304.521739130435,0.8936281858082141,16331.304347826088,16176.956603890787,16331.304347826088,16176.956603890787,2.7512591321045328,A_OBSERVED,B_RECOVERED,0.3,2.7512591321045328,16331.304347826088,16176.956603890787,16331.304347826088,16176.956603890787,-0.9451035915318465,-0.9451035915318465
D7_I10_W,L10W-301,MD,4,0.1578,72,15,23,68.88369565217391,48.708128308842475,48.21858695652173,5935.938260869565,1483.9845652173913,profile,5935.938260869565,6334.620000000003,8000.0,,,,,,spillover_from_AM,,,,,6595.826086956521,6958.824941652831,31239.0,33891.1070206636,1.1111682428432617,A_OBSERVED,B_RECOVERED,0.3,1.1111682428432617,6595.826086956521,6958.824941652831,31239.0,33891.1070206636,8.489730851383205,5.503463097884776
D7_I10_W,L10W-301,PM,4,0.1578,48,0,23,68.88369565217391,48.708128308842475,48.21858695652173,5935.938260869565,1483.9845652173913,profile,5935.938260869565,6334.620000000003,8000.0,,,,,,none,,,,,0.0,0.0,20819.086956521736,20761.78335495793,0.0,A_OBSERVED,B_RECOVERED,0.3,0.0,0.0,0.0,20819.086956521736,20761.78335495793,-0.2752455075646606,
D7_I10_W,L10W-301,NT,4,0.1578,132,0,23,68.88369565217391,48.708128308842475,48.21858695652173,5935.938260869565,1483.9845652173913,profile,5935.938260869565,6334.620000000003,8000.0,,,,,,none,,,,,0.0,0.0,28001.78260869565,30931.67405197223,0.0,A_OBSERVED,B_RECOVERED,0.3,0.0,0.0,0.0,28001.78260869565,30931.67405197223,10.463231874269088,
D7_I10_W,L10W-302,AM,4,0.4461,36,18,23,69.63500000000002,49.23938070792526,48.74450000000001,6864.521739130435,1716.1304347826087,profile,6864.521739130435,7306.620000000003,8000.0,06:20,06:40,07:15,0.9166666666666666,normal,own_episode,45.94782608695651,0.06684801014239727,6816.521739130435,0.9930075245116667,9926.478260869564,10273.225292838699,19779.434782608696,20559.000097795535,1.4460553317625597,A_OBSERVED,B_RECOVERED,0.3,1.4460553317625597,9926.478260869564,10273.225292838699,19779.434782608696,20559.000097795535,3.941292174194387,3.4931525850010727
D7_I10_W,L10W-302,MD,4,0.4461,72,0,23,69.63500000000002,49.23938070792526,48.74450000000001,6864.521739130435,1716.1304347826087,profile,6864.521739130435,7306.620000000003,8000.0,,,,,,none,,,,,0.0,0.0,32953.30434782609,39643.03539282101,0.0,A_OBSERVED,B_RECOVERED,0.3,0.0,0.0,0.0,32953.30434782609,39643.03539282101,20.300638061615935,
D7_I10_W,L10W-302,PM,4,0.4461,48,0,23,69.63500000000002,49.23938070792526,48.74450000000001,6864.521739130435,1716.1304347826087,profile,6864.521739130435,7306.620000000003,8000.0,,,,,,none,,,,,0.0,0.0,19642.217391304344,21984.59713081501,0.0,A_OBSERVED,B_RECOVERED,0.3,0.0,0.0,0.0,19642.217391304344,21984.59713081501,11.925230705101777,
D7_I10_W,L10W-302,NT,4,0.4461,132,0,23,69.63500000000002,49.23938070792526,48.74450000000001,6864.521739130435,1716.1304347826087,profile,6864.521739130435,7306.620000000003,8000.0,,,,,,none,,,,,0.0,0.0,29852.043478260865,45712.78629781504,0.0,A_OBSERVED,B_RECOVERED,0.3,0.0,0.0,0.0,29852.043478260865,45712.78629781504,53.13117954924738,
D7_I10_W,L10W-312,AM,5,0.0615,36,34,23,69.48695652173912,49.13469816053653,48.64086956521738,6093.388695652174,1218.6777391304347,profile,6093.388695652174,6574.620000000003,10000.0,06:10,07:35,10:00,3.833333333333333,normal,own_episode,35.21739130434783,0.2832480380914735,5736.0,0.9413481211354231,16492.565217391304,16624.96550873703,17446.913043478264,17638.219224235436,2.706632719681788,A_OBSERVED,B_RECOVERED,0.3,2.706632719681788,16492.565217391304,16624.96550873703,17446.913043478264,17638.219224235436,1.0965044663226726,0.8027877385993957
D7_I10_W,L10W-312,MD,5,0.0615,72,12,23,69.48695652173912,49.13469816053653,48.64086956521738,6093.388695652174,1218.6777391304347,profile,6093.388695652174,6574.620000000003,10000.0,,,,,,spillover_from_AM,,,,,5636.695652173913,5976.264939506707,33348.0,35220.67676053754,0.925051056761876,A_OBSERVED,B_RECOVERED,0.3,0.925051056761876,5636.695652173913,5976.264939506707,33348.0,35220.67676053754,5.615559435461025,6.024261522827335
D7_I10_W,L10W-312,PM,5,0.0615,48,0,23,69.48695652173912,49.13469816053653,48.64086956521738,6093.388695652174,1218.6777391304347,profile,6093.388695652174,6574.620000000003,10000.0,,,,,,none,,,,,0.0,0.0,22658.173913043476,22034.06976354619,0.0,A_OBSERVED,B_RECOVERED,0.3,0.0,0.0,0.0,22658.173913043476,22034.06976354619,-2.7544326912329478,
D7_I10_W,L10W-312,NT,5,0.0615,132,0,23,69.48695652173912,49.13469816053653,48.64086956521738,6093.388695652174,1218.6777391304347,profile,6093.388695652174,6574.620000000003,10000.0,,,,,,none,,,,,0.0,0.0,29340.69565217391,35587.32536825258,0.0,A_OBSERVED,B_RECOVERED,0.3,0.0,0.0,0.0,29340.69565217391,35587.32536825258,21.289985043745375,
D7_I10_W,L10W-315,AM,4,0.0764,36,33,23,69.73891304347825,49.31285832562244,48.81723913043477,5974.930434782609,1493.7326086956523,profile,5974.930434782609,6358.620000000003,8000.0,06:15,07:30,10:20,4.083333333333333,normal,own_episode,31.90869565217392,0.35293356062480574,5448.782608695652,0.9119407611804102,15197.043478260868,15485.792893011705,16585.347826086952,16971.8590151803,2.543467851908772,A_OBSERVED,B_RECOVERED,0.3,2.543467851908772,15197.043478260868,15485.792893011705,16585.347826086952,16971.8590151803,2.330437643794286,1.900036774678498
D7_I10_W,L10W-315,MD,4,0.0764,72,16,23,69.73891304347825,49.31285832562244,48.81723913043477,5974.930434782609,1493.7326086956523,profile,5974.930434782609,6358.620000000003,8000.0,,,,,,spillover_from_AM,,,,,7164.652173913042,7752.6162443211115,32387.434782608692,35051.14581285652,1.199118927344251,A_OBSERVED,B_RECOVERED,0.3,1.199118927344251,7164.652173913042,7752.6162443211115,32387.434782608692,35051.14581285652,8.224519935361414,8.206456589042581
D7_I10_W,L10W-315,PM,4,0.0764,48,0,23,69.73891304347825,49.31285832562244,48.81723913043477,5974.930434782609,1493.7326086956523,profile,5974.930434782609,6358.620000000003,8000.0,,,,,,none,,,,,0.0,0.0,22538.347826086952,23273.75370322517,0.0,A_OBSERVED,B_RECOVERED,0.3,0.0,0.0,0.0,22538.347826086952,23273.75370322517,3.262909432460818,
D7_I10_W,L10W-315,NT,4,0.0764,132,0,23,69.73891304347825,49.31285832562244,48.81723913043477,5974.930434782609,1493.7326086956523,profile,5974.930434782609,6358.620000000003,8000.0,,,,,,none,,,,,0.0,0.0,28526.304347826084,38059.46646370958,0.0,A_OBSERVED,B_RECOVERED,0.3,0.0,0.0,0.0,28526.304347826084,38059.46646370958,33.418847389567276,
D7_I10_W,L10W-371,AM,5,0.1417,36,30,23,69.8058695652174,49.360203736188865,48.864108695652185,6527.851304347826,1305.5702608695651,profile,6527.851304347826,6946.620000000003,10000.0,06:00,06:30,07:55,1.9166666666666665,normal,own_episode,36.26521739130435,0.2652944144005591,5429.217391304348,0.8317005302630375,13562.304347826084,15928.730569722939,16192.608695652172,19191.35534561804,2.077606200801941,A_OBSERVED,B_RECOVERED,0.3,2.077606200801941,13562.304347826084,15928.730569722939,16192.608695652172,19191.35534561804,18.519231251299576,17.44855565253681
D7_I10_W,L10W-371,MD,5,0.1417,72,5,23,69.8058695652174,49.360203736188865,48.864108695652185,6527.851304347826,1305.5702608695651,profile,6527.851304347826,6946.620000000003,10000.0,,,,,,spillover_from_AM,,,,,2198.3478260869565,2714.5028862674017,33349.695652173905,37330.561516452944,0.3367643844189226,A_OBSERVED,B_RECOVERED,0.3,0.3367643844189226,2198.3478260869565,2714.5028862674017,33349.695652173905,37330.561516452944,11.936738211341206,23.479226265080968
D7_I10_W,L10W-371,PM,5,0.1417,48,0,23,69.8058695652174,49.360203736188865,48.864108695652185,6527.851304347826,1305.5702608695651,profile,6527.851304347826,6946.620000000003,10000.0,,,,,,none,,,,,0.0,0.0,24156.782608695652,23908.074148405187,0.0,A_OBSERVED,B_RECOVERED,0.3,0.0,0.0,0.0,24156.782608695652,23908.074148405187,-1.029559541596149,
D7_I10_W,L10W-371,NT,5,0.1417,132,0,23,69.8058695652174,49.360203736188865,48.864108695652185,6527.851304347826,1305.5702608695651,profile,6527.851304347826,6946.620000000003,10000.0,,,,,,none,,,,,0.0,0.0,30334.565217391304,43929.87907677322,0.0,A_OBSERVED,B_RECOVERED,0.3,0.0,0.0,0.0,30334.565217391304,43929.87907677322,44.81789589516681,
D7_I10_W,L10W-377,AM,1,0.0068,36,31,23,66.28147058823528,46.86807731995787,46.39702941176469,4133.890588235295,4133.890588235295,profile,4133.890588235295,6576.0,2000.0,06:25,07:25,09:10,2.75,normal,own_episode,35.72352941176471,0.23778547244666826,2919.529411764706,0.706242545478451,7428.470588235295,10447.885747226737,8884.823529411766,12162.714965331481,1.7969683593891184,A_OBSERVED,B_RECOVERED,0.3,1.7969683593891184,7428.470588235295,10447.885747226737,8884.823529411766,12162.714965331481,36.893151845602645,40.64652505689915
D7_I10_W,L10W-377,MD,1,0.0068,72,2,23,66.28147058823528,46.86807731995787,46.39702941176469,4133.890588235295,4133.890588235295,profile,4133.890588235295,6576.0,2000.0,,,,,,spillover_from_AM,,,,,527.4117647058823,688.4952500530495,20289.588235294115,23518.50083643,0.12758241986540522,A_OBSERVED,B_RECOVERED,0.3,0.12758241986540522,527.4117647058823,688.4952500530495,20289.588235294115,23518.50083643,15.914135682256639,30.54226244592731
D7_I10_W,L10W-377,PM,1,0.0068,48,0,23,66.28147058823528,46.86807731995787,46.39702941176469,4133.890588235295,4133.890588235295,profile,4133.890588235295,6576.0,2000.0,,,,,,none,,,,,0.0,0.0,15123.058823529413,15389.36079025314,0.0,A_OBSERVED,B_RECOVERED,0.3,0.0,0.0,0.0,15123.058823529413,15389.36079025314,1.7609001580381225,
D7_I10_W,L10W-377,NT,1,0.0068,132,0,23,66.28147058823528,46.86807731995787,46.39702941176469,4133.890588235295,4133.890588235295,profile,4133.890588235295,6576.0,2000.0,,,,,,none,,,,,0.0,0.0,22161.470588235294,27462.258545564855,0.0,A_OBSERVED,B_RECOVERED,0.3,0.0,0.0,0.0,22161.470588235294,27462.258545564855,23.918935957903237,
D7_I10_W,L10W-383,AM,1,1.2365,36,36,23,67.84760869565217,47.97550419598702,47.493326086956515,7157.887826086956,7157.887826086956,profile,7157.887826086956,7560.0,2000.0,06:00,06:15,09:55,3.9166666666666665,normal,own_episode,41.62608695652173,0.13234706640136562,6355.565217391304,0.8879107038012549,19175.130434782604,21355.486944177577,19175.130434782604,21355.486944177577,2.6788811030118063,A_OBSERVED,B_RECOVERED,0.3,2.6788811030118063,19175.130434782604,21355.486944177577,19175.130434782604,21355.486944177577,11.370751906020567,11.370751906020567
D7_I10_W,L10W-383,MD,1,1.2365,72,11,23,67.84760869565217,47.97550419598702,47.493326086956515,7157.887826086956,7157.887826086956,profile,7157.887826086956,7560.0,2000.0,,,,,,spillover_from_AM,,,,,5627.130434782608,6548.237878658023,36488.65217391304,41611.50272204809,0.7861439815072967,A_OBSERVED,B_RECOVERED,0.3,0.7861439815072967,5627.130434782608,6548.237878658023,36488.65217391304,41611.50272204809,14.039571874889772,16.369043770192967
D7_I10_W,L10W-383,PM,1,1.2365,48,0,23,67.84760869565217,47.97550419598702,47.493326086956515,7157.887826086956,7157.887826086956,profile,7157.887826086956,7560.0,2000.0,,,,,,none,,,,,0.0,0.0,25656.956521739125,24866.89989792023,0.0,A_OBSERVED,B_RECOVERED,0.3,0.0,0.0,0.0,25656.956521739125,24866.89989792023,-3.079307645665145,
D7_I10_W,L10W-383,NT,1,1.2365,132,0,23,67.84760869565217,47.97550419598702,47.493326086956515,7157.887826086956,7157.887826086956,profile,7157.887826086956,7560.0,2000.0,,,,,,none,,,,,0.0,0.0,34263.52173913043,45722.603419672654,0.0,A_OBSERVED,B_RECOVERED,0.3,0.0,0.0,0.0,34263.52173913043,45722.603419672654,33.44396926792103,
D7_I10_W,L10W-385,AM,1,1.5485,36,8,23,69.05636363636364,48.83022301135685,48.339454545454544,7326.231818181818,7326.231818181818,profile,7326.231818181818,7812.0,2000.0,06:10,06:20,06:50,0.6666666666666666,normal,own_episode,46.290909090909096,0.05200291466736007,6622.363636363636,0.9039249372274348,4385.136363636364,4877.178927228241,20521.045454545452,21719.60400557832,0.5985527720749412,A_OBSERVED,B_RECOVERED,0.3,0.5985527720749412,4385.136363636364,4877.178927228241,20521.045454545452,21719.60400557832,5.840631042349669,11.220690140268571
D7_I10_W,L10W-385,MD,1,1.5485,72,0,23,69.05636363636364,48.83022301135685,48.339454545454544,7326.231818181818,7326.231818181818,profile,7326.231818181818,7812.0,2000.0,,,,,,none,,,,,0.0,0.0,36677.181818181816,42552.26877476937,0.0,A_OBSERVED,B_RECOVERED,0.3,0.0,0.0,0.0,36677.181818181816,42552.26877476937,16.01837072900493,
D7_I10_W,L10W-385,PM,1,1.5485,48,0,23,69.05636363636364,48.83022301135685,48.339454545454544,7326.231818181818,7326.231818181818,profile,7326.231818181818,7812.0,2000.0,,,,,,none,,,,,0.0,0.0,25700.454545454548,26899.715210368526,0.0,A_OBSERVED,B_RECOVERED,0.3,0.0,0.0,0.0,25700.454545454548,26899.715210368526,4.666301379195188,
D7_I10_W,L10W-385,NT,1,1.5485,132,0,23,69.05636363636364,48.83022301135685,48.339454545454544,7326.231818181818,7326.231818181818,profile,7326.231818181818,7812.0,2000.0,,,,,,none,,,,,0.0,0.0,33525.954545454544,50264.588109952805,0.0,A_OBSERVED,B_RECOVERED,0.3,0.0,0.0,0.0,33525.954545454544,50264.588109952805,49.92738847093524,
D7_I10_W,L10W-388,AM,4,0.1833,36,36,23,66.21904761904761,46.82393761514348,46.353333333333325,5556.068571428571,1389.0171428571427,profile,5556.068571428571,6648.0,8000.0,06:00,07:55,09:25,3.4166666666666665,normal,own_episode,34.36190476190476,0.266146622602887,4484.042857142857,0.8070531886884047,12838.769047619044,16219.506785414513,12838.769047619044,16219.506785414513,2.3107650459249016,A_OBSERVED,B_RECOVERED,0.3,2.3107650459249016,12838.769047619044,16219.506785414513,12838.769047619044,16219.506785414513,26.33225759616284,26.33225759616284
D7_I10_W,L10W-388,MD,4,0.1833,72,5,23,66.21904761904761,46.82393761514348,46.353333333333325,5556.068571428571,1389.0171428571427,profile,5556.068571428571,6648.0,8000.0,,,,,,spillover_from_AM,,,,,1898.1904761904761,2309.3488934401216,27824.7619047619,31835.43969039902,0.3416427374477877,A_OBSERVED,B_RECOVERED,0.3,0.3416427374477877,1898.1904761904761,2309.3488934401216,27824.7619047619,31835.43969039902,14.41405967592749,21.66054578857698
D7_I10_W,L10W-388,PM,4,0.1833,48,0,23,66.21904761904761,46.82393761514348,46.353333333333325,5556.068571428571,1389.0171428571427,profile,5556.068571428571,6648.0,8000.0,,,,,,none,,,,,0.0,0.0,19776.809523809523,19718.899307421685,0.0,A_OBSERVED,B_RECOVERED,0.3,0.0,0.0,0.0,19776.809523809523,19718.899307421685,-0.29281880031316027,
D7_I10_W,L10W-388,NT,4,0.1833,132,0,23,66.21904761904761,46.82393761514348,46.353333333333325,5556.068571428571,1389.0171428571427,profile,5556.068571428571,6648.0,8000.0,,,,,,none,,,,,0.0,0.0,26376.47619047619,35944.10582269628,0.0,A_OBSERVED,B_RECOVERED,0.3,0.0,0.0,0.0,26376.47619047619,35944.10582269628,36.27334281929097,
D7_I10_W,L10W-395,AM,1,0.5014,36,36,23,66.47476190476192,47.00475492061833,46.53233333333334,5372.928571428572,5372.928571428572,profile,5372.928571428572,6456.0,2000.0,05:55,07:35,09:25,3.5,normal,own_episode,35.214285714285715,0.25083567026877107,4580.285714285715,0.8524747078608368,13613.809523809527,15667.410185957466,13613.809523809527,15667.410185957466,2.533778244550503,A_OBSERVED,B_RECOVERED,0.3,2.533778244550503,13613.809523809527,15667.410185957466,13613.809523809527,15667.410185957466,15.084687783800312,15.084687783800312
D7_I10_W,L10W-395,MD,1,0.5014,72,5,23,66.47476190476192,47.00475492061833,46.53233333333334,5372.928571428572,5372.928571428572,profile,5372.928571428572,6456.0,2000.0,,,,,,spillover_from_AM,,,,,1900.5238095238096,2235.6395455880865,27723.571428571428,30402.02132332237,0.3537221431958274,A_OBSERVED,B_RECOVERED,0.3,0.3537221431958274,1900.5238095238096,2235.6395455880865,27723.571428571428,30402.02132332237,9.661272905086745,17.632809143719314
D7_I10_W,L10W-395,PM,1,0.5014,48,0,23,66.47476190476192,47.00475492061833,46.53233333333334,5372.928571428572,5372.928571428572,profile,5372.928571428572,6456.0,2000.0,,,,,,none,,,,,0.0,0.0,19466.47619047619,18286.56299487403,0.0,A_OBSERVED,B_RECOVERED,0.3,0.0,0.0,0.0,19466.47619047619,18286.56299487403,-6.061257230414521,
D7_I10_W,L10W-395,NT,1,0.5014,132,1,23,66.47476190476192,47.00475492061833,46.53233333333334,5372.928571428572,5372.928571428572,profile,5372.928571428572,6456.0,2000.0,,,,,,spillover_from_AM,,,,,360.7619047619047,447.1403117893356,26862.380952380954,34895.460152854925,0.06714437014486202,A_OBSERVED,B_RECOVERED,0.3,0.06714437014486202,360.7619047619047,447.1403117893356,26862.380952380954,34895.460152854925,29.90456882699356,23.943328241500126
D7_I210_E,L210E-008,AM,5,0.2312,36,0,23,71.84021739130434,50.798704879307046,50.28815217391303,6508.353913043478,1301.6707826086956,profile,6508.353913043478,7104.0,10000.0,,,,,,none,,,,,0.0,0.0,16459.65217391304,16320.950751841268,0.0,A_OBSERVED,B_RECOVERED,0.3,0.0,0.0,0.0,16459.65217391304,16320.950751841268,-0.8426752923223998,
D7_I210_E,L210E-008,MD,5,0.2312,72,32,23,71.84021739130434,50.798704879307046,50.28815217391303,6508.353913043478,1301.6707826086956,profile,6508.353913043478,7104.0,10000.0,,,,,,spillover_from_PM,,,,,16124.782608695652,15088.374462858188,36043.34782608695,35564.89241782187,2.4775515935572834,A_OBSERVED,B_RECOVERED,0.3,2.4775515935572834,16124.782608695652,15088.374462858188,36043.34782608695,35564.89241782187,-1.3274444165777228,-6.427423990687214
D7_I210_E,L210E-008,PM,5,0.2312,48,48,23,71.84021739130434,50.798704879307046,50.28815217391303,6508.353913043478,1301.6707826086956,profile,6508.353913043478,7104.0,10000.0,12:20,17:20,19:50,7.5,long,own_episode,15.952173913043476,0.6859728225169452,5488.434782608696,0.8432907699762994,21611.521739130432,18380.011852500873,21611.521739130432,18380.011852500873,3.32058182881212,A_OBSERVED,B_RECOVERED,0.3,3.32058182881212,21611.521739130432,18380.011852500873,21611.521739130432,18380.011852500873,-14.952717932761283,-14.952717932761283
D7_I210_E,L210E-008,NT,5,0.2312,132,10,23,71.84021739130434,50.798704879307046,50.28815217391303,6508.353913043478,1301.6707826086956,profile,6508.353913043478,7104.0,10000.0,,,,,,spillover_from_PM,,,,,4835.260869565217,5221.873775384059,28282.521739130432,39648.84954900063,0.7429314591935153,A_OBSERVED,B_RECOVERED,0.3,0.7429314591935153,4835.260869565217,5221.873775384059,28282.521739130432,39648.84954900063,40.18852319715273,7.99569901703371
D7_I210_E,L210E-009,AM,4,0.2983,36,0,23,68.34434782608695,48.32675180359816,47.84104347826086,6307.293913043478,1576.8234782608695,profile,6307.293913043478,6804.0,8000.0,,,,,,none,,,,,0.0,0.0,15898.043478260866,16059.243861031582,0.0,A_OBSERVED,B_RECOVERED,0.3,0.0,0.0,0.0,15898.043478260866,16059.243861031582,1.0139636552833857,
D7_I210_E,L210E-009,MD,4,0.2983,72,32,23,68.34434782608695,48.32675180359816,47.84104347826086,6307.293913043478,1576.8234782608695,profile,6307.293913043478,6804.0,8000.0,,,,,,spillover_from_PM,,,,,15085.521739130436,15795.56813556864,34287.91304347826,35845.15629194343,2.3917581687343903,A_OBSERVED,B_RECOVERED,0.3,2.3917581687343903,15085.521739130436,15795.56813556864,34287.91304347826,35845.15629194343,4.541668215532787,4.7068070214396975
D7_I210_E,L210E-009,PM,4,0.2983,48,48,23,68.34434782608695,48.32675180359816,47.84104347826086,6307.293913043478,1576.8234782608695,profile,6307.293913043478,6804.0,8000.0,12:20,17:20,19:40,7.333333333333333,long,own_episode,17.513043478260872,0.6376118231691925,4691.739130434782,0.743859283413489,18535.086956521736,19161.41209585024,18535.086956521736,19161.41209585024,2.9386750026332518,A_OBSERVED,B_RECOVERED,0.3,2.9386750026332518,18535.086956521736,19161.41209585024,18535.086956521736,19161.41209585024,3.379132457256288,3.379132457256288
D7_I210_E,L210E-009,NT,4,0.2983,132,8,23,68.34434782608695,48.32675180359816,47.84104347826086,6307.293913043478,1576.8234782608695,profile,6307.293913043478,6804.0,8000.0,,,,,,spillover_from_PM,,,,,3593.695652173913,4043.8191882280416,26626.869565217392,38930.045520353284,0.5697682241733105,A_OBSERVED,B_RECOVERED,0.3,0.5697682241733105,3593.695652173913,4043.8191882280416,26626.869565217392,38930.045520353284,46.20586706597871,12.525366074943994
D7_I210_E,L210E-035,AM,4,0.3355,36,0,23,69.03219696969695,48.813134597478154,48.32253787878786,5173.183636363637,1293.2959090909092,profile,5173.183636363637,5652.0,8000.0,,,,,,none,,,,,0.0,0.0,13365.227272727268,14914.500274455851,0.0,A_OBSERVED,B_RECOVERED,0.3,0.0,0.0,0.0,13365.227272727268,14914.500274455851,11.591819354168326,
D7_I210_E,L210E-035,MD,4,0.3355,72,0,23,69.03219696969695,48.813134597478154,48.32253787878786,5173.183636363637,1293.2959090909092,profile,5173.183636363637,5652.0,8000.0,,,,,,none,,,,,0.0,0.0,21864.81818181818,27024.841021268192,0.0,A_OBSERVED,B_RECOVERED,0.3,0.0,0.0,0.0,21864.81818181818,27024.841021268192,23.59966040669325,
D7_I210_E,L210E-035,PM,4,0.3355,48,0,23,69.03219696969695,48.813134597478154,48.32253787878786,5173.183636363637,1293.2959090909092,profile,5173.183636363637,5652.0,8000.0,,,,,,none,,,,,0.0,0.0,17116.363636363636,16037.921668872255,0.0,A_OBSERVED,B_RECOVERED,0.3,0.0,0.0,0.0,17116.363636363636,16037.921668872255,-6.300648843427442,
D7_I210_E,L210E-035,NT,4,0.3355,132,0,23,69.03219696969695,48.813134597478154,48.32253787878786,5173.183636363637,1293.2959090909092,profile,5173.183636363637,5652.0,8000.0,,,,,,none,,,,,0.0,0.0,10976.002164502164,34430.98777611417,0.0,A_OBSERVED,B_RECOVERED,0.3,0.0,0.0,0.0,10976.002164502164,34430.98777611417,213.6933398889854,
D7_I210_E,L210E-042,AM,4,0.0466,36,10,23,65.41347826086957,46.254314059259684,45.789434782608694,4740.607826086956,1185.151956521739,profile,4740.607826086956,5340.0,8000.0,08:10,08:35,09:15,1.0833333333333333,normal,own_episode,40.595652173913045,0.12233803485004502,4161.130434782609,0.877763060653202,3782.1304347826085,3919.2202226064605,11259.260869565218,12208.927242445696,0.7978155066888323,A_OBSERVED,B_RECOVERED,0.3,0.7978155066888323,3782.1304347826085,3919.2202226064605,11259.260869565218,12208.927242445696,8.434535658086673,3.6246710732950103
D7_I210_E,L210E-042,MD,4,0.0466,72,13,23,65.41347826086957,46.254314059259684,45.789434782608694,4740.607826086956,1185.151956521739,profile,4740.607826086956,5340.0,8000.0,,,,,,spillover_from_AM+PM,,,,,4021.9565217391305,5126.040710271862,20925.260869565216,28136.31317242365,0.8484052402746374,A_OBSERVED,B_RECOVERED,0.3,0.8484052402746374,4021.9565217391305,5126.040710271862,20925.260869565216,28136.31317242365,34.46099118098241,27.451420286744305
D7_I210_E,L210E-042,PM,4,0.0466,48,24,23,65.41347826086957,46.254314059259684,45.789434782608694,4740.607826086956,1185.151956521739,profile,4740.607826086956,5340.0,8000.0,14:10,15:55,17:00,2.833333333333333,normal,own_episode,40.00869565217392,0.13502780300847306,4079.478260869565,0.8605390723148876,8088.739130434781,9425.116238589733,15401.608695652172,18673.17225885354,1.7062662483750477,A_OBSERVED,B_RECOVERED,0.3,1.7062662483750477,8088.739130434781,9425.116238589733,15401.608695652172,18673.17225885354,21.241700317479964,16.521451447564733
D7_I210_E,L210E-042,NT,4,0.0466,132,0,23,65.41347826086957,46.254314059259684,45.789434782608694,4740.607826086956,1185.151956521739,profile,4740.607826086956,5340.0,8000.0,,,,,,none,,,,,0.0,0.0,11625.086956521738,30502.41789438291,0.0,A_OBSERVED,B_RECOVERED,0.3,0.0,0.0,0.0,11625.086956521738,30502.41789438291,162.38442781944858,
D7_I210_E,L210E-046,AM,4,0.3281,36,7,23,66.361,46.92431310632049,46.4527,5270.4,1317.6,profile,5270.4,6374.459999999999,8000.0,07:35,07:50,08:10,0.5833333333333333,normal,own_episode,40.89000000000001,0.12859672751411433,4908.9,0.9314093806921676,2927.2999999999997,3047.46954682698,13642.700000000004,14806.007957564698,0.5554227383120826,A_OBSERVED,B_RECOVERED,0.3,0.5554227383120826,2927.2999999999997,3047.46954682698,13642.700000000004,14806.007957564698,8.526962826747587,4.10513260776075
D7_I210_E,L210E-046,MD,4,0.3281,72,0,23,66.361,46.92431310632049,46.4527,5270.4,1317.6,profile,5270.4,6374.459999999999,8000.0,,,,,,none,,,,,0.0,0.0,22528.849999999995,26890.55604311191,0.0,A_OBSERVED,B_RECOVERED,0.3,0.0,0.0,0.0,22528.849999999995,26890.55604311191,19.360535682522254,
D7_I210_E,L210E-046,PM,4,0.3281,48,0,23,66.361,46.92431310632049,46.4527,5270.4,1317.6,profile,5270.4,6374.459999999999,8000.0,,,,,,none,,,,,0.0,0.0,17888.85,16946.298350553858,0.0,A_OBSERVED,B_RECOVERED,0.3,0.0,0.0,0.0,17888.85,16946.298350553858,-5.268933718188373,
D7_I210_E,L210E-046,NT,4,0.3281,132,0,23,66.361,46.92431310632049,46.4527,5270.4,1317.6,profile,5270.4,6374.459999999999,8000.0,,,,,,none,,,,,0.0,0.0,12141.6,34252.85899230058,0.0,A_OBSERVED,B_RECOVERED,0.3,0.0,0.0,0.0,12141.6,34252.85899230058,182.11157501730068,
D7_I210_E,L210E-051,AM,4,0.2635,36,0,23,67.28543478260869,47.5779872098678,47.09980434782608,4893.850434782609,1223.4626086956523,profile,4893.850434782609,5674.620000000003,8000.0,,,,,,none,,,,,0.0,0.0,12051.608695652176,11835.3842178719,0.0,A_OBSERVED,B_RECOVERED,0.3,0.0,0.0,0.0,12051.608695652176,11835.3842178719,-1.7941544837767756,
D7_I210_E,L210E-051,MD,4,0.2635,72,0,23,67.28543478260869,47.5779872098678,47.09980434782608,4893.850434782609,1223.4626086956523,profile,4893.850434782609,5674.620000000003,8000.0,,,,,,none,,,,,0.0,0.0,22136.130434782608,25455.81759866904,0.0,A_OBSERVED,B_RECOVERED,0.3,0.0,0.0,0.0,22136.130434782608,25455.81759866904,14.99669137596963,
D7_I210_E,L210E-051,PM,4,0.2635,48,0,23,67.28543478260869,47.5779872098678,47.09980434782608,4893.850434782609,1223.4626086956523,profile,4893.850434782609,5674.620000000003,8000.0,,,,,,none,,,,,0.0,0.0,16383.91304347826,10753.06369452349,0.0,A_OBSERVED,B_RECOVERED,0.3,0.0,0.0,0.0,16383.91304347826,10753.06369452349,-34.368159389103766,
D7_I210_E,L210E-051,NT,4,0.2635,132,0,23,67.28543478260869,47.5779872098678,47.09980434782608,4893.850434782609,1223.4626086956523,profile,4893.850434782609,5674.620000000003,8000.0,,,,,,none,,,,,0.0,0.0,11586.0,32379.305593383382,0.0,A_OBSERVED,B_RECOVERED,0.3,0.0,0.0,0.0,11586.0,32379.305593383382,179.46923522685466,
D7_I210_E,L210E-052,AM,4,0.2635,36,0,23,64.595,45.67556253074504,45.216499999999996,5431.822857142857,1357.9557142857143,profile,5431.822857142857,6444.0,8000.0,,,,,,none,,,,,0.0,0.0,12586.333333333332,13016.727486669628,0.0,A_OBSERVED,B_RECOVERED,0.3,0.0,0.0,0.0,12586.333333333332,13016.727486669628,3.419535633912147,
D7_I210_E,L210E-052,MD,4,0.2635,72,0,23,64.595,45.67556253074504,45.216499999999996,5431.822857142857,1357.9557142857143,profile,5431.822857142857,6444.0,8000.0,,,,,,none,,,,,0.0,0.0,20829.38095238095,26881.05666425371,0.0,A_OBSERVED,B_RECOVERED,0.3,0.0,0.0,0.0,20829.38095238095,26881.05666425371,29.053555291478826,
D7_I210_E,L210E-052,PM,4,0.2635,48,0,23,64.595,45.67556253074504,45.216499999999996,5431.822857142857,1357.9557142857143,profile,5431.822857142857,6444.0,8000.0,,,,,,none,,,,,0.0,0.0,15562.52380952381,11492.267560070515,0.0,A_OBSERVED,B_RECOVERED,0.3,0.0,0.0,0.0,15562.52380952381,11492.267560070515,-26.154217010498105,
D7_I210_E,L210E-052,NT,4,0.2635,132,0,23,64.595,45.67556253074504,45.216499999999996,5431.822857142857,1357.9557142857143,profile,5431.822857142857,6444.0,8000.0,,,,,,none,,,,,0.0,0.0,11187.761904761903,34452.01264914851,0.0,A_OBSERVED,B_RECOVERED,0.3,0.0,0.0,0.0,11187.761904761903,34452.01264914851,207.94374194256434,
D7_I210_E,L210E-065,AM,4,0.1031,36,16,23,65.47928571428572,46.30084695582286,45.8355,5002.777142857142,1250.6942857142856,profile,5002.777142857142,6237.180000000004,8000.0,07:40,08:45,10:05,2.4166666666666665,normal,own_episode,28.180952380952384,0.3913512552407358,4112.571428571428,0.8220576913851279,5992.0,6117.269258764424,13039.476190476187,13527.517605006944,1.197734743902244,A_OBSERVED,B_RECOVERED,0.3,1.197734743902244,5992.0,6117.269258764424,13039.476190476187,13527.517605006944,3.742799230594968,2.0906084573502035
D7_I210_E,L210E-065,MD,4,0.1031,72,13,23,65.47928571428572,46.30084695582286,45.8355,5002.777142857142,1250.6942857142856,profile,5002.777142857142,6237.180000000004,8000.0,,,,,,spillover_from_AM,,,,,4402.714285714285,5267.698379019421,23112.42857142857,26445.84321652344,0.8800540499790973,A_OBSERVED,B_RECOVERED,0.3,0.8800540499790973,4402.714285714285,5267.698379019421,23112.42857142857,26445.84321652344,14.422606584993916,19.64660973145121
D7_I210_E,L210E-065,PM,4,0.1031,48,0,23,65.47928571428572,46.30084695582286,45.8355,5002.777142857142,1250.6942857142856,profile,5002.777142857142,6237.180000000004,8000.0,,,,,,none,,,,,0.0,0.0,18539.0,15855.287285107299,0.0,A_OBSERVED,B_RECOVERED,0.3,0.0,0.0,0.0,18539.0,15855.287285107299,-14.476038162213179,
D7_I210_E,L210E-065,NT,4,0.1031,132,0,23,65.47928571428572,46.30084695582286,45.8355,5002.777142857142,1250.6942857142856,profile,5002.777142857142,6237.180000000004,8000.0,,,,,,none,,,,,0.0,0.0,11437.190476190477,28879.622525368417,0.0,A_OBSERVED,B_RECOVERED,0.3,0.0,0.0,0.0,11437.190476190477,28879.622525368417,152.5062652885685,
D7_I210_E,L210E-070,AM,4,0.6742,36,18,23,66.29715909090908,46.879170766585176,46.40801136363635,6644.487272727272,1661.121818181818,profile,6644.487272727272,8520.0,8000.0,07:30,08:35,09:50,2.333333333333333,normal,own_episode,36.25909090909091,0.22654154678572336,5692.636363636364,0.856745769835719,9126.136363636364,9634.45309988335,17260.704545454544,18740.1276853019,1.3734899306821131,A_OBSERVED,B_RECOVERED,0.3,1.3734899306821131,9126.136363636364,9634.45309988335,17260.704545454544,18740.1276853019,8.571047235942347,5.569900733375025
D7_I210_E,L210E-070,MD,4,0.6742,72,10,23,66.29715909090908,46.879170766585176,46.40801136363635,6644.487272727272,1661.121818181818,profile,6644.487272727272,8520.0,8000.0,,,,,,spillover_from_AM,,,,,4689.886363636364,5473.587479286658,32233.522727272724,36431.03466042546,0.7058311907506101,A_OBSERVED,B_RECOVERED,0.3,0.7058311907506101,4689.886363636364,5473.587479286658,32233.522727272724,36431.03466042546,13.022194218943458,16.710449995693313
D7_I210_E,L210E-070,PM,4,0.6742,48,0,23,66.29715909090908,46.879170766585176,46.40801136363635,6644.487272727272,1661.121818181818,profile,6644.487272727272,8520.0,8000.0,,,,,,none,,,,,0.0,0.0,24609.38636363636,25142.158524958817,0.0,A_OBSERVED,B_RECOVERED,0.3,0.0,0.0,0.0,24609.38636363636,25142.158524958817,2.1649144495114205,
D7_I210_E,L210E-070,NT,4,0.6742,132,0,23,66.29715909090908,46.879170766585176,46.40801136363635,6644.487272727272,1661.121818181818,profile,6644.487272727272,8520.0,8000.0,,,,,,none,,,,,0.0,0.0,15512.863636363636,42989.830114157354,0.0,A_OBSERVED,B_RECOVERED,0.3,0.0,0.0,0.0,15512.863636363636,42989.830114157354,177.12375433627275,
D7_I210_E,L210E-128,AM,5,0.2193,36,0,23,64.81558823529411,45.831541967771486,45.37091176470588,5331.589411764706,1066.317882352941,profile,5331.589411764706,6486.299999999996,10000.0,,,,,,none,,,,,0.0,0.0,11904.117647058825,12512.940160458136,0.0,A_OBSERVED,B_RECOVERED,0.3,0.0,0.0,0.0,11904.117647058825,12512.940160458136,5.114385891084788,
D7_I210_E,L210E-128,MD,5,0.2193,72,6,23,64.81558823529411,45.831541967771486,45.37091176470588,5331.589411764706,1066.317882352941,profile,5331.589411764706,6486.299999999996,10000.0,,,,,,spillover_from_PM,,,,,2394.2941176470586,2597.455437075854,28840.647058823528,29433.674094138347,0.44907698863003215,A_OBSERVED,B_RECOVERED,0.3,0.44907698863003215,2394.2941176470586,2597.455437075854,28840.647058823528,29433.674094138347,2.056219592109976,8.485228190279651
D7_I210_E,L210E-128,PM,5,0.2193,48,48,23,64.81558823529411,45.831541967771486,45.37091176470588,5331.589411764706,1066.317882352941,profile,5331.589411764706,6486.299999999996,10000.0,14:30,17:15,19:30,5.0,normal,own_episode,22.670588235294115,0.5053496508750248,4544.470588235294,0.8523669467508971,16937.235294117643,18588.795957774255,16937.235294117643,18588.795957774255,3.17677037484242,A_OBSERVED,B_RECOVERED,0.3,3.17677037484242,16937.235294117643,18588.795957774255,16937.235294117643,18588.795957774255,9.751064060792757,9.751064060792757
D7_I210_E,L210E-128,NT,5,0.2193,132,6,23,64.81558823529411,45.831541967771486,45.37091176470588,5331.589411764706,1066.317882352941,profile,5331.589411764706,6486.299999999996,10000.0,,,,,,spillover_from_PM,,,,,2425.764705882353,2629.3127785934585,23827.117647058825,37127.442114244426,0.45497965400892487,A_OBSERVED,B_RECOVERED,0.3,0.45497965400892487,2425.764705882353,2629.3127785934585,23827.117647058825,37127.442114244426,55.820114980744926,8.3910888891042
D7_I210_E,L210E-136,AM,4,0.5244,36,0,23,66.99199999999998,47.37049748524918,46.89439999999998,6769.652,1692.413,profile,6769.652,7428.0,8000.0,,,,,,none,,,,,0.0,0.0,16987.37356321839,16476.300322184186,0.0,A_OBSERVED,B_RECOVERED,0.3,0.0,0.0,0.0,16987.37356321839,16476.300322184186,-3.0085477259462574,
D7_I210_E,L210E-136,MD,4,0.5244,72,0,23,66.99199999999998,47.37049748524918,46.89439999999998,6769.652,1692.413,profile,6769.652,7428.0,8000.0,,,,,,none,,,,,0.0,0.0,36445.59999999999,37403.46617711566,0.0,A_OBSERVED,B_RECOVERED,0.3,0.0,0.0,0.0,36445.59999999999,37403.46617711566,2.6282080062220667,
D7_I210_E,L210E-136,PM,4,0.5244,48,0,23,66.99199999999998,47.37049748524918,46.89439999999998,6769.652,1692.413,profile,6769.652,7428.0,8000.0,,,,,,none,,,,,0.0,0.0,25796.860919540228,25795.108352865314,0.0,A_OBSERVED,B_RECOVERED,0.3,0.0,0.0,0.0,25796.860919540228,25795.108352865314,-0.0067937206793478025,
D7_I210_E,L210E-136,NT,4,0.5244,132,0,23,66.99199999999998,47.37049748524918,46.89439999999998,6769.652,1692.413,profile,6769.652,7428.0,8000.0,,,,,,none,,,,,0.0,0.0,31764.049425287354,45620.84017116519,0.0,A_OBSERVED,B_RECOVERED,0.3,0.0,0.0,0.0,31764.049425287354,45620.84017116519,43.62413167272825,
D7_I210_E,L210E-139,AM,4,0.1516,36,0,23,67.74760869565218,47.90479351786837,47.42332608695652,5131.077391304348,1282.769347826087,profile,5131.077391304348,5710.620000000003,8000.0,,,,,,none,,,,,0.0,0.0,12374.391304347826,13033.051693929827,0.0,A_OBSERVED,B_RECOVERED,0.3,0.0,0.0,0.0,12374.391304347826,13033.051693929827,5.322770012538524,
D7_I210_E,L210E-139,MD,4,0.1516,72,18,23,67.74760869565218,47.90479351786837,47.42332608695652,5131.077391304348,1282.769347826087,profile,5131.077391304348,5710.620000000003,8000.0,,,,,,spillover_from_PM,,,,,7337.130434782608,6987.693110815214,27818.043478260868,29077.766196395685,1.429939538081586,A_OBSERVED,B_RECOVERED,0.3,1.429939538081586,7337.130434782608,6987.693110815214,27818.043478260868,29077.766196395685,4.528437519767557,-4.762588413459868
D7_I210_E,L210E-139,PM,4,0.1516,48,48,23,67.74760869565218,47.90479351786837,47.42332608695652,5131.077391304348,1282.769347826087,profile,5131.077391304348,5710.620000000003,8000.0,13:30,17:35,20:00,6.5,long,own_episode,19.513043478260865,0.5926703353604363,4905.913043478261,0.9561175303635697,19685.086956521736,15942.506282292881,19685.086956521736,15942.506282292881,3.8364431980468883,A_OBSERVED,B_RECOVERED,0.3,3.8364431980468883,19685.086956521736,15942.506282292881,19685.086956521736,15942.506282292881,-19.012263865001245,-19.012263865001245
D7_I210_E,L210E-139,NT,4,0.1516,132,12,23,67.74760869565218,47.90479351786837,47.42332608695652,5131.077391304348,1282.769347826087,profile,5131.077391304348,5710.620000000003,8000.0,,,,,,spillover_from_PM,,,,,4705.260869565217,4864.888838749971,23432.434782608692,34725.241591353086,0.9170122589729862,A_OBSERVED,B_RECOVERED,0.3,0.9170122589729862,4705.260869565217,4864.888838749971,23432.434782608692,34725.241591353086,48.193057672034136,3.392542382023213
D7_I210_E,L210E-141,AM,4,0.2877,36,0,23,67.55074999999998,47.76559339923716,47.285524999999986,5400.164,1350.041,profile,5400.164,6492.0,8000.0,,,,,,none,,,,,0.0,0.0,14005.899999999998,14350.54907915134,0.0,A_OBSERVED,B_RECOVERED,0.3,0.0,0.0,0.0,14005.899999999998,14350.54907915134,2.460742109763332,
D7_I210_E,L210E-141,MD,4,0.2877,72,22,23,67.55074999999998,47.76559339923716,47.285524999999986,5400.164,1350.041,profile,5400.164,6492.0,8000.0,,,,,,spillover_from_PM,,,,,9400.699999999999,9317.4688922489,30460.966666666664,30903.90188976865,1.7408175010981146,A_OBSERVED,B_RECOVERED,0.3,1.7408175010981146,9400.699999999999,9317.4688922489,30460.966666666664,30903.90188976865,1.4541075729769604,-0.88537138458943
D7_I210_E,L210E-141,PM,4,0.2877,48,48,23,67.55074999999998,47.76559339923716,47.285524999999986,5400.164,1350.041,profile,5400.164,6492.0,8000.0,13:10,15:50,20:05,6.916666666666666,long,own_episode,29.41833333333334,0.3841103765330137,5179.4,0.9591190193483012,20685.049999999996,19695.78866106518,20685.049999999996,19695.78866106518,3.8304484826757106,A_OBSERVED,B_RECOVERED,0.3,3.8304484826757106,20685.049999999996,19695.78866106518,20685.049999999996,19695.78866106518,-4.782494308376414,-4.782494308376414
D7_I210_E,L210E-141,NT,4,0.2877,132,13,23,67.55074999999998,47.76559339923716,47.285524999999986,5400.164,1350.041,profile,5400.164,6492.0,8000.0,,,,,,spillover_from_PM,,,,,5533.166666666666,5653.135969082681,27521.23333333333,32716.03608689453,1.0246293754535356,A_OBSERVED,B_RECOVERED,0.3,1.0246293754535356,5533.166666666666,5653.135969082681,27521.23333333333,32716.03608689453,18.87561756641673,2.1681852299650317
D7_I210_E,L210E-145,AM,5,0.3275,36,0,23,69.97804347826086,49.48194907764531,48.984630434782595,7372.025217391304,1474.4050434782607,profile,7372.025217391304,8050.620000000003,10000.0,,,,,,none,,,,,0.0,0.0,18104.82608695652,18092.46851040889,0.0,A_OBSERVED,B_RECOVERED,0.3,0.0,0.0,0.0,18104.82608695652,18092.46851040889,-0.06825570424304524,
D7_I210_E,L210E-145,MD,5,0.3275,72,16,23,69.97804347826086,49.48194907764531,48.984630434782595,7372.025217391304,1474.4050434782607,profile,7372.025217391304,8050.620000000003,10000.0,,,,,,spillover_from_PM,,,,,9479.434782608696,9659.109481962203,40323.65217391304,41310.75051219867,1.2858657564336342,A_OBSERVED,B_RECOVERED,0.3,1.2858657564336342,9479.434782608696,9659.109481962203,40323.65217391304,41310.75051219867,2.4479388276348173,1.8954157444402129
D7_I210_E,L210E-145,PM,5,0.3275,48,42,23,69.97804347826086,49.48194907764531,48.984630434782595,7372.025217391304,1474.4050434782607,profile,7372.025217391304,8050.620000000003,10000.0,13:40,15:20,18:30,4.833333333333333,normal,own_episode,36.42173913043477,0.2639388744917247,6980.086956521739,0.9468343841330134,24453.043478260865,25155.62414706956,27847.086956521736,28819.870613590123,3.3170048605604094,A_OBSERVED,B_RECOVERED,0.3,3.3170048605604094,24453.043478260865,25155.62414706956,27847.086956521736,28819.870613590123,3.4933049140372026,2.8731829206998345
D7_I210_E,L210E-145,NT,5,0.3275,132,0,23,69.97804347826086,49.48194907764531,48.984630434782595,7372.025217391304,1474.4050434782607,profile,7372.025217391304,8050.620000000003,10000.0,,,,,,none,,,,,0.0,0.0,28658.043478260868,44477.519807916964,0.0,A_OBSERVED,B_RECOVERED,0.3,0.0,0.0,0.0,28658.043478260868,44477.519807916964,55.2008246538403,
D7_I210_E,L210E-168,AM,2,0.2218,36,0,23,69.3795652173913,49.05876104099172,48.56569565217391,2371.4269565217387,1185.7134782608694,profile,2371.4269565217387,2868.0,4000.0,,,,,,none,,,,,0.0,0.0,4581.565217391304,5630.935129733913,0.0,A_OBSERVED,B_RECOVERED,0.3,0.0,0.0,0.0,4581.565217391304,5630.935129733913,22.904179304471604,
D7_I210_E,L210E-168,MD,2,0.2218,72,0,23,69.3795652173913,49.05876104099172,48.56569565217391,2371.4269565217387,1185.7134782608694,profile,2371.4269565217387,2868.0,4000.0,,,,,,none,,,,,0.0,0.0,8407.173913043476,12552.79010743773,0.0,A_OBSERVED,B_RECOVERED,0.3,0.0,0.0,0.0,8407.173913043476,12552.79010743773,49.31046077163285,
D7_I210_E,L210E-168,PM,2,0.2218,48,0,23,69.3795652173913,49.05876104099172,48.56569565217391,2371.4269565217387,1185.7134782608694,profile,2371.4269565217387,2868.0,4000.0,,,,,,none,,,,,0.0,0.0,7937.82608695652,9047.771411310941,0.0,A_OBSERVED,B_RECOVERED,0.3,0.0,0.0,0.0,7937.82608695652,9047.771411310941,13.98298869483031,
D7_I210_E,L210E-168,NT,2,0.2218,132,0,23,69.3795652173913,49.05876104099172,48.56569565217391,2371.4269565217387,1185.7134782608694,profile,2371.4269565217387,2868.0,4000.0,,,,,,none,,,,,0.0,0.0,2930.217391304348,13657.025261061339,0.0,A_OBSERVED,B_RECOVERED,0.3,0.0,0.0,0.0,2930.217391304348,13657.025261061339,366.0754967051128,
D7_I210_E,L210E-170,AM,5,0.1727,36,0,23,70.77673913043479,50.04671218940171,49.54371739130435,7191.083478260869,1438.2166956521737,profile,7191.083478260869,7752.0,10000.0,,,,,,none,,,,,0.0,0.0,17788.60869565217,17912.156761827144,0.0,A_OBSERVED,B_RECOVERED,0.3,0.0,0.0,0.0,17788.60869565217,17912.156761827144,0.6945347344965346,
D7_I210_E,L210E-170,MD,5,0.1727,72,21,23,70.77673913043479,50.04671218940171,49.54371739130435,7191.083478260869,1438.2166956521737,profile,7191.083478260869,7752.0,10000.0,,,,,,spillover_from_PM,,,,,11540.391304347824,11741.019399179953,39636.043478260865,40585.016355986736,1.6048195434297496,A_OBSERVED,B_RECOVERED,0.3,1.6048195434297496,11540.391304347824,11741.019399179953,39636.043478260865,40585.016355986736,2.394216966298247,1.7384860663827126
D7_I210_E,L210E-170,PM,5,0.1727,48,48,23,70.77673913043479,50.04671218940171,49.54371739130435,7191.083478260869,1438.2166956521737,profile,7191.083478260869,7752.0,10000.0,13:15,15:50,19:05,5.833333333333333,normal,own_episode,26.930434782608696,0.4618940265108624,6336.521739130435,0.8811637020048743,25233.478260869568,25430.330772507616,25233.478260869568,25430.330772507616,3.5089953185986613,A_OBSERVED,B_RECOVERED,0.3,3.5089953185986613,25233.478260869568,25430.330772507616,25233.478260869568,25430.330772507616,0.7801243633673519,0.7801243633673519
D7_I210_E,L210E-170,NT,5,0.1727,132,1,23,70.77673913043479,50.04671218940171,49.54371739130435,7191.083478260869,1438.2166956521737,profile,7191.083478260869,7752.0,10000.0,,,,,,spillover_from_PM,,,,,518.7826086956521,598.6283597945062,29798.521739130432,45567.7054110201,0.07214248176425249,A_OBSERVED,B_RECOVERED,0.3,0.07214248176425249,518.7826086956521,598.6283597945062,29798.521739130432,45567.7054110201,52.919348852067706,15.390984539671837
D7_I210_E,L210E-172,AM,4,0.2635,36,0,23,65.93347826086956,46.62200958547668,46.15343478260869,5074.580869565217,1268.6452173913042,profile,5074.580869565217,5614.620000000003,8000.0,,,,,,none,,,,,0.0,0.0,12237.565217391304,11179.42128149464,0.0,A_OBSERVED,B_RECOVERED,0.3,0.0,0.0,0.0,12237.565217391304,11179.42128149464,-8.646686796756695,
D7_I210_E,L210E-172,MD,4,0.2635,72,0,23,65.93347826086956,46.62200958547668,46.15343478260869,5074.580869565217,1268.6452173913042,profile,5074.580869565217,5614.620000000003,8000.0,,,,,,none,,,,,0.0,0.0,20828.217391304344,24367.248797480337,0.0,A_OBSERVED,B_RECOVERED,0.3,0.0,0.0,0.0,20828.217391304344,24367.248797480337,16.991523276752034,
D7_I210_E,L210E-172,PM,4,0.2635,48,0,23,65.93347826086956,46.62200958547668,46.15343478260869,5074.580869565217,1268.6452173913042,profile,5074.580869565217,5614.620000000003,8000.0,,,,,,none,,,,,0.0,0.0,15349.826086956522,13007.00930423776,0.0,A_OBSERVED,B_RECOVERED,0.3,0.0,0.0,0.0,15349.826086956522,13007.00930423776,-15.262822975626841,
D7_I210_E,L210E-172,NT,4,0.2635,132,0,23,65.93347826086956,46.62200958547668,46.15343478260869,5074.580869565217,1268.6452173913042,profile,5074.580869565217,5614.620000000003,8000.0,,,,,,none,,,,,0.0,0.0,10929.086956521738,31044.71828235699,0.0,A_OBSERVED,B_RECOVERED,0.3,0.0,0.0,0.0,10929.086956521738,31044.71828235699,184.05591799076691,
D7_I210_E,L210E-173,AM,4,0.315,36,0,23,67.2558695652174,47.55708144416316,47.079108695652174,4768.990434782609,1192.2476086956522,profile,4768.990434782609,5349.240000000005,8000.0,,,,,,none,,,,,0.0,0.0,11905.043478260868,12093.334085790262,0.0,A_OBSERVED,B_RECOVERED,0.3,0.0,0.0,0.0,11905.043478260868,12093.334085790262,1.5816036948812573,
D7_I210_E,L210E-173,MD,4,0.315,72,0,23,67.2558695652174,47.55708144416316,47.079108695652174,4768.990434782609,1192.2476086956522,profile,4768.990434782609,5349.240000000005,8000.0,,,,,,none,,,,,0.0,0.0,20989.304347826088,24472.705324898685,0.0,A_OBSERVED,B_RECOVERED,0.3,0.0,0.0,0.0,20989.304347826088,24472.705324898685,16.596076360355323,
D7_I210_E,L210E-173,PM,4,0.315,48,0,23,67.2558695652174,47.55708144416316,47.079108695652174,4768.990434782609,1192.2476086956522,profile,4768.990434782609,5349.240000000005,8000.0,,,,,,none,,,,,0.0,0.0,15209.652173913044,9504.4335007546,0.0,A_OBSERVED,B_RECOVERED,0.3,0.0,0.0,0.0,15209.652173913044,9504.4335007546,-37.51051377061597,
D7_I210_E,L210E-173,NT,4,0.315,132,0,23,67.2558695652174,47.55708144416316,47.079108695652174,4768.990434782609,1192.2476086956522,profile,4768.990434782609,5349.240000000005,8000.0,,,,,,none,,,,,0.0,0.0,10673.17391304348,33422.39943916873,0.0,A_OBSERVED,B_RECOVERED,0.3,0.0,0.0,0.0,10673.17391304348,33422.39943916873,213.14395990796947,
D7_I210_E,L210E-203,AM,4,0.174,36,0,23,66.28673913043478,46.871802741874106,46.40071739130435,4164.007826086957,1041.0019565217392,profile,4164.007826086957,4702.620000000003,8000.0,,,,,,none,,,,,0.0,0.0,9299.0,10557.414699156467,0.0,A_OBSERVED,B_RECOVERED,0.3,0.0,0.0,0.0,9299.0,10557.414699156467,13.53279599049862,
D7_I210_E,L210E-203,MD,4,0.174,72,0,23,66.28673913043478,46.871802741874106,46.40071739130435,4164.007826086957,1041.0019565217392,profile,4164.007826086957,4702.620000000003,8000.0,,,,,,none,,,,,0.0,0.0,17022.217391304344,21568.22447650817,0.0,A_OBSERVED,B_RECOVERED,0.3,0.0,0.0,0.0,17022.217391304344,21568.22447650817,26.706315521067868,
D7_I210_E,L210E-203,PM,4,0.174,48,0,23,66.28673913043478,46.871802741874106,46.40071739130435,4164.007826086957,1041.0019565217392,profile,4164.007826086957,4702.620000000003,8000.0,,,,,,none,,,,,0.0,0.0,12534.652173913044,9972.625060560722,0.0,A_OBSERVED,B_RECOVERED,0.3,0.0,0.0,0.0,12534.652173913044,9972.625060560722,-20.439554905914182,
D7_I210_E,L210E-203,NT,4,0.174,132,0,23,66.28673913043478,46.871802741874106,46.40071739130435,4164.007826086957,1041.0019565217392,profile,4164.007826086957,4702.620000000003,8000.0,,,,,,none,,,,,0.0,0.0,9654.130434782608,25889.56470783719,0.0,A_OBSERVED,B_RECOVERED,0.3,0.0,0.0,0.0,9654.130434782608,25889.56470783719,168.1708609877527,
D7_I210_E,L210E-206,AM,6,0.3567,36,0,23,67.37575,47.64184971252953,47.163025,3427.1730000000002,571.1955,profile,3427.1730000000002,4310.459999999999,12000.0,,,,,,none,,,,,0.0,0.0,9059.599999999999,8320.033443473263,0.0,A_OBSERVED,B_RECOVERED,0.3,0.0,0.0,0.0,9059.599999999999,8320.033443473263,-8.163346687786829,
D7_I210_E,L210E-206,MD,6,0.3567,72,0,23,67.37575,47.64184971252953,47.163025,3427.1730000000002,571.1955,profile,3427.1730000000002,4310.459999999999,12000.0,,,,,,none,,,,,0.0,0.0,16494.9,15051.41270612473,0.0,A_OBSERVED,B_RECOVERED,0.3,0.0,0.0,0.0,16494.9,15051.41270612473,-8.751112731057905,
D7_I210_E,L210E-206,PM,6,0.3567,48,0,23,67.37575,47.64184971252953,47.163025,3427.1730000000002,571.1955,profile,3427.1730000000002,4310.459999999999,12000.0,,,,,,none,,,,,0.0,0.0,12222.0,5937.3390180306815,0.0,A_OBSERVED,B_RECOVERED,0.3,0.0,0.0,0.0,12222.0,5937.3390180306815,-51.42088841408378,
D7_I210_E,L210E-206,NT,6,0.3567,132,0,23,67.37575,47.64184971252953,47.163025,3427.1730000000002,571.1955,profile,3427.1730000000002,4310.459999999999,12000.0,,,,,,none,,,,,0.0,0.0,9111.4,21954.0183279832,0.0,A_OBSERVED,B_RECOVERED,0.3,0.0,0.0,0.0,9111.4,21954.0183279832,140.95109783329897,
D7_I210_E,L210E-220,AM,4,0.5325,36,0,23,67.58673913043478,47.79104155741662,47.310717391304344,6306.12,1576.53,profile,6306.12,6900.0,8000.0,,,,,,none,,,,,0.0,0.0,16883.086956521736,16370.276049429685,0.0,A_OBSERVED,B_RECOVERED,0.3,0.0,0.0,0.0,16883.086956521736,16370.276049429685,-3.0374238337613857,
D7_I210_E,L210E-220,MD,4,0.5325,72,11,23,67.58673913043478,47.79104155741662,47.310717391304344,6306.12,1576.53,profile,6306.12,6900.0,8000.0,,,,,,spillover_from_PM,,,,,5283.826086956522,5756.782450189494,35394.0,36210.691613217874,0.8378886045550231,A_OBSERVED,B_RECOVERED,0.3,0.8378886045550231,5283.826086956522,5756.782450189494,35394.0,36210.691613217874,2.307429545171142,8.951020632577144
D7_I210_E,L210E-220,PM,4,0.5325,48,46,23,67.58673913043478,47.79104155741662,47.310717391304344,6306.12,1576.53,profile,6306.12,6900.0,8000.0,16:40,17:20,19:05,2.4166666666666665,normal,own_episode,41.443478260869554,0.13281910353263682,5927.478260869565,0.9399564646517297,22697.521739130436,24074.19242763847,23692.173913043476,25125.205901778114,3.5992847803610517,A_OBSERVED,B_RECOVERED,0.3,3.5992847803610517,22697.521739130436,24074.19242763847,23692.173913043476,25125.205901778114,6.0485457940425515,6.065290758746846
D7_I210_E,L210E-220,NT,4,0.5325,132,1,23,67.58673913043478,47.79104155741662,47.310717391304344,6306.12,1576.53,profile,6306.12,6900.0,8000.0,,,,,,spillover_from_PM,,,,,465.69565217391306,525.4501377336768,32147.739130434784,38079.10016676086,0.07384820653173632,A_OBSERVED,B_RECOVERED,0.3,0.07384820653173632,465.69565217391306,525.4501377336768,32147.739130434784,38079.10016676086,18.450320914514197,12.831231144380226
D7_I210_E,L210E-224,AM,4,0.2871,36,0,23,70.12804347826086,49.5880150948233,49.0896304347826,6005.872173913043,1501.4680434782608,profile,6005.872173913043,6408.0,8000.0,,,,,,none,,,,,0.0,0.0,14457.260869565218,15949.660664692386,0.0,A_OBSERVED,B_RECOVERED,0.3,0.0,0.0,0.0,14457.260869565218,15949.660664692386,10.322839219626328,
D7_I210_E,L210E-224,MD,4,0.2871,72,13,23,70.12804347826086,49.5880150948233,49.0896304347826,6005.872173913043,1501.4680434782608,profile,6005.872173913043,6408.0,8000.0,13:55,14:10,16:25,2.5,normal,own_episode,44.89130434782609,0.09471463493781818,5768.869565217391,0.960538186322864,6161.391304347826,6481.888952175281,31839.391304347828,35233.71784502936,1.025894512225933,A_OBSERVED,B_RECOVERED,0.3,1.025894512225933,6161.391304347826,6481.888952175281,31839.391304347828,35233.71784502936,10.660777111709475,5.201709029603322
D7_I210_E,L210E-224,PM,4,0.2871,48,38,23,70.12804347826086,49.5880150948233,49.0896304347826,6005.872173913043,1501.4680434782608,profile,6005.872173913043,6408.0,8000.0,18:20,18:45,19:35,1.25,normal,own_episode,45.108695652173914,0.09033068643872777,5633.739130434782,0.9380384675693484,18453.82608695652,18973.55795657445,23378.695652173912,23978.011745570955,3.0726305110375307,A_OBSERVED,B_RECOVERED,0.3,3.0726305110375307,18453.82608695652,18973.55795657445,23378.695652173912,23978.011745570955,2.5635138175098082,2.8163908512462004
D7_I210_E,L210E-224,NT,4,0.2871,132,7,23,70.12804347826086,49.5880150948233,49.0896304347826,6005.872173913043,1501.4680434782608,profile,6005.872173913043,6408.0,8000.0,,,,,,spillover_from_PM,,,,,3259.9565217391305,3498.365162511873,27377.0,39689.304580362674,0.542794855990941,A_OBSERVED,B_RECOVERED,0.3,0.542794855990941,3259.9565217391305,3498.365162511873,27377.0,39689.304580362674,44.97316937707811,7.313246025918034
D7_I210_E,L210E-231,AM,5,0.4281,36,0,23,69.42690476190477,49.09223515393547,48.59883333333333,6066.0771428571425,1213.2154285714284,profile,6066.0771428571425,6696.0,10000.0,,,,,,none,,,,,0.0,0.0,15810.095238095239,16186.610845075582,0.0,A_OBSERVED,B_RECOVERED,0.3,0.0,0.0,0.0,15810.095238095239,16186.610845075582,2.381488544566826,
D7_I210_E,L210E-231,MD,5,0.4281,72,23,23,69.42690476190477,49.09223515393547,48.59883333333333,6066.0771428571425,1213.2154285714284,profile,6066.0771428571425,6696.0,10000.0,,,,,,spillover_from_PM,,,,,10581.238095238094,11014.00827798395,33791.428571428565,34975.09897937508,1.7443296295197286,A_OBSERVED,B_RECOVERED,0.3,1.7443296295197286,10581.238095238094,11014.00827798395,33791.428571428565,34975.09897937508,3.502871757683939,4.089976795254401
D7_I210_E,L210E-231,PM,5,0.4281,48,48,23,69.42690476190477,49.09223515393547,48.59883333333333,6066.0771428571425,1213.2154285714284,profile,6066.0771428571425,6696.0,10000.0,13:05,15:45,20:10,7.083333333333333,long,own_episode,27.46190476190476,0.44060593949747506,5561.714285714285,0.9168551857707994,22118.42857142857,22034.82282373571,22118.42857142857,22034.82282373571,3.6462491410075795,A_OBSERVED,B_RECOVERED,0.3,3.6462491410075795,22118.42857142857,22034.82282373571,22118.42857142857,22034.82282373571,-0.3779913542359681,-0.3779913542359681
D7_I210_E,L210E-231,NT,5,0.4281,132,14,23,69.42690476190477,49.09223515393547,48.59883333333333,6066.0771428571425,1213.2154285714284,profile,6066.0771428571425,6696.0,10000.0,,,,,,spillover_from_PM,,,,,6465.285714285715,6912.683067410277,31187.904761904756,39863.43369725904,1.0658100057132711,A_OBSERVED,B_RECOVERED,0.3,1.0658100057132711,6465.285714285715,6912.683067410277,31187.904761904756,39863.43369725904,27.816966229649466,6.9199935299996325
D7_I210_E,L210E-237,AM,4,0.4816,36,0,23,67.79659090909091,47.939429173148426,47.45761363636363,6006.692727272727,1501.6731818181818,profile,6006.692727272727,6816.0,8000.0,,,,,,none,,,,,0.0,0.0,15729.363636363634,14951.963934299765,0.0,A_OBSERVED,B_RECOVERED,0.3,0.0,0.0,0.0,15729.363636363634,14951.963934299765,-4.942346810945689,
D7_I210_E,L210E-237,MD,4,0.4816,72,14,23,67.79659090909091,47.939429173148426,47.45761363636363,6006.692727272727,1501.6731818181818,profile,6006.692727272727,6816.0,8000.0,,,,,,spillover_from_PM,,,,,5953.181818181817,6733.2249471999585,33193.681818181816,33877.23362326116,0.9910914522316167,A_OBSERVED,B_RECOVERED,0.3,0.9910914522316167,5953.181818181817,6733.2249471999585,33193.681818181816,33877.23362326116,2.0592828744442926,13.102961623577242
D7_I210_E,L210E-237,PM,4,0.4816,48,48,23,67.79659090909091,47.939429173148426,47.45761363636363,6006.692727272727,1501.6731818181818,profile,6006.692727272727,6816.0,8000.0,13:50,15:50,19:10,5.333333333333333,normal,own_episode,28.863636363636367,0.3979144753812941,5180.181818181818,0.862401666504726,20520.0,22435.167101015708,20520.0,22435.167101015708,3.416189396010087,A_OBSERVED,B_RECOVERED,0.3,3.416189396010087,20520.0,22435.167101015708,20520.0,22435.167101015708,9.33317300689916,9.33317300689916
D7_I210_E,L210E-237,NT,4,0.4816,132,2,23,67.79659090909091,47.939429173148426,47.45761363636363,6006.692727272727,1501.6731818181818,profile,6006.692727272727,6816.0,8000.0,,,,,,spillover_from_PM,,,,,878.4545454545455,996.4486729018942,31758.363636363636,40193.54931477863,0.1462459601880448,A_OBSERVED,B_RECOVERED,0.3,0.1462459601880448,878.4545454545455,996.4486729018942,31758.363636363636,40193.54931477863,26.56051733331949,13.432012852331937
D7_I210_E,L210E-243,AM,4,0.5648,36,0,23,67.37195652173914,47.63916731832699,47.160369565217394,4611.550434782608,1152.887608695652,profile,4611.550434782608,5760.0,8000.0,,,,,,none,,,,,0.0,0.0,11201.521739130434,11511.745048629513,0.0,A_OBSERVED,B_RECOVERED,0.3,0.0,0.0,0.0,11201.521739130434,11511.745048629513,2.7694746903482885,
D7_I210_E,L210E-243,MD,4,0.5648,72,0,23,67.37195652173914,47.63916731832699,47.160369565217394,4611.550434782608,1152.887608695652,profile,4611.550434782608,5760.0,8000.0,,,,,,none,,,,,0.0,0.0,21151.521739130432,24170.44212254249,0.0,A_OBSERVED,B_RECOVERED,0.3,0.0,0.0,0.0,21151.521739130432,24170.44212254249,14.272828312995737,
D7_I210_E,L210E-243,PM,4,0.5648,48,0,23,67.37195652173914,47.63916731832699,47.160369565217394,4611.550434782608,1152.887608695652,profile,4611.550434782608,5760.0,8000.0,,,,,,none,,,,,0.0,0.0,15964.130434782608,13010.815556810969,0.0,A_OBSERVED,B_RECOVERED,0.3,0.0,0.0,0.0,15964.130434782608,13010.815556810969,-18.499691480451478,
D7_I210_E,L210E-243,NT,4,0.5648,132,0,23,67.37195652173914,47.63916731832699,47.160369565217394,4611.550434782608,1152.887608695652,profile,4611.550434782608,5760.0,8000.0,,,,,,none,,,,,0.0,0.0,11285.608695652172,31694.905634516683,0.0,A_OBSERVED,B_RECOVERED,0.3,0.0,0.0,0.0,11285.608695652172,31694.905634516683,180.84356359730316,
D7_I210_E,L210E-245,AM,4,0.2989,36,0,23,69.76409090909091,49.33066176513296,48.834863636363636,5803.914545454545,1450.9786363636363,profile,5803.914545454545,6252.0,8000.0,,,,,,none,,,,,0.0,0.0,13062.181818181816,14806.101004190521,0.0,A_OBSERVED,B_RECOVERED,0.3,0.0,0.0,0.0,13062.181818181816,14806.101004190521,13.350902707396617,
D7_I210_E,L210E-245,MD,4,0.2989,72,16,23,69.76409090909091,49.33066176513296,48.834863636363636,5803.914545454545,1450.9786363636363,profile,5803.914545454545,6252.0,8000.0,,,,,,spillover_from_PM,,,,,6878.40909090909,7045.323366645376,31015.363636363636,32970.140620901526,1.1851327301667558,A_OBSERVED,B_RECOVERED,0.3,1.1851327301667558,6878.40909090909,7045.323366645376,31015.363636363636,32970.140620901526,6.302608627957635,2.4266407177917024
D7_I210_E,L210E-245,PM,4,0.2989,48,48,23,69.76409090909091,49.33066176513296,48.834863636363636,5803.914545454545,1450.9786363636363,profile,5803.914545454545,6252.0,8000.0,13:40,17:35,20:00,6.333333333333333,long,own_episode,19.059090909090912,0.6136461537890431,4947.818181818182,0.8524967318295834,18503.31818181818,17821.059140812045,18503.31818181818,17821.059140812045,3.1880755715656486,A_OBSERVED,B_RECOVERED,0.3,3.1880755715656486,18503.31818181818,17821.059140812045,18503.31818181818,17821.059140812045,-3.687225363051582,-3.687225363051582
D7_I210_E,L210E-245,NT,4,0.2989,132,12,23,69.76409090909091,49.33066176513296,48.834863636363636,5803.914545454545,1450.9786363636363,profile,5803.914545454545,6252.0,8000.0,,,,,,spillover_from_PM,,,,,5117.590909090909,5536.925865930964,25129.681818181816,37789.70120000569,0.8817481492898367,A_OBSERVED,B_RECOVERED,0.3,0.8817481492898367,5117.590909090909,5536.925865930964,25129.681818181816,37789.70120000569,50.37874921545607,8.193991358221837
D7_I210_E,L210E-260,AM,4,0.0255,36,0,23,67.64518398268399,47.83236830876748,47.35162878787879,4773.687272727273,1193.4218181818183,profile,4773.687272727273,5415.959999999999,8000.0,,,,,,none,,,,,0.0,0.0,12227.227272727274,11047.81651107419,0.0,A_OBSERVED,B_RECOVERED,0.3,0.0,0.0,0.0,12227.227272727274,11047.81651107419,-9.645774429037965,
D7_I210_E,L210E-260,MD,4,0.0255,72,0,23,67.64518398268399,47.83236830876748,47.35162878787879,4773.687272727273,1193.4218181818183,profile,4773.687272727273,5415.959999999999,8000.0,,,,,,none,,,,,0.0,0.0,25755.04545454545,25686.350947828592,0.0,A_OBSERVED,B_RECOVERED,0.3,0.0,0.0,0.0,25755.04545454545,25686.350947828592,-0.26672252176022676,
D7_I210_E,L210E-260,PM,4,0.0255,48,0,23,67.64518398268399,47.83236830876748,47.35162878787879,4773.687272727273,1193.4218181818183,profile,4773.687272727273,5415.959999999999,8000.0,,,,,,none,,,,,0.0,0.0,17522.272727272724,17716.12524822922,0.0,A_OBSERVED,B_RECOVERED,0.3,0.0,0.0,0.0,17522.272727272724,17716.12524822922,1.106320646720504,
D7_I210_E,L210E-260,NT,4,0.0255,132,0,23,67.64518398268399,47.83236830876748,47.35162878787879,4773.687272727273,1193.4218181818183,profile,4773.687272727273,5415.959999999999,8000.0,,,,,,none,,,,,0.0,0.0,24054.978354978353,30077.570440022842,0.0,A_OBSERVED,B_RECOVERED,0.3,0.0,0.0,0.0,24054.978354978353,30077.570440022842,25.036780312870537,
D7_I210_E,L210E-304,AM,5,0.0354,36,0,23,71.25478260869566,50.38473997458198,49.87834782608696,7985.3060869565215,1597.0612173913044,profile,7985.3060869565215,8386.739999999994,10000.0,,,,,,none,,,,,0.0,0.0,19690.08695652174,18885.438964133496,0.0,A_OBSERVED,B_RECOVERED,0.3,0.0,0.0,0.0,19690.08695652174,18885.438964133496,-4.086563935268597,
D7_I210_E,L210E-304,MD,5,0.0354,72,4,23,71.25478260869566,50.38473997458198,49.87834782608696,7985.3060869565215,1597.0612173913044,profile,7985.3060869565215,8386.739999999994,10000.0,,,,,,spillover_from_PM,,,,,2344.130434782609,2659.4539504800377,42051.077075098816,42669.09047905013,0.29355548920179697,A_OBSERVED,B_RECOVERED,0.3,0.29355548920179697,2344.130434782609,2659.4539504800377,42051.077075098816,42669.09047905013,1.4696731854159335,13.45161988507996
D7_I210_E,L210E-304,PM,5,0.0354,48,30,23,71.25478260869566,50.38473997458198,49.87834782608696,7985.3060869565215,1597.0612173913044,profile,7985.3060869565215,8386.739999999994,10000.0,14:40,15:25,17:00,2.333333333333333,normal,own_episode,47.11304347826088,0.06493427371008775,7073.217391304348,0.8857791190819835,17769.17391304348,19936.261945250546,28501.739130434784,31802.84037585206,2.225233913333425,A_OBSERVED,B_RECOVERED,0.3,2.225233913333425,17769.17391304348,19936.261945250546,28501.739130434784,31802.84037585206,11.58210462284489,12.195772537384606
D7_I210_E,L210E-304,NT,5,0.0354,132,0,23,71.25478260869566,50.38473997458198,49.87834782608696,7985.3060869565215,1597.0612173913044,profile,7985.3060869565215,8386.739999999994,10000.0,,,,,,none,,,,,0.0,0.0,31342.695652173912,43206.78883839328,0.0,A_OBSERVED,B_RECOVERED,0.3,0.0,0.0,0.0,31342.695652173912,43206.78883839328,37.85281686642827,
D7_I210_E,L210E-314,AM,6,0.1964,36,0,23,68.21875,48.23794072906979,47.753125,6316.659,1052.7765,profile,6316.659,7968.0,12000.0,,,,,,none,,,,,0.0,0.0,15997.35,16539.231525272247,0.0,A_OBSERVED,B_RECOVERED,0.3,0.0,0.0,0.0,15997.35,16539.231525272247,3.387320557918949,
D7_I210_E,L210E-314,MD,6,0.1964,72,17,23,68.21875,48.23794072906979,47.753125,6316.659,1052.7765,profile,6316.659,7968.0,12000.0,,,,,,spillover_from_PM,,,,,7662.5,8798.334851058313,33449.899999999994,36450.75004682499,1.2130621583340182,A_OBSERVED,B_RECOVERED,0.3,1.2130621583340182,7662.5,8798.334851058313,33449.899999999994,36450.75004682499,8.971177931249418,14.82329332539397
D7_I210_E,L210E-314,PM,6,0.1964,48,48,23,68.21875,48.23794072906979,47.753125,6316.659,1052.7765,profile,6316.659,7968.0,12000.0,13:35,16:00,19:25,5.833333333333333,normal,own_episode,36.19500000000001,0.24965702405725432,5417.4,0.8576369248363731,21488.0,24481.53247675357,21488.0,24481.53247675357,3.401798324082399,A_OBSERVED,B_RECOVERED,0.3,3.401798324082399,21488.0,24481.53247675357,21488.0,24481.53247675357,13.93118241229324,13.93118241229324
D7_I210_E,L210E-314,NT,6,0.1964,132,5,23,68.21875,48.23794072906979,47.753125,6316.659,1052.7765,profile,6316.659,7968.0,12000.0,,,,,,spillover_from_PM,,,,,2243.25,2624.967065472807,31344.7,42490.32850861727,0.355132357152729,A_OBSERVED,B_RECOVERED,0.3,0.355132357152729,2243.25,2624.967065472807,31344.7,42490.32850861727,35.558255490137945,17.016251664897226
D7_I210_E,L210E-319,AM,4,0.0671,36,0,23,68.32704545454544,48.31451717935055,47.82893181818181,6319.041818181818,1579.7604545454544,profile,6319.041818181818,7092.0,8000.0,,,,,,none,,,,,0.0,0.0,15992.590909090908,15740.877627079573,0.0,A_OBSERVED,B_RECOVERED,0.3,0.0,0.0,0.0,15992.590909090908,15740.877627079573,-1.5739368526474944,
D7_I210_E,L210E-319,MD,4,0.0671,72,17,23,68.32704545454544,48.31451717935055,47.82893181818181,6319.041818181818,1579.7604545454544,profile,6319.041818181818,7092.0,8000.0,,,,,,spillover_from_PM,,,,,8162.318181818181,8356.955274543172,34839.63636363636,35970.46680406036,1.291701877701251,A_OBSERVED,B_RECOVERED,0.3,1.291701877701251,8162.318181818181,8356.955274543172,34839.63636363636,35970.46680406036,3.245815853589947,2.384581051478134
D7_I210_E,L210E-319,PM,4,0.0671,48,48,23,68.32704545454544,48.31451717935055,47.82893181818181,6319.041818181818,1579.7604545454544,profile,6319.041818181818,7092.0,8000.0,13:35,17:30,19:35,6.0,normal,own_episode,15.490909090909096,0.6793736128334973,5106.545454545455,0.8081202184565959,19010.363636363636,18895.746304946737,19010.363636363636,18895.746304946737,3.008425040275094,A_OBSERVED,B_RECOVERED,0.3,3.008425040275094,19010.363636363636,18895.746304946737,19010.363636363636,18895.746304946737,-0.6029202471311773,-0.6029202471311773
D7_I210_E,L210E-319,NT,4,0.0671,132,7,23,68.32704545454544,48.31451717935055,47.82893181818181,6319.041818181818,1579.7604545454544,profile,6319.041818181818,7092.0,8000.0,,,,,,spillover_from_PM,,,,,3312.590909090909,3542.5292323704334,27850.848484848484,43354.19486025159,0.5242236092756296,A_OBSERVED,B_RECOVERED,0.3,0.5242236092756296,3312.590909090909,3542.5292323704334,27850.848484848484,43354.19486025159,55.665616018259875,6.9413437876827215
D7_I210_W,L210W-001,AM,5,0.2442,36,19,23,71.01113636363637,50.21245606248991,49.707795454545455,7215.166363636364,1443.0332727272728,profile,7215.166363636364,7500.0,10000.0,07:25,08:00,09:45,2.333333333333333,normal,own_episode,25.995454545454542,0.48229071859972483,5917.636363636364,0.8201663087715612,9157.31818181818,10206.09512448113,18935.971861471862,19600.365772648758,1.269176304509075,A_OBSERVED,B_RECOVERED,0.3,1.269176304509075,9157.31818181818,10206.09512448113,18935.971861471862,19600.365772648758,3.5086338110203217,11.45288305854974
D7_I210_W,L210W-001,MD,5,0.2442,72,9,23,71.01113636363637,50.21245606248991,49.707795454545455,7215.166363636364,1443.0332727272728,profile,7215.166363636364,7500.0,10000.0,,,,,,spillover_from_AM,,,,,4526.863636363636,5238.418021694948,36090.72077922078,42448.595168512125,0.627409460602118,A_OBSERVED,B_RECOVERED,0.3,0.627409460602118,4526.863636363636,5238.418021694948,36090.72077922078,42448.595168512125,17.61636856239206,15.718485081271263
D7_I210_W,L210W-001,PM,5,0.2442,48,32,23,71.01113636363637,50.21245606248991,49.707795454545455,7215.166363636364,1443.0332727272728,profile,7215.166363636364,7500.0,10000.0,15:25,16:25,18:05,2.6666666666666665,normal,own_episode,40.940909090909095,0.18464635468223833,5748.0,0.7966552273789944,15428.201298701297,18904.70418522743,23321.94372294372,28449.627935831697,2.138301533344777,A_OBSERVED,B_RECOVERED,0.3,2.138301533344777,15428.201298701297,18904.70418522743,23321.94372294372,28449.627935831697,21.986521680195334,22.533429654037352
D7_I210_W,L210W-001,NT,5,0.2442,132,0,23,71.01113636363637,50.21245606248991,49.707795454545455,7215.166363636364,1443.0332727272728,profile,7215.166363636364,7500.0,10000.0,,,,,,none,,,,,0.0,0.0,28965.132034632035,44521.28069986435,0.0,A_OBSERVED,B_RECOVERED,0.3,0.0,0.0,0.0,28965.132034632035,44521.28069986435,53.70646557603354,
D7_I210_W,L210W-004,AM,4,0.3244,36,0,23,66.96,47.34787006825122,46.87199999999999,4798.291304347827,1199.5728260869566,profile,4798.291304347827,5268.0,8000.0,,,,,,none,,,,,0.0,0.0,10801.652173913044,11606.907916903965,0.0,A_OBSERVED,B_RECOVERED,0.3,0.0,0.0,0.0,10801.652173913044,11606.907916903965,7.454931245941114,
D7_I210_W,L210W-004,MD,4,0.3244,72,0,23,66.96,47.34787006825122,46.87199999999999,4798.291304347827,1199.5728260869566,profile,4798.291304347827,5268.0,8000.0,,,,,,none,,,,,0.0,0.0,21415.521739130432,27711.053020204523,0.0,A_OBSERVED,B_RECOVERED,0.3,0.0,0.0,0.0,21415.521739130432,27711.053020204523,29.39704835474962,
D7_I210_W,L210W-004,PM,4,0.3244,48,0,23,66.96,47.34787006825122,46.87199999999999,4798.291304347827,1199.5728260869566,profile,4798.291304347827,5268.0,8000.0,,,,,,none,,,,,0.0,0.0,17314.304347826084,17758.59272084313,0.0,A_OBSERVED,B_RECOVERED,0.3,0.0,0.0,0.0,17314.304347826084,17758.59272084313,2.5660191948331446,
D7_I210_W,L210W-004,NT,4,0.3244,132,0,23,66.96,47.34787006825122,46.87199999999999,4798.291304347827,1199.5728260869566,profile,4798.291304347827,5268.0,8000.0,,,,,,none,,,,,0.0,0.0,14818.565217391304,33119.66207672194,0.0,A_OBSERVED,B_RECOVERED,0.3,0.0,0.0,0.0,14818.565217391304,33119.66207672194,123.50113921860788,
D7_I210_W,L210W-022,AM,4,0.0261,36,0,23,68.93152173913042,48.74194645924704,48.25206521739129,5692.166086956522,1423.0415217391305,profile,5692.166086956522,6072.0,8000.0,,,,,,none,,,,,0.0,0.0,8129.043478260869,7162.645969039038,0.0,A_OBSERVED,B_RECOVERED,0.3,0.0,0.0,0.0,8129.043478260869,7162.645969039038,-11.888206918885642,
D7_I210_W,L210W-022,MD,4,0.0261,72,0,23,68.93152173913042,48.74194645924704,48.25206521739129,5692.166086956522,1423.0415217391305,profile,5692.166086956522,6072.0,8000.0,,,,,,none,,,,,0.0,0.0,18802.782608695652,29330.76978035539,0.0,A_OBSERVED,B_RECOVERED,0.3,0.0,0.0,0.0,18802.782608695652,29330.76978035539,55.99164437922555,
D7_I210_W,L210W-022,PM,4,0.0261,48,9,23,68.93152173913042,48.74194645924704,48.25206521739129,5692.166086956522,1423.0415217391305,profile,5692.166086956522,6072.0,8000.0,17:40,18:10,18:25,0.75,normal,own_episode,45.36521739130436,0.06927768202211515,4900.695652173913,0.8609544376092175,3874.260869565217,4259.660643233404,21112.478260869564,22371.75420982084,0.6806303277838297,A_OBSERVED,B_RECOVERED,0.3,0.6806303277838297,3874.260869565217,4259.660643233404,21112.478260869564,22371.75420982084,5.964605070951104,9.947698067926893
D7_I210_W,L210W-022,NT,4,0.0261,132,0,23,68.93152173913042,48.74194645924704,48.25206521739129,5692.166086956522,1423.0415217391305,profile,5692.166086956522,6072.0,8000.0,,,,,,none,,,,,0.0,0.0,11967.478260869564,40613.00642735437,0.0,A_OBSERVED,B_RECOVERED,0.3,0.0,0.0,0.0,11967.478260869564,40613.00642735437,239.36143891021703,
D7_I210_W,L210W-028,AM,5,0.0304,36,7,23,66.03847826086957,46.69625579750127,46.226934782608694,4939.252173913043,987.8504347826087,profile,4939.252173913043,5626.620000000003,10000.0,08:25,08:45,09:10,0.75,normal,own_episode,39.72173913043479,0.1493592269434092,4196.347826086957,0.8495917354149722,2615.0434782608695,2844.411062788164,12104.260869565216,12633.751399359608,0.5294411757456683,A_OBSERVED,B_RECOVERED,0.3,0.5294411757456683,2615.0434782608695,2844.411062788164,12104.260869565216,12633.751399359608,4.374414394238107,8.771081109513146
D7_I210_W,L210W-028,MD,5,0.0304,72,2,23,66.03847826086957,46.69625579750127,46.226934782608694,4939.252173913043,987.8504347826087,profile,4939.252173913043,5626.620000000003,10000.0,,,,,,spillover_from_AM,,,,,662.0,820.9829147040309,22305.869565217396,29254.80831075496,0.13402838662427335,A_OBSERVED,B_RECOVERED,0.3,0.13402838662427335,662.0,820.9829147040309,22305.869565217396,29254.80831075496,31.15296054798678,24.015546027799232
D7_I210_W,L210W-028,PM,5,0.0304,48,0,23,66.03847826086957,46.69625579750127,46.226934782608694,4939.252173913043,987.8504347826087,profile,4939.252173913043,5626.620000000003,10000.0,,,,,,none,,,,,0.0,0.0,15602.434782608692,18452.111722886635,0.0,A_OBSERVED,B_RECOVERED,0.3,0.0,0.0,0.0,15602.434782608692,18452.111722886635,18.26430925674719,
D7_I210_W,L210W-028,NT,5,0.0304,132,0,23,66.03847826086957,46.69625579750127,46.226934782608694,4939.252173913043,987.8504347826087,profile,4939.252173913043,5626.620000000003,10000.0,,,,,,none,,,,,0.0,0.0,12307.260869565216,33947.85928607131,0.0,A_OBSERVED,B_RECOVERED,0.3,0.0,0.0,0.0,12307.260869565216,33947.85928607131,175.8360259513261,
D7_I210_W,L210W-038,AM,4,0.1939,36,0,23,67.71717391304348,47.883272876701824,47.40202173913043,5677.100869565217,1419.2752173913043,profile,5677.100869565217,6216.0,8000.0,,,,,,none,,,,,0.0,0.0,9837.695652173912,10704.906387294268,0.0,A_OBSERVED,B_RECOVERED,0.3,0.0,0.0,0.0,9837.695652173912,10704.906387294268,8.815181580950021,
D7_I210_W,L210W-038,MD,4,0.1939,72,0,23,67.71717391304348,47.883272876701824,47.40202173913043,5677.100869565217,1419.2752173913043,profile,5677.100869565217,6216.0,8000.0,,,,,,none,,,,,0.0,0.0,21328.73913043478,31300.31554441025,0.0,A_OBSERVED,B_RECOVERED,0.3,0.0,0.0,0.0,21328.73913043478,31300.31554441025,46.751832600112074,
D7_I210_W,L210W-038,PM,4,0.1939,48,0,23,67.71717391304348,47.883272876701824,47.40202173913043,5677.100869565217,1419.2752173913043,profile,5677.100869565217,6216.0,8000.0,,,,,,none,,,,,0.0,0.0,19623.130434782608,19706.322614143355,0.0,A_OBSERVED,B_RECOVERED,0.3,0.0,0.0,0.0,19623.130434782608,19706.322614143355,0.42394958152694323,
D7_I210_W,L210W-038,NT,4,0.1939,132,0,23,67.71717391304348,47.883272876701824,47.40202173913043,5677.100869565217,1419.2752173913043,profile,5677.100869565217,6216.0,8000.0,,,,,,none,,,,,0.0,0.0,12713.739130434784,39428.4285097925,0.0,A_OBSERVED,B_RECOVERED,0.3,0.0,0.0,0.0,12713.739130434784,39428.4285097925,210.12456764514508,
D7_I210_W,L210W-052,AM,4,0.0547,36,0,23,68.92456521739129,48.73702745555183,48.2471956521739,6115.095652173913,1528.7739130434782,profile,6115.095652173913,6453.240000000005,8000.0,,,,,,none,,,,,0.0,0.0,8761.652173913044,7345.744908986768,0.0,A_OBSERVED,B_RECOVERED,0.3,0.0,0.0,0.0,8761.652173913044,7345.744908986768,-16.160277043889057,
D7_I210_W,L210W-052,MD,4,0.0547,72,0,23,68.92456521739129,48.73702745555183,48.2471956521739,6115.095652173913,1528.7739130434782,profile,6115.095652173913,6453.240000000005,8000.0,,,,,,none,,,,,0.0,0.0,20450.0,33385.62873638206,0.0,A_OBSERVED,B_RECOVERED,0.3,0.0,0.0,0.0,20450.0,33385.62873638206,63.25490824636704,
D7_I210_W,L210W-052,PM,4,0.0547,48,0,23,68.92456521739129,48.73702745555183,48.2471956521739,6115.095652173913,1528.7739130434782,profile,6115.095652173913,6453.240000000005,8000.0,,,,,,none,,,,,0.0,0.0,22588.565217391304,23469.464201410246,0.0,A_OBSERVED,B_RECOVERED,0.3,0.0,0.0,0.0,22588.565217391304,23469.464201410246,3.8997562507455057,
D7_I210_W,L210W-052,NT,4,0.0547,132,0,23,68.92456521739129,48.73702745555183,48.2471956521739,6115.095652173913,1528.7739130434782,profile,6115.095652173913,6453.240000000005,8000.0,,,,,,none,,,,,0.0,0.0,13082.652173913044,48770.35634901089,0.0,A_OBSERVED,B_RECOVERED,0.3,0.0,0.0,0.0,13082.652173913044,48770.35634901089,272.78646333087977,
D7_I210_W,L210W-053,AM,4,2.6912,36,0,23,69.86866666666667,49.4046079924625,48.90806666666666,6132.416,1533.104,profile,6132.416,6724.859999999997,8000.0,,,,,,none,,,,,0.0,0.0,8863.8,6536.450659930066,0.0,A_OBSERVED,B_RECOVERED,0.3,0.0,0.0,0.0,8863.8,6536.450659930066,-26.25678986518123,
D7_I210_W,L210W-053,MD,4,2.6912,72,0,23,69.86866666666667,49.4046079924625,48.90806666666666,6132.416,1533.104,profile,6132.416,6724.859999999997,8000.0,,,,,,none,,,,,0.0,0.0,20576.533333333333,33735.44850985243,0.0,A_OBSERVED,B_RECOVERED,0.3,0.0,0.0,0.0,20576.533333333333,33735.44850985243,63.951079432812286,
D7_I210_W,L210W-053,PM,4,2.6912,48,0,23,69.86866666666667,49.4046079924625,48.90806666666666,6132.416,1533.104,profile,6132.416,6724.859999999997,8000.0,,,,,,none,,,,,0.0,0.0,22657.799999999996,23355.40486854851,0.0,A_OBSERVED,B_RECOVERED,0.3,0.0,0.0,0.0,22657.799999999996,23355.40486854851,3.078872920356411,
D7_I210_W,L210W-053,NT,4,2.6912,132,0,23,69.86866666666667,49.4046079924625,48.90806666666666,6132.416,1533.104,profile,6132.416,6724.859999999997,8000.0,,,,,,none,,,,,0.0,0.0,17249.799999999996,49342.75857104537,0.0,A_OBSERVED,B_RECOVERED,0.3,0.0,0.0,0.0,17249.799999999996,49342.75857104537,186.04829372540775,
D7_I210_W,L210W-054,AM,4,0.4219,36,0,23,68.08652173913043,48.14444122914442,47.6605652173913,4626.821739130435,1156.7054347826088,profile,4626.821739130435,4896.0,8000.0,,,,,,none,,,,,0.0,0.0,6706.130434782609,6681.049991065902,0.0,A_OBSERVED,B_RECOVERED,0.3,0.0,0.0,0.0,6706.130434782609,6681.049991065902,-0.3739927810920986,
D7_I210_W,L210W-054,MD,4,0.4219,72,0,23,68.08652173913043,48.14444122914442,47.6605652173913,4626.821739130435,1156.7054347826088,profile,4626.821739130435,4896.0,8000.0,,,,,,none,,,,,0.0,0.0,15202.95652173913,26370.690698436523,0.0,A_OBSERVED,B_RECOVERED,0.3,0.0,0.0,0.0,15202.95652173913,26370.690698436523,73.45764727228115,
D7_I210_W,L210W-054,PM,4,0.4219,48,0,23,68.08652173913043,48.14444122914442,47.6605652173913,4626.821739130435,1156.7054347826088,profile,4626.821739130435,4896.0,8000.0,,,,,,none,,,,,0.0,0.0,16926.65217391304,18260.34548121019,0.0,A_OBSERVED,B_RECOVERED,0.3,0.0,0.0,0.0,16926.65217391304,18260.34548121019,7.879250389232954,
D7_I210_W,L210W-054,NT,4,0.4219,132,0,23,68.08652173913043,48.14444122914442,47.6605652173913,4626.821739130435,1156.7054347826088,profile,4626.821739130435,4896.0,8000.0,,,,,,none,,,,,0.0,0.0,9440.521739130436,36114.86149922229,0.0,A_OBSERVED,B_RECOVERED,0.3,0.0,0.0,0.0,9440.521739130436,36114.86149922229,282.5515421412378,
D7_I210_W,L210W-106,AM,4,0.092,36,0,23,68.51956521739132,48.450649209171296,47.96369565217392,2276.5017391304345,569.1254347826086,profile,2276.5017391304345,2652.0,8000.0,,,,,,none,,,,,0.0,0.0,6076.043478260869,6156.482239961579,0.0,A_OBSERVED,B_RECOVERED,0.3,0.0,0.0,0.0,6076.043478260869,6156.482239961579,1.323867447435274,
D7_I210_W,L210W-106,MD,4,0.092,72,0,23,68.51956521739132,48.450649209171296,47.96369565217392,2276.5017391304345,569.1254347826086,profile,2276.5017391304345,2652.0,8000.0,,,,,,none,,,,,0.0,0.0,10777.130434782608,12427.636520308335,0.0,A_OBSERVED,B_RECOVERED,0.3,0.0,0.0,0.0,10777.130434782608,12427.636520308335,15.314893844086805,
D7_I210_W,L210W-106,PM,4,0.092,48,0,23,68.51956521739132,48.450649209171296,47.96369565217392,2276.5017391304345,569.1254347826086,profile,2276.5017391304345,2652.0,8000.0,,,,,,none,,,,,0.0,0.0,7373.652173913042,6716.663578241953,0.0,A_OBSERVED,B_RECOVERED,0.3,0.0,0.0,0.0,7373.652173913042,6716.663578241953,-8.909948288521447,
D7_I210_W,L210W-106,NT,4,0.092,132,0,23,68.51956521739132,48.450649209171296,47.96369565217392,2276.5017391304345,569.1254347826086,profile,2276.5017391304345,2652.0,8000.0,,,,,,none,,,,,0.0,0.0,6793.130434782608,12570.375369401912,0.0,A_OBSERVED,B_RECOVERED,0.3,0.0,0.0,0.0,6793.130434782608,12570.375369401912,85.045399762064,
D7_I210_W,L210W-108,AM,4,0.5269,36,36,23,70.63931818181818,49.949540904757825,49.44752272727273,6825.485454545455,1706.3713636363636,profile,6825.485454545455,7359.899999999998,8000.0,06:00,06:35,11:05,5.083333333333333,normal,own_episode,24.045454545454536,0.5186050940627536,5667.545454545454,0.8303505285138559,15062.81818181818,18716.76331526333,15062.81818181818,18716.76331526333,2.2068493563028615,A_OBSERVED,B_RECOVERED,0.3,2.2068493563028615,15062.81818181818,18716.76331526333,15062.81818181818,18716.76331526333,24.25804447308343,24.25804447308343
D7_I210_W,L210W-108,MD,4,0.5269,72,25,23,70.63931818181818,49.949540904757825,49.44752272727273,6825.485454545455,1706.3713636363636,profile,6825.485454545455,7359.899999999998,8000.0,,,,,,spillover_from_AM,,,,,11960.090909090908,14041.488992339055,36064.77272727272,40287.861561807396,1.7522696354331906,A_OBSERVED,B_RECOVERED,0.3,1.7522696354331906,11960.090909090908,14041.488992339055,36064.77272727272,40287.861561807396,11.709733668558828,17.40286172629397
D7_I210_W,L210W-108,PM,4,0.5269,48,0,23,70.63931818181818,49.949540904757825,49.44752272727273,6825.485454545455,1706.3713636363636,profile,6825.485454545455,7359.899999999998,8000.0,,,,,,none,,,,,0.0,0.0,25720.40909090909,25719.527773338534,0.0,A_OBSERVED,B_RECOVERED,0.3,0.0,0.0,0.0,25720.40909090909,25719.527773338534,-0.003426530143589481,
D7_I210_W,L210W-108,NT,4,0.5269,132,0,23,70.63931818181818,49.949540904757825,49.44752272727273,6825.485454545455,1706.3713636363636,profile,6825.485454545455,7359.899999999998,8000.0,,,,,,none,,,,,0.0,0.0,33926.318181818184,48995.677165171524,0.0,A_OBSERVED,B_RECOVERED,0.3,0.0,0.0,0.0,33926.318181818184,48995.677165171524,44.41790265183955,
D7_I210_W,L210W-112,AM,4,0.2523,36,36,23,70.89318181818183,50.129049603527235,49.62522727272728,5944.7072727272725,1486.1768181818181,profile,5944.7072727272725,6396.0,8000.0,05:55,07:30,11:50,5.916666666666666,normal,own_episode,15.568181818181818,0.6894379218973584,4953.545454545454,0.833269869699219,12640.77272727273,13909.922748157835,12640.77272727273,13909.922748157835,2.126391115213564,A_OBSERVED,B_RECOVERED,0.3,2.126391115213564,12640.77272727273,13909.922748157835,12640.77272727273,13909.922748157835,10.040130047958915,10.040130047958915
D7_I210_W,L210W-112,MD,4,0.2523,72,34,23,70.89318181818183,50.129049603527235,49.62522727272728,5944.7072727272725,1486.1768181818181,profile,5944.7072727272725,6396.0,8000.0,,,,,,spillover_from_AM,,,,,14171.772727272724,16103.780420359357,30877.90909090909,34549.49092441573,2.3839311301818054,A_OBSERVED,B_RECOVERED,0.3,2.3839311301818054,14171.772727272724,16103.780420359357,30877.90909090909,34549.49092441573,11.890642668507665,13.632787727174032
D7_I210_W,L210W-112,PM,4,0.2523,48,0,23,70.89318181818183,50.129049603527235,49.62522727272728,5944.7072727272725,1486.1768181818181,profile,5944.7072727272725,6396.0,8000.0,,,,,,none,,,,,0.0,0.0,22087.454545454544,22810.930004101894,0.0,A_OBSERVED,B_RECOVERED,0.3,0.0,0.0,0.0,22087.454545454544,22810.930004101894,3.275504006849158,
D7_I210_W,L210W-112,NT,4,0.2523,132,1,23,70.89318181818183,50.129049603527235,49.62522727272728,5944.7072727272725,1486.1768181818181,profile,5944.7072727272725,6396.0,8000.0,,,,,,spillover_from_AM,,,,,397.3636363636363,495.06649606294565,29646.045454545456,41961.839483837495,0.0668432637863658,A_OBSERVED,B_RECOVERED,0.3,0.0668432637863658,397.3636363636363,495.06649606294565,29646.045454545456,41961.839483837495,41.542788727674065,24.587770686167985
D7_I210_W,L210W-113,AM,4,0.1268,36,36,23,69.39021739130436,49.06629326540002,48.57315217391305,6082.612173913043,1520.6530434782608,profile,6082.612173913043,6516.0,8000.0,05:55,07:20,11:30,5.583333333333333,normal,own_episode,13.808695652173911,0.7185706371279658,5088.260869565218,0.8365256117080134,13065.739130434778,13959.280634474397,13065.739130434778,13959.280634474397,2.148047377814222,A_OBSERVED,B_RECOVERED,0.3,2.148047377814222,13065.739130434778,13959.280634474397,13065.739130434778,13959.280634474397,6.838813289622786,6.838813289622786
D7_I210_W,L210W-113,MD,4,0.1268,72,30,23,69.39021739130436,49.06629326540002,48.57315217391305,6082.612173913043,1520.6530434782608,profile,6082.612173913043,6516.0,8000.0,,,,,,spillover_from_AM,,,,,12849.13043478261,14584.607178199167,31783.65217391304,35565.56678030903,2.1124362473559706,A_OBSERVED,B_RECOVERED,0.3,2.1124362473559706,12849.13043478261,14584.607178199167,31783.65217391304,35565.56678030903,11.898930260443958,13.506569586363756
D7_I210_W,L210W-113,PM,4,0.1268,48,0,23,69.39021739130436,49.06629326540002,48.57315217391305,6082.612173913043,1520.6530434782608,profile,6082.612173913043,6516.0,8000.0,,,,,,none,,,,,0.0,0.0,22770.304347826084,23248.93105065578,0.0,A_OBSERVED,B_RECOVERED,0.3,0.0,0.0,0.0,22770.304347826084,23248.93105065578,2.101977626291114,
D7_I210_W,L210W-113,NT,4,0.1268,132,1,23,69.39021739130436,49.06629326540002,48.57315217391305,6082.612173913043,1520.6530434782608,profile,6082.612173913043,6516.0,8000.0,,,,,,spillover_from_AM,,,,,409.5652173913043,506.82833910073214,30246.086956521736,39606.756510944644,0.06733377136024511,A_OBSERVED,B_RECOVERED,0.3,0.06733377136024511,409.5652173913043,506.82833910073214,30246.086956521736,39606.756510944644,30.94836554519836,23.747895958777494
D7_I210_W,L210W-129,AM,4,0.2349,36,31,23,69.10363636363637,48.863649877376574,48.37254545454545,5730.75,1432.6875,profile,5730.75,6192.0,8000.0,06:25,08:10,12:15,5.833333333333333,normal,own_episode,18.868181818181817,0.6138605719071015,4993.636363636364,0.8713757123651117,12302.090909090908,12143.93801272407,14628.954545454544,14456.418753573835,2.1466807850789005,A_OBSERVED,B_RECOVERED,0.3,2.1466807850789005,12302.090909090908,12143.93801272407,14628.954545454544,14456.418753573835,-1.1794130014186088,-1.2855773667707835
D7_I210_W,L210W-129,MD,4,0.2349,72,39,23,69.10363636363637,48.863649877376574,48.37254545454545,5730.75,1432.6875,profile,5730.75,6192.0,8000.0,,,,,,spillover_from_AM,,,,,16186.0,17611.901299590587,30596.90909090909,33307.607032485175,2.824412162456921,A_OBSERVED,B_RECOVERED,0.3,2.824412162456921,16186.0,17611.901299590587,30596.90909090909,33307.607032485175,8.859384892513491,8.809472998829772
D7_I210_W,L210W-129,PM,4,0.2349,48,42,23,69.10363636363637,48.863649877376574,48.37254545454545,5730.75,1432.6875,profile,5730.75,6192.0,8000.0,15:10,17:20,18:40,3.5,normal,own_episode,37.24545454545454,0.23776765266364497,5245.909090909091,0.9153966044425409,18634.545454545456,19692.708591882278,21238.13636363636,22539.014047275792,3.251676561452769,A_OBSERVED,B_RECOVERED,0.3,3.251676561452769,18634.545454545456,19692.708591882278,21238.13636363636,22539.014047275792,6.12519696345286,5.678502542055341
D7_I210_W,L210W-129,NT,4,0.2349,132,0,23,69.10363636363637,48.863649877376574,48.37254545454545,5730.75,1432.6875,profile,5730.75,6192.0,8000.0,,,,,,none,,,,,0.0,0.0,24453.636363636368,40669.90808452847,0.0,A_OBSERVED,B_RECOVERED,0.3,0.0,0.0,0.0,24453.636363636368,40669.90808452847,66.31435701320238,
D7_I210_W,L210W-132,AM,4,0.0087,36,32,23,69.70891304347825,49.29164512218684,48.79623913043477,6029.692173913043,1507.4230434782608,profile,6029.692173913043,6780.0,8000.0,06:20,07:30,10:45,4.416666666666666,normal,own_episode,26.430434782608703,0.4637948334430412,5061.913043478261,0.8394977550227527,13563.347826086956,14513.395327311082,15561.565217391306,16398.073933819447,2.249426245135306,A_OBSERVED,B_RECOVERED,0.3,2.249426245135306,13563.347826086956,14513.395327311082,15561.565217391306,16398.073933819447,5.3754792962167794,7.0045206641155335
D7_I210_W,L210W-132,MD,4,0.0087,72,21,23,69.70891304347825,49.29164512218684,48.79623913043477,6029.692173913043,1507.4230434782608,profile,6029.692173913043,6780.0,8000.0,,,,,,spillover_from_AM,,,,,8955.565217391304,10080.249475972485,31805.82608695652,34751.06193063143,1.4852441814752675,A_OBSERVED,B_RECOVERED,0.3,1.4852441814752675,8955.565217391304,10080.249475972485,31805.82608695652,34751.06193063143,9.260051399459627,12.558495541935141
D7_I210_W,L210W-132,PM,4,0.0087,48,0,23,69.70891304347825,49.29164512218684,48.79623913043477,6029.692173913043,1507.4230434782608,profile,6029.692173913043,6780.0,8000.0,,,,,,none,,,,,0.0,0.0,22511.347826086952,21563.155609375783,0.0,A_OBSERVED,B_RECOVERED,0.3,0.0,0.0,0.0,22511.347826086952,21563.155609375783,-4.212063284866359,
D7_I210_W,L210W-132,NT,4,0.0087,132,0,23,69.70891304347825,49.29164512218684,48.79623913043477,6029.692173913043,1507.4230434782608,profile,6029.692173913043,6780.0,8000.0,,,,,,none,,,,,0.0,0.0,25004.086956521736,41149.90697056623,0.0,A_OBSERVED,B_RECOVERED,0.3,0.0,0.0,0.0,25004.086956521736,41149.90697056623,64.57272381958836,
D7_I210_W,L210W-141,AM,4,0.5822,36,22,23,69.03819999999999,48.8173793809131,48.32673999999999,5116.838400000001,1279.2096000000001,profile,5116.838400000001,5772.0,8000.0,06:30,06:55,08:20,1.8333333333333333,normal,own_episode,38.712,0.20700372508861375,4570.08,0.8931452672024974,8325.599999999999,9256.729621246715,13741.52,15068.588452016935,1.6270984833134456,A_OBSERVED,B_RECOVERED,0.3,1.6270984833134456,8325.599999999999,9256.729621246715,13741.52,15068.588452016935,9.657362882831988,11.183934145847951
D7_I210_W,L210W-141,MD,4,0.5822,72,0,23,69.03819999999999,48.8173793809131,48.32673999999999,5116.838400000001,1279.2096000000001,profile,5116.838400000001,5772.0,8000.0,,,,,,none,,,,,0.0,0.0,26699.28,29657.7059794558,0.0,A_OBSERVED,B_RECOVERED,0.3,0.0,0.0,0.0,26699.28,29657.7059794558,11.08054591530484,
D7_I210_W,L210W-141,PM,4,0.5822,48,0,23,69.03819999999999,48.8173793809131,48.32673999999999,5116.838400000001,1279.2096000000001,profile,5116.838400000001,5772.0,8000.0,,,,,,none,,,,,0.0,0.0,18051.64,17112.376539130844,0.0,A_OBSERVED,B_RECOVERED,0.3,0.0,0.0,0.0,18051.64,17112.376539130844,-5.203202927097788,
D7_I210_W,L210W-141,NT,4,0.5822,132,0,23,69.03819999999999,48.8173793809131,48.32673999999999,5116.838400000001,1279.2096000000001,profile,5116.838400000001,5772.0,8000.0,,,,,,none,,,,,0.0,0.0,21289.6,31611.688107220114,0.0,A_OBSERVED,B_RECOVERED,0.3,0.0,0.0,0.0,21289.6,31611.688107220114,48.48418057276847,
D7_I210_W,L210W-143,AM,5,0.0696,36,24,23,70.8015909090909,50.064285050614,49.56111363636363,6311.094545454545,1262.2189090909092,profile,6311.094545454545,6807.899999999998,10000.0,06:00,06:20,07:15,1.25,normal,own_episode,30.181818181818183,0.39713873570140934,4091.4545454545455,0.6482955557053639,9315.681818181818,12000.197211814131,14105.18181818182,18296.501659434536,1.4760802189045439,A_OBSERVED,B_RECOVERED,0.3,1.4760802189045439,9315.681818181818,12000.197211814131,14105.18181818182,18296.501659434536,29.714752317832822,28.817164927132104
D7_I210_W,L210W-143,MD,5,0.0696,72,24,23,70.8015909090909,50.064285050614,49.56111363636363,6311.094545454545,1262.2189090909092,profile,6311.094545454545,6807.899999999998,10000.0,08:15,09:50,11:00,2.75,normal,own_episode,37.98636363636364,0.24124825515913828,5207.727272727273,0.825170219716966,10536.045454545452,12421.782807781197,33016.181818181816,37051.39354854975,1.6694482040573855,A_OBSERVED,B_RECOVERED,0.3,1.6694482040573855,10536.045454545452,12421.782807781197,33016.181818181816,37051.39354854975,12.221921216055838,17.897961444558895
D7_I210_W,L210W-143,PM,5,0.0696,48,0,23,70.8015909090909,50.064285050614,49.56111363636363,6311.094545454545,1262.2189090909092,profile,6311.094545454545,6807.899999999998,10000.0,,,,,,none,,,,,0.0,0.0,23724.59090909091,23670.660110111443,0.0,A_OBSERVED,B_RECOVERED,0.3,0.0,0.0,0.0,23724.59090909091,23670.660110111443,-0.2273202483706614,
D7_I210_W,L210W-143,NT,5,0.0696,132,0,23,70.8015909090909,50.064285050614,49.56111363636363,6311.094545454545,1262.2189090909092,profile,6311.094545454545,6807.899999999998,10000.0,,,,,,none,,,,,0.0,0.0,30439.54545454545,47529.354705347854,0.0,A_OBSERVED,B_RECOVERED,0.3,0.0,0.0,0.0,30439.54545454545,47529.354705347854,56.14344431102677,
D7_I210_W,L210W-150,AM,5,0.1584,36,20,23,71.54456521739131,50.5896472222606,50.08119565217391,7861.995652173913,1572.3991304347826,profile,7861.995652173913,8194.620000000003,10000.0,07:20,08:15,13:00,5.666666666666666,normal,own_episode,32.178260869565214,0.3639358517723357,6269.739130434783,0.7974742556237796,11900.695652173914,12231.053711400153,21682.260869565216,21555.96804971545,1.5136990884602262,A_OBSERVED,B_RECOVERED,0.3,1.5136990884602262,11900.695652173914,12231.053711400153,21682.260869565216,21555.96804971545,-0.5824707146985695,2.7759558674697464
D7_I210_W,L210W-150,MD,5,0.1584,72,66,23,71.54456521739131,50.5896472222606,50.08119565217391,7861.995652173913,1572.3991304347826,profile,7861.995652173913,8194.620000000003,10000.0,,,,,,spillover_from_AM+PM,,,,,34099.347826086945,41494.9616087432,37009.82608695652,45425.7103075395,4.33723819430734,A_OBSERVED,B_RECOVERED,0.3,4.33723819430734,34099.347826086945,41494.9616087432,37009.82608695652,45425.7103075395,22.73959407647423,21.688431756452555
D7_I210_W,L210W-150,PM,5,0.1584,48,48,23,71.54456521739131,50.5896472222606,50.08119565217391,7861.995652173913,1572.3991304347826,profile,7861.995652173913,8194.620000000003,10000.0,13:30,16:15,19:15,5.75,normal,own_episode,20.90434782608696,0.5867860526038899,5825.217391304348,0.7409336826195805,23424.086956521736,25722.83536856651,23424.086956521736,25722.83536856651,2.9794072641142666,A_OBSERVED,B_RECOVERED,0.3,2.9794072641142666,23424.086956521736,25722.83536856651,23424.086956521736,25722.83536856651,9.813609453856454,9.813609453856454
D7_I210_W,L210W-150,NT,5,0.1584,132,3,23,71.54456521739131,50.5896472222606,50.08119565217391,7861.995652173913,1572.3991304347826,profile,7861.995652173913,8194.620000000003,10000.0,,,,,,spillover_from_PM,,,,,1421.217391304348,1955.546591517886,28304.130434782608,50121.86477247893,0.1807705643937069,A_OBSERVED,B_RECOVERED,0.3,0.1807705643937069,1421.217391304348,1955.546591517886,28304.130434782608,50121.86477247893,77.08321719322198,37.59658469441806
D7_I210_W,L210W-154,AM,4,0.2324,36,32,23,69.95347826086956,49.4645788458466,48.96743478260869,5876.433913043478,1469.1084782608696,profile,5876.433913043478,6600.0,8000.0,06:20,07:35,10:55,4.583333333333333,normal,own_episode,21.117391304347827,0.5730805397098617,4708.434782608696,0.8012401487503735,12688.695652173912,13221.36654204861,14642.478260869564,15070.665693733252,2.1592509743042916,A_OBSERVED,B_RECOVERED,0.3,2.1592509743042916,12688.695652173912,13221.36654204861,14642.478260869564,15070.665693733252,2.9242825240039605,4.197995637033328
D7_I210_W,L210W-154,MD,4,0.2324,72,23,23,69.95347826086956,49.4645788458466,48.96743478260869,5876.433913043478,1469.1084782608696,profile,5876.433913043478,6600.0,8000.0,,,,,,spillover_from_AM,,,,,9570.173913043478,10618.049767950042,31615.0,33816.13670451592,1.6285682872738998,A_OBSERVED,B_RECOVERED,0.3,1.6285682872738998,9570.173913043478,10618.049767950042,31615.0,33816.13670451592,6.962317585057474,10.949391979997172
D7_I210_W,L210W-154,PM,4,0.2324,48,0,23,69.95347826086956,49.4645788458466,48.96743478260869,5876.433913043478,1469.1084782608696,profile,5876.433913043478,6600.0,8000.0,,,,,,none,,,,,0.0,0.0,21929.304347826088,21374.286831096586,0.0,A_OBSERVED,B_RECOVERED,0.3,0.0,0.0,0.0,21929.304347826088,21374.286831096586,-2.5309399145829374,
D7_I210_W,L210W-154,NT,4,0.2324,132,0,23,69.95347826086956,49.4645788458466,48.96743478260869,5876.433913043478,1469.1084782608696,profile,5876.433913043478,6600.0,8000.0,,,,,,none,,,,,0.0,0.0,25614.434782608692,39944.22860219021,0.0,A_OBSERVED,B_RECOVERED,0.3,0.0,0.0,0.0,25614.434782608692,39944.22860219021,55.9442124770637,
D7_I210_W,L210W-155,AM,4,0.0988,36,32,23,70.08630434782607,49.55850107265203,49.06041304347825,5665.909565217391,1416.4773913043477,profile,5665.909565217391,6130.620000000003,8000.0,06:20,07:45,11:40,5.333333333333333,normal,own_episode,18.456521739130437,0.6275811144474799,4513.565217391304,0.7966179419981841,11843.043478260868,12380.680794725995,13703.5652173913,14220.466536690132,2.0902281164112564,A_OBSERVED,B_RECOVERED,0.3,2.0902281164112564,11843.043478260868,12380.680794725995,13703.5652173913,14220.466536690132,3.7720207194170747,4.539688783985431
D7_I210_W,L210W-155,MD,4,0.0988,72,32,23,70.08630434782607,49.55850107265203,49.06041304347825,5665.909565217391,1416.4773913043477,profile,5665.909565217391,6130.620000000003,8000.0,,,,,,spillover_from_AM,,,,,12615.91304347826,14142.3156664483,29484.173913043476,32926.980720523636,2.2266350880230137,A_OBSERVED,B_RECOVERED,0.3,2.2266350880230137,12615.91304347826,14142.3156664483,29484.173913043476,32926.980720523636,11.676795889326577,12.099026187875529
D7_I210_W,L210W-155,PM,4,0.0988,48,40,23,70.08630434782607,49.55850107265203,49.06041304347825,5665.909565217391,1416.4773913043477,profile,5665.909565217391,6130.620000000003,8000.0,15:15,17:30,18:35,3.333333333333333,normal,own_episode,40.15217391304349,0.1898024951525269,5002.95652173913,0.8829926535453227,16914.217391304344,18678.937659962216,20268.0,22426.110178153387,2.9852607417420676,A_OBSERVED,B_RECOVERED,0.3,2.9852607417420676,16914.217391304344,18678.937659962216,20268.0,22426.110178153387,10.647869440267353,10.433354543291609
D7_I210_W,L210W-155,NT,4,0.0988,132,0,23,70.08630434782607,49.55850107265203,49.06041304347825,5665.909565217391,1416.4773913043477,profile,5665.909565217391,6130.620000000003,8000.0,,,,,,none,,,,,0.0,0.0,24356.565217391304,35806.04867602355,0.0,A_OBSERVED,B_RECOVERED,0.3,0.0,0.0,0.0,24356.565217391304,35806.04867602355,47.00779176555231,
D7_I210_W,L210W-167,AM,6,0.1721,36,0,23,67.85652173913046,47.98180666947153,47.499565217391314,3402.328695652174,567.0547826086956,profile,3402.328695652174,3862.6200000000026,12000.0,,,,,,none,,,,,0.0,0.0,5948.347826086956,5904.129651457112,0.0,A_OBSERVED,B_RECOVERED,0.3,0.0,0.0,0.0,5948.347826086956,5904.129651457112,-0.7433690147694705,
D7_I210_W,L210W-167,MD,6,0.1721,72,0,23,67.85652173913046,47.98180666947153,47.499565217391314,3402.328695652174,567.0547826086956,profile,3402.328695652174,3862.6200000000026,12000.0,,,,,,none,,,,,0.0,0.0,11518.95652173913,9724.831613500926,0.0,A_OBSERVED,B_RECOVERED,0.3,0.0,0.0,0.0,11518.95652173913,9724.831613500926,-15.575411755849974,
D7_I210_W,L210W-167,PM,6,0.1721,48,0,23,67.85652173913046,47.98180666947153,47.499565217391314,3402.328695652174,567.0547826086956,profile,3402.328695652174,3862.6200000000026,12000.0,,,,,,none,,,,,0.0,0.0,11612.608695652172,5068.009600398214,0.0,A_OBSERVED,B_RECOVERED,0.3,0.0,0.0,0.0,11612.608695652172,5068.009600398214,-56.3576993488491,
D7_I210_W,L210W-167,NT,6,0.1721,132,0,23,67.85652173913046,47.98180666947153,47.499565217391314,3402.328695652174,567.0547826086956,profile,3402.328695652174,3862.6200000000026,12000.0,,,,,,none,,,,,0.0,0.0,5850.608695652174,21699.10747679443,0.0,A_OBSERVED,B_RECOVERED,0.3,0.0,0.0,0.0,5850.608695652174,21699.10747679443,270.8863232114621,
D7_I210_W,L210W-182,AM,5,0.1075,36,36,23,73.80391304347826,52.18724739114577,51.66273913043478,6757.539130434783,1351.5078260869566,profile,6757.539130434783,7102.799999999996,10000.0,06:00,06:40,11:15,5.25,normal,own_episode,22.00869565217391,0.5782744491730376,5664.0,0.838174946629658,16719.78260869565,17273.647639558654,16719.78260869565,17273.647639558654,2.474241330456031,A_OBSERVED,B_RECOVERED,0.3,2.474241330456031,16719.78260869565,17273.647639558654,16719.78260869565,17273.647639558654,3.3126329679367412,3.3126329679367412
D7_I210_W,L210W-182,MD,5,0.1075,72,34,23,73.80391304347826,52.18724739114577,51.66273913043478,6757.539130434783,1351.5078260869566,profile,6757.539130434783,7102.799999999996,10000.0,11:20,11:45,11:55,0.5833333333333333,normal,own_episode,49.61304347826086,0.04932630176087138,5872.173913043478,0.8689811186732499,16202.521739130434,18875.621153543965,34950.34782608695,39965.46069207834,2.397695585092077,A_OBSERVED,B_RECOVERED,0.3,2.397695585092077,16202.521739130434,18875.621153543965,34950.34782608695,39965.46069207834,14.34925023048871,16.498045535453745
D7_I210_W,L210W-182,PM,5,0.1075,48,0,23,73.80391304347826,52.18724739114577,51.66273913043478,6757.539130434783,1351.5078260869566,profile,6757.539130434783,7102.799999999996,10000.0,,,,,,none,,,,,0.0,0.0,24020.04347826087,26107.328381669206,0.0,A_OBSERVED,B_RECOVERED,0.3,0.0,0.0,0.0,24020.04347826087,26107.328381669206,8.689763219194056,
D7_I210_W,L210W-182,NT,5,0.1075,132,0,23,73.80391304347826,52.18724739114577,51.66273913043478,6757.539130434783,1351.5078260869566,profile,6757.539130434783,7102.799999999996,10000.0,,,,,,none,,,,,0.0,0.0,32467.62845849802,47587.56749680374,0.0,A_OBSERVED,B_RECOVERED,0.3,0.0,0.0,0.0,32467.62845849802,47587.56749680374,46.56927455490903,
D7_I210_W,L210W-202,AM,4,0.2778,36,0,23,69.47181818181818,49.12399373772252,48.630272727272725,11728.971818181819,2932.2429545454547,profile,11728.971818181819,12735.359999999995,8000.0,,,,,,none,,,,,0.0,0.0,31686.681818181813,29208.80024281454,0.0,A_OBSERVED,B_RECOVERED,0.3,0.0,0.0,0.0,31686.681818181813,29208.80024281454,-7.819946530171119,
D7_I210_W,L210W-202,MD,4,0.2778,72,0,23,69.47181818181818,49.12399373772252,48.630272727272725,11728.971818181819,2932.2429545454547,profile,11728.971818181819,12735.359999999995,8000.0,,,,,,none,,,,,0.0,0.0,62726.51082251082,65446.53758766041,0.0,A_OBSERVED,B_RECOVERED,0.3,0.0,0.0,0.0,62726.51082251082,65446.53758766041,4.336327223502198,
D7_I210_W,L210W-202,PM,4,0.2778,48,0,23,69.47181818181818,49.12399373772252,48.630272727272725,11728.971818181819,2932.2429545454547,profile,11728.971818181819,12735.359999999995,8000.0,,,,,,none,,,,,0.0,0.0,45124.63636363637,45486.07508203907,0.0,A_OBSERVED,B_RECOVERED,0.3,0.0,0.0,0.0,45124.63636363637,45486.07508203907,0.8009786837727626,
D7_I210_W,L210W-202,NT,4,0.2778,132,0,23,69.47181818181818,49.12399373772252,48.630272727272725,11728.971818181819,2932.2429545454547,profile,11728.971818181819,12735.359999999995,8000.0,,,,,,none,,,,,0.0,0.0,105534.44786373044,77013.44934582122,0.0,A_OBSERVED,B_RECOVERED,0.3,0.0,0.0,0.0,105534.44786373044,77013.44934582122,-27.025297516822633,
D7_I210_W,L210W-211,AM,4,0.2355,36,28,23,70.07086956521741,49.5475870332033,49.04960869565218,6576.2191304347825,1644.0547826086956,profile,6576.2191304347825,6994.620000000003,8000.0,06:40,07:45,10:50,4.166666666666666,normal,own_episode,24.860869565217396,0.49824257741234923,5537.739130434783,0.8420855541151439,12796.695652173912,13625.970650778796,17124.695652173912,17910.058340013777,1.9459046905767976,A_OBSERVED,B_RECOVERED,0.3,1.9459046905767976,12796.695652173912,13625.970650778796,17124.695652173912,17910.058340013777,4.5861409965564315,6.480383851779783
D7_I210_W,L210W-211,MD,4,0.2355,72,22,23,70.07086956521741,49.5475870332033,49.04960869565218,6576.2191304347825,1644.0547826086956,profile,6576.2191304347825,6994.620000000003,8000.0,,,,,,spillover_from_AM,,,,,10474.173913043478,11680.827025998864,34686.52173913043,38802.93725793778,1.5927349294929873,A_OBSERVED,B_RECOVERED,0.3,1.5927349294929873,10474.173913043478,11680.827025998864,34686.52173913043,38802.93725793778,11.867478525999202,11.520269979981352
D7_I210_W,L210W-211,PM,4,0.2355,48,24,23,70.07086956521741,49.5475870332033,49.04960869565218,6576.2191304347825,1644.0547826086956,profile,6576.2191304347825,6994.620000000003,8000.0,16:05,17:20,18:05,2.0,normal,own_episode,43.360869565217385,0.12486415259415184,5808.521739130435,0.8832615860150645,11673.652173913042,13053.186149696041,23380.652173913044,26132.986754752463,1.7751312634774148,A_OBSERVED,B_RECOVERED,0.3,1.7751312634774148,11673.652173913042,13053.186149696041,23380.652173913044,26132.986754752463,11.771846911568769,11.817501114739613
D7_I210_W,L210W-211,NT,4,0.2355,132,0,23,70.07086956521741,49.5475870332033,49.04960869565218,6576.2191304347825,1644.0547826086956,profile,6576.2191304347825,6994.620000000003,8000.0,,,,,,none,,,,,0.0,0.0,27636.652173913044,39701.27167911033,0.0,A_OBSERVED,B_RECOVERED,0.3,0.0,0.0,0.0,27636.652173913044,39701.27167911033,43.65441743550036,
D7_I210_W,L210W-221,AM,5,0.7208,36,0,23,68.30565217391305,48.29938984554356,47.81395652173913,6028.126956521739,1205.6253913043479,profile,6028.126956521739,6814.620000000003,10000.0,,,,,,none,,,,,0.0,0.0,8729.86956521739,7200.828092856166,0.0,A_OBSERVED,B_RECOVERED,0.3,0.0,0.0,0.0,8729.86956521739,7200.828092856166,-17.5150551899815,
D7_I210_W,L210W-221,MD,5,0.7208,72,0,23,68.30565217391305,48.29938984554356,47.81395652173913,6028.126956521739,1205.6253913043479,profile,6028.126956521739,6814.620000000003,10000.0,,,,,,none,,,,,0.0,0.0,20299.869565217392,33437.49244524008,0.0,A_OBSERVED,B_RECOVERED,0.3,0.0,0.0,0.0,20299.869565217392,33437.49244524008,64.71776992367091,
D7_I210_W,L210W-221,PM,5,0.7208,48,35,23,68.30565217391305,48.29938984554356,47.81395652173913,6028.126956521739,1205.6253913043479,profile,6028.126956521739,6814.620000000003,10000.0,15:25,16:50,18:20,2.9166666666666665,normal,own_episode,35.291304347826085,0.2693219425610962,5769.391304347826,0.957078599365929,16845.521739130432,17051.31285173862,22398.565217391304,23447.674328059864,2.794486887988568,A_OBSERVED,B_RECOVERED,0.3,2.794486887988568,16845.521739130432,17051.31285173862,22398.565217391304,23447.674328059864,4.68382282742817,1.2216369180786915
D7_I210_W,L210W-221,NT,5,0.7208,132,0,23,68.30565217391305,48.29938984554356,47.81395652173913,6028.126956521739,1205.6253913043479,profile,6028.126956521739,6814.620000000003,10000.0,,,,,,none,,,,,0.0,0.0,13555.521739130432,48588.28705793778,0.0,A_OBSERVED,B_RECOVERED,0.3,0.0,0.0,0.0,13555.521739130432,48588.28705793778,258.43907739588525,
D7_I210_W,L210W-222,AM,5,0.453,36,36,23,71.1145652173913,50.285591306350376,49.78019565217391,6769.377391304348,1353.8754782608696,profile,6769.377391304348,7068.0,10000.0,06:00,06:45,11:10,5.166666666666666,normal,own_episode,28.204347826086952,0.4391167113008546,5719.826086956522,0.8449560064864998,16941.478260869568,18540.6251991057,16941.478260869568,18540.6251991057,2.502664171542846,A_OBSERVED,B_RECOVERED,0.3,2.502664171542846,16941.478260869568,18540.6251991057,16941.478260869568,18540.6251991057,9.439240859693736,9.439240859693736
D7_I210_W,L210W-222,MD,5,0.453,72,26,23,71.1145652173913,50.285591306350376,49.78019565217391,6769.377391304348,1353.8754782608696,profile,6769.377391304348,7068.0,10000.0,,,,,,spillover_from_AM,,,,,12426.78260869565,14452.313486603216,35103.95652173913,40107.69179370841,1.835734941393364,A_OBSERVED,B_RECOVERED,0.3,1.835734941393364,12426.78260869565,14452.313486603216,35103.95652173913,40107.69179370841,14.254049308859454,16.299720866527423
D7_I210_W,L210W-222,PM,5,0.453,48,8,23,71.1145652173913,50.285591306350376,49.78019565217391,6769.377391304348,1353.8754782608696,profile,6769.377391304348,7068.0,10000.0,17:20,17:30,18:00,0.6666666666666666,normal,own_episode,46.80434782608697,0.06922944306361922,5930.347826086956,0.8760551352484538,3973.695652173913,4504.759827587011,23888.82608695652,26640.62962244971,0.5870105066498955,A_OBSERVED,B_RECOVERED,0.3,0.5870105066498955,3973.695652173913,4504.759827587011,23888.82608695652,26640.62962244971,11.519207873490672,13.364490436567934
D7_I210_W,L210W-222,NT,5,0.453,132,0,23,71.1145652173913,50.285591306350376,49.78019565217391,6769.377391304348,1353.8754782608696,profile,6769.377391304348,7068.0,10000.0,,,,,,none,,,,,0.0,0.0,32539.086956521736,49794.29671930811,0.0,A_OBSERVED,B_RECOVERED,0.3,0.0,0.0,0.0,32539.086956521736,49794.29671930811,53.02917622071739,
D7_I210_W,L210W-233,AM,4,0.2423,36,36,23,70.8934090909091,50.12921030961387,49.625386363636366,6451.240909090909,1612.8102272727272,profile,6451.240909090909,6820.02,8000.0,06:00,06:45,11:55,5.916666666666666,normal,own_episode,18.436363636363637,0.6322231385155517,5475.272727272727,0.8487162089323196,14875.045454545456,16039.08931820658,14875.045454545456,16039.08931820658,2.3057649937679363,A_OBSERVED,B_RECOVERED,0.3,2.3057649937679363,14875.045454545456,16039.08931820658,14875.045454545456,16039.08931820658,7.825481052936343,7.825481052936343
D7_I210_W,L210W-233,MD,4,0.2423,72,35,23,70.8934090909091,50.12921030961387,49.625386363636366,6451.240909090909,1612.8102272727272,profile,6451.240909090909,6820.02,8000.0,,,,,,spillover_from_AM,,,,,16007.81818181818,18394.8165007658,33615.13636363636,37962.43866665908,2.4813548908490475,A_OBSERVED,B_RECOVERED,0.3,2.4813548908490475,16007.81818181818,18394.8165007658,33615.13636363636,37962.43866665908,12.932573754856083,14.911453215147036
D7_I210_W,L210W-233,PM,4,0.2423,48,0,23,70.8934090909091,50.12921030961387,49.625386363636366,6451.240909090909,1612.8102272727272,profile,6451.240909090909,6820.02,8000.0,,,,,,none,,,,,0.0,0.0,23164.681818181816,25069.933441550595,0.0,A_OBSERVED,B_RECOVERED,0.3,0.0,0.0,0.0,23164.681818181816,25069.933441550595,8.22481240330855,
D7_I210_W,L210W-233,NT,4,0.2423,132,0,23,70.8934090909091,50.12921030961387,49.625386363636366,6451.240909090909,1612.8102272727272,profile,6451.240909090909,6820.02,8000.0,,,,,,none,,,,,0.0,0.0,31433.341991341993,46168.338960110304,0.0,A_OBSERVED,B_RECOVERED,0.3,0.0,0.0,0.0,31433.341991341993,46168.338960110304,46.87696577992541,
D7_I210_W,L210W-234,AM,4,0.2983,36,36,23,67.04705882352943,47.409429952731,46.93294117647059,5261.389411764706,1315.3473529411765,profile,5261.389411764706,6840.0,8000.0,06:00,06:50,11:15,5.25,normal,own_episode,24.800000000000004,0.4768973171639789,4372.941176470588,0.8311380957076647,12037.176470588234,14291.796854301847,12037.176470588234,14291.796854301847,2.287832267969476,A_OBSERVED,B_RECOVERED,0.3,2.287832267969476,12037.176470588234,14291.796854301847,12037.176470588234,14291.796854301847,18.730475450140457,18.730475450140457
D7_I210_W,L210W-234,MD,4,0.2983,72,27,23,67.04705882352943,47.409429952731,46.93294117647059,5261.389411764706,1315.3473529411765,profile,5261.389411764706,6840.0,8000.0,,,,,,spillover_from_AM,,,,,9898.588235294119,11661.579311717887,27537.823529411766,31051.998496426957,1.8813639251184155,A_OBSERVED,B_RECOVERED,0.3,1.8813639251184155,9898.588235294119,11661.579311717887,27537.823529411766,31051.998496426957,12.76126620268983,17.81053049704299
D7_I210_W,L210W-234,PM,4,0.2983,48,0,23,67.04705882352943,47.409429952731,46.93294117647059,5261.389411764706,1315.3473529411765,profile,5261.389411764706,6840.0,8000.0,,,,,,none,,,,,0.0,0.0,19350.58823529412,20379.099015631047,0.0,A_OBSERVED,B_RECOVERED,0.3,0.0,0.0,0.0,19350.58823529412,20379.099015631047,5.315139611420166,
D7_I210_W,L210W-234,NT,4,0.2983,132,0,23,67.04705882352943,47.409429952731,46.93294117647059,5261.389411764706,1315.3473529411765,profile,5261.389411764706,6840.0,8000.0,,,,,,none,,,,,0.0,0.0,27220.94117647059,39139.226014428816,0.0,A_OBSERVED,B_RECOVERED,0.3,0.0,0.0,0.0,27220.94117647059,39139.226014428816,43.78351490748684,
D7_I210_W,L210W-238,AM,4,0.5449,36,0,23,67.59304347826087,47.795499404515404,47.3151304347826,5344.948695652174,1336.2371739130435,profile,5344.948695652174,5902.620000000003,8000.0,,,,,,none,,,,,0.0,0.0,8985.91304347826,7655.045505067579,0.0,A_OBSERVED,B_RECOVERED,0.3,0.0,0.0,0.0,8985.91304347826,7655.045505067579,-14.81059890042659,
D7_I210_W,L210W-238,MD,4,0.5449,72,0,23,67.59304347826087,47.795499404515404,47.3151304347826,5344.948695652174,1336.2371739130435,profile,5344.948695652174,5902.620000000003,8000.0,,,,,,none,,,,,0.0,0.0,19949.695652173912,29028.5300012954,0.0,A_OBSERVED,B_RECOVERED,0.3,0.0,0.0,0.0,19949.695652173912,29028.5300012954,45.508635857971946,
D7_I210_W,L210W-238,PM,4,0.5449,48,0,23,67.59304347826087,47.795499404515404,47.3151304347826,5344.948695652174,1336.2371739130435,profile,5344.948695652174,5902.620000000003,8000.0,,,,,,none,,,,,0.0,0.0,18758.478260869564,20217.998968500022,0.0,A_OBSERVED,B_RECOVERED,0.3,0.0,0.0,0.0,18758.478260869564,20217.998968500022,7.780592259847845,
D7_I210_W,L210W-238,NT,4,0.5449,132,0,23,67.59304347826087,47.795499404515404,47.3151304347826,5344.948695652174,1336.2371739130435,profile,5344.948695652174,5902.620000000003,8000.0,,,,,,none,,,,,0.0,0.0,12346.782608695652,41713.53087950456,0.0,A_OBSERVED,B_RECOVERED,0.3,0.0,0.0,0.0,12346.782608695652,41713.53087950456,237.84939932550805,
D7_I210_W,L210W-251,AM,3,0.3585,36,0,23,64.34818181818181,45.501035720661264,45.04372727272727,4452.897272727273,1484.299090909091,profile,4452.897272727273,4956.0,6000.0,,,,,,none,,,,,0.0,0.0,7451.181818181818,7815.32238426,0.0,A_OBSERVED,B_RECOVERED,0.3,0.0,0.0,0.0,7451.181818181818,7815.32238426,4.8870175894733014,
D7_I210_W,L210W-251,MD,3,0.3585,72,1,23,64.34818181818181,45.501035720661264,45.04372727272727,4452.897272727273,1484.299090909091,profile,4452.897272727273,4956.0,6000.0,,,,,,spillover_from_PM,,,,,357.3181818181818,369.41437140943464,17548.863636363636,25134.62311981542,0.08024397598540031,A_OBSERVED,B_RECOVERED,0.3,0.08024397598540031,357.3181818181818,369.41437140943464,17548.863636363636,25134.62311981542,43.226499679062165,3.3852712251311803
D7_I210_W,L210W-251,PM,3,0.3585,48,48,23,64.34818181818181,45.501035720661264,45.04372727272727,4452.897272727273,1484.299090909091,profile,4452.897272727273,4956.0,6000.0,14:55,16:20,19:10,4.25,normal,own_episode,36.36818181818182,0.20071749484006518,4293.0,0.9640914076983994,17095.272727272728,17485.565461162845,17095.272727272728,17485.565461162845,3.8391347655775494,A_OBSERVED,B_RECOVERED,0.3,3.8391347655775494,17095.272727272728,17485.565461162845,17095.272727272728,17485.565461162845,2.283044793239646,2.283044793239646
D7_I210_W,L210W-251,NT,3,0.3585,132,2,23,64.34818181818181,45.501035720661264,45.04372727272727,4452.897272727273,1484.299090909091,profile,4452.897272727273,4956.0,6000.0,,,,,,spillover_from_PM,,,,,619.909090909091,740.7317655753393,14250.227272727272,32348.9889694489,0.1392147747727884,A_OBSERVED,B_RECOVERED,0.3,0.1392147747727884,619.909090909091,740.7317655753393,14250.227272727272,32348.9889694489,127.00682838483463,19.490385999834743
D7_I210_W,L210W-256,AM,6,0.2684,36,0,23,70.95363636363638,50.17179742257169,49.66754545454546,7808.367272727272,1301.3945454545453,profile,7808.367272727272,8707.799999999996,12000.0,,,,,,none,,,,,0.0,0.0,11070.5,11959.566726581377,0.0,A_OBSERVED,B_RECOVERED,0.3,0.0,0.0,0.0,11070.5,11959.566726581377,8.030953674914207,
D7_I210_W,L210W-256,MD,6,0.2684,72,0,23,70.95363636363638,50.17179742257169,49.66754545454546,7808.367272727272,1301.3945454545453,profile,7808.367272727272,8707.799999999996,12000.0,,,,,,none,,,,,0.0,0.0,26485.090909090904,41660.71141574158,0.0,A_OBSERVED,B_RECOVERED,0.3,0.0,0.0,0.0,26485.090909090904,41660.71141574158,57.29872915573683,
D7_I210_W,L210W-256,PM,6,0.2684,48,32,23,70.95363636363638,50.17179742257169,49.66754545454546,7808.367272727272,1301.3945454545453,profile,7808.367272727272,8707.799999999996,12000.0,15:45,16:40,18:25,2.6666666666666665,normal,own_episode,28.827272727272724,0.425428742676385,7166.727272727273,0.917826611173748,19283.31818181818,19206.160509126603,28511.954545454548,29259.06323256559,2.4695711034456744,A_OBSERVED,B_RECOVERED,0.3,2.4695711034456744,19283.31818181818,19206.160509126603,28511.954545454548,29259.06323256559,2.6203348701330893,-0.4001265340543289
D7_I210_W,L210W-256,NT,6,0.2684,132,0,23,70.95363636363638,50.17179742257169,49.66754545454546,7808.367272727272,1301.3945454545453,profile,7808.367272727272,8707.799999999996,12000.0,,,,,,none,,,,,0.0,0.0,18135.54545454545,55665.90971549308,0.0,A_OBSERVED,B_RECOVERED,0.3,0.0,0.0,0.0,18135.54545454545,55665.90971549308,206.9436750883118,
D7_I210_W,L210W-291,AM,4,0.1435,36,36,23,70.87181818181818,50.11394323138369,49.61027272727273,6153.719999999999,1538.4299999999998,profile,6153.719999999999,6459.899999999998,8000.0,05:55,07:25,12:00,6.083333333333333,long,own_episode,13.681818181818182,0.7269857987696728,5047.636363636364,0.8202577243742589,12834.863636363634,13911.24969467085,12834.863636363634,13911.24969467085,2.085708097925098,A_OBSERVED,B_RECOVERED,0.3,2.085708097925098,12834.863636363634,13911.24969467085,12834.863636363634,13911.24969467085,8.386423796958839,8.386423796958839
D7_I210_W,L210W-291,MD,4,0.1435,72,36,23,70.87181818181818,50.11394323138369,49.61027272727273,6153.719999999999,1538.4299999999998,profile,6153.719999999999,6459.899999999998,8000.0,,,,,,spillover_from_AM,,,,,15352.363636363636,17765.359281334793,31514.63636363636,35873.39969207396,2.4948102345188987,A_OBSERVED,B_RECOVERED,0.3,2.4948102345188987,15352.363636363636,17765.359281334793,31514.63636363636,35873.39969207396,13.83091741292317,15.717421122410958
D7_I210_W,L210W-291,PM,4,0.1435,48,0,23,70.87181818181818,50.11394323138369,49.61027272727273,6153.719999999999,1538.4299999999998,profile,6153.719999999999,6459.899999999998,8000.0,,,,,,none,,,,,0.0,0.0,22058.63636363636,23878.906354830746,0.0,A_OBSERVED,B_RECOVERED,0.3,0.0,0.0,0.0,22058.63636363636,23878.906354830746,8.251960643383645,
D7_I210_W,L210W-291,NT,4,0.1435,132,1,23,70.87181818181818,50.11394323138369,49.61027272727273,6153.719999999999,1538.4299999999998,profile,6153.719999999999,6459.899999999998,8000.0,,,,,,spillover_from_AM,,,,,406.09090909090907,511.2661063212591,29822.227272727272,43299.5060601743,0.0659911255453464,A_OBSERVED,B_RECOVERED,0.3,0.0659911255453464,406.09090909090907,511.2661063212591,29822.227272727272,43299.5060601743,45.19205981564006,25.89942174913477
D7_I210_W,L210W-299,AM,5,0.2218,36,32,23,69.5591304347826,49.185732823874346,48.69139130434782,5887.460869565217,1177.4921739130434,profile,5887.460869565217,6168.0,10000.0,06:20,07:35,10:40,4.333333333333333,normal,own_episode,21.75217391304348,0.5577544002254825,4575.130434782609,0.7770973830897797,12003.869565217392,13619.695419370575,13937.217391304344,15505.664289833572,2.038887362677939,A_OBSERVED,B_RECOVERED,0.3,2.038887362677939,12003.869565217392,13619.695419370575,13937.217391304344,15505.664289833572,11.253658850925346,13.460874806864167
D7_I210_W,L210W-299,MD,5,0.2218,72,27,23,69.5591304347826,49.185732823874346,48.69139130434782,5887.460869565217,1177.4921739130434,profile,5887.460869565217,6168.0,10000.0,10:50,11:10,11:25,0.5833333333333333,normal,own_episode,46.68260869565218,0.050891264285629845,4994.608695652174,0.8483468181455651,10741.739130434782,12774.751785892564,29655.173913043476,34147.01713331719,1.8245113417166625,A_OBSERVED,B_RECOVERED,0.3,1.8245113417166625,10741.739130434782,12774.751785892564,29655.173913043476,34147.01713331719,15.146912418874836,18.926289595858893
D7_I210_W,L210W-299,PM,5,0.2218,48,0,23,69.5591304347826,49.185732823874346,48.69139130434782,5887.460869565217,1177.4921739130434,profile,5887.460869565217,6168.0,10000.0,,,,,,none,,,,,0.0,0.0,20838.73913043478,20208.582223689173,0.0,A_OBSERVED,B_RECOVERED,0.3,0.0,0.0,0.0,20838.73913043478,20208.582223689173,-3.023968498292055,
D7_I210_W,L210W-299,NT,5,0.2218,132,0,23,69.5591304347826,49.185732823874346,48.69139130434782,5887.460869565217,1177.4921739130434,profile,5887.460869565217,6168.0,10000.0,,,,,,none,,,,,0.0,0.0,23841.217391304344,37527.26376528364,0.0,A_OBSERVED,B_RECOVERED,0.3,0.0,0.0,0.0,23841.217391304344,37527.26376528364,57.404981253058985,
D7_I210_W,L210W-301,AM,4,0.1342,36,33,23,68.50300000000001,48.438935831622075,47.95210000000001,5631.123,1407.78075,profile,5631.123,6360.0,8000.0,06:15,07:55,12:00,5.75,normal,own_episode,18.270000000000003,0.6228240838422194,4752.6,0.8439879576418418,12904.284210526313,12642.049947981457,14281.384210526317,14015.090067183988,2.2916004872431865,A_OBSERVED,B_RECOVERED,0.3,2.2916004872431865,12904.284210526313,12642.049947981457,14281.384210526317,14015.090067183988,-1.864624180799317,-2.032148845039743
D7_I210_W,L210W-301,MD,4,0.1342,72,36,23,68.50300000000001,48.438935831622075,47.95210000000001,5631.123,1407.78075,profile,5631.123,6360.0,8000.0,,,,,,spillover_from_AM,,,,,14556.323684210527,15814.11542919874,30091.860526315788,32508.482661185775,2.584977043515215,A_OBSERVED,B_RECOVERED,0.3,2.584977043515215,14556.323684210527,15814.11542919874,30091.860526315788,32508.482661185775,8.03081661486705,8.640861334737698
D7_I210_W,L210W-301,PM,4,0.1342,48,32,23,68.50300000000001,48.438935831622075,47.95210000000001,5631.123,1407.78075,profile,5631.123,6360.0,8000.0,15:55,17:10,18:35,2.6666666666666665,normal,own_episode,42.19,0.12900646400127203,5182.8,0.9203847971354916,13931.078947368422,14926.032930307798,20872.12894736842,22398.870424792665,2.4739432875766383,A_OBSERVED,B_RECOVERED,0.3,2.4739432875766383,13931.078947368422,14926.032930307798,20872.12894736842,22398.870424792665,7.314737664155431,7.141973616676135
D7_I210_W,L210W-301,NT,4,0.1342,132,0,23,68.50300000000001,48.438935831622075,47.95210000000001,5631.123,1407.78075,profile,5631.123,6360.0,8000.0,,,,,,none,,,,,0.0,0.0,24385.407894736843,40245.12616081453,0.0,A_OBSERVED,B_RECOVERED,0.3,0.0,0.0,0.0,24385.407894736843,40245.12616081453,65.03774033445929,
D7_I210_W,L210W-305,AM,4,0.5269,36,35,23,69.75467391304349,49.32400294336942,48.82827173913044,6734.859130434783,1683.7147826086957,profile,6734.859130434783,7173.540000000001,8000.0,06:05,06:40,12:10,6.083333333333333,long,own_episode,37.717391304347835,0.23531365960600426,6006.521739130435,0.8918555864052158,17914.695652173912,19105.3788300001,18439.065217391304,19665.470216152447,2.6599955997917646,A_OBSERVED,B_RECOVERED,0.3,2.6599955997917646,17914.695652173912,19105.3788300001,18439.065217391304,19665.470216152447,6.6511234940718476,6.646404722380536
D7_I210_W,L210W-305,MD,4,0.5269,72,38,23,69.75467391304349,49.32400294336942,48.82827173913044,6734.859130434783,1683.7147826086957,profile,6734.859130434783,7173.540000000001,8000.0,,,,,,spillover_from_AM,,,,,18701.760869565216,21172.433992512495,35875.41304347826,40133.15799646474,2.7768599917780143,A_OBSERVED,B_RECOVERED,0.3,2.7768599917780143,18701.760869565216,21172.433992512495,35875.41304347826,40133.15799646474,11.868141971846907,13.210911743439043
D7_I210_W,L210W-305,PM,4,0.5269,48,10,23,69.75467391304349,49.32400294336942,48.82827173913044,6734.859130434783,1683.7147826086957,profile,6734.859130434783,7173.540000000001,8000.0,17:15,17:20,18:05,0.8333333333333333,normal,own_episode,46.66739130434783,0.05386042252231105,6084.521739130435,0.9034371204045712,5035.934782608696,5603.832654543811,24454.847826086952,26780.646520068476,0.7477416654271714,A_OBSERVED,B_RECOVERED,0.3,0.7477416654271714,5035.934782608696,5603.832654543811,24454.847826086952,26780.646520068476,9.510583384209417,11.276910771289515
D7_I210_W,L210W-305,NT,4,0.5269,132,0,23,69.75467391304349,49.32400294336942,48.82827173913044,6734.859130434783,1683.7147826086957,profile,6734.859130434783,7173.540000000001,8000.0,,,,,,none,,,,,0.0,0.0,33176.72301273605,47019.286586157396,0.0,A_OBSERVED,B_RECOVERED,0.3,0.0,0.0,0.0,33176.72301273605,47019.286586157396,41.723721683143296,
D7_I405_N,L405N-069,AM,4,0.1286,36,35,21,68.84416666666667,48.68017709513688,48.190916666666666,6030.84,1507.71,profile,6030.84,7152.0,8000.0,06:05,08:35,11:00,4.916666666666666,normal,own_episode,30.877777777777784,0.3657012028236344,4823.333333333333,0.7997780298156364,14550.944444444442,16272.156089859323,15031.277777777777,16774.705377878618,2.412755842377586,A_OBSERVED,B_RECOVERED,0.3,2.412755842377586,14550.944444444442,16272.156089859323,15031.277777777777,16774.705377878618,11.598665302282694,11.828865486954982
D7_I405_N,L405N-069,MD,4,0.1286,72,24,21,68.84416666666667,48.68017709513688,48.190916666666666,6030.84,1507.71,profile,6030.84,7152.0,8000.0,,,,,,spillover_from_AM,,,,,9761.333333333332,11603.035308104954,30351.277777777774,35171.24985077902,1.6185694419572285,A_OBSERVED,B_RECOVERED,0.3,1.6185694419572285,9761.333333333332,11603.035308104954,30351.277777777774,35171.24985077902,15.880623241932426,18.867319779793974
D7_I405_N,L405N-069,PM,4,0.1286,48,10,21,68.84416666666667,48.68017709513688,48.190916666666666,6030.84,1507.71,profile,6030.84,7152.0,8000.0,17:20,17:55,18:10,0.8333333333333333,normal,own_episode,43.40000000000001,0.108466678024151,5239.333333333333,0.8687568122074757,4495.333333333333,4995.737861465176,21385.333333333332,23840.954887824497,0.7453909129297631,A_OBSERVED,B_RECOVERED,0.3,0.7453909129297631,4495.333333333333,4995.737861465176,21385.333333333332,23840.954887824497,11.482736865567514,11.131644552836493
D7_I405_N,L405N-069,NT,4,0.1286,132,0,21,68.84416666666667,48.68017709513688,48.190916666666666,6030.84,1507.71,profile,6030.84,7152.0,8000.0,,,,,,none,,,,,0.0,0.0,27613.44444444444,38702.36828903611,0.0,A_OBSERVED,B_RECOVERED,0.3,0.0,0.0,0.0,27613.44444444444,38702.36828903611,40.157698786551244,
D7_I405_N,L405N-076,AM,5,0.0845,36,34,21,69.547,49.17715531118082,48.6829,7420.992,1484.1984,profile,7420.992,7752.0,10000.0,06:10,06:30,11:10,5.0,normal,own_episode,34.595000000000006,0.2965229529627844,6877.8,0.926803316861142,19654.4,19885.782597826303,20845.3,21112.81073080216,2.6484868869283247,A_OBSERVED,B_RECOVERED,0.3,2.6484868869283247,19654.4,19885.782597826303,20845.3,21112.81073080216,1.2833143720750557,1.1772559723334277
D7_I405_N,L405N-076,MD,5,0.0845,72,44,21,69.547,49.17715531118082,48.6829,7420.992,1484.1984,profile,7420.992,7752.0,10000.0,13:25,13:45,14:00,0.5833333333333333,normal,own_episode,45.86000000000001,0.06745317597552514,6319.8,0.8516112131639544,24197.450000000004,26816.918871193222,39438.09999999999,44112.86312746205,3.260675931196261,A_OBSERVED,B_RECOVERED,0.3,3.260675931196261,24197.450000000004,26816.918871193222,39438.09999999999,44112.86312746205,11.853418718097625,10.825392226012315
D7_I405_N,L405N-076,PM,5,0.0845,48,43,21,69.547,49.17715531118082,48.6829,7420.992,1484.1984,profile,7420.992,7752.0,10000.0,14:40,17:40,18:35,3.9166666666666665,normal,own_episode,37.09,0.24578801345251267,6499.8,0.8758667304856278,23350.549999999996,26155.543353837864,25950.45,29246.87417773785,3.1465537221977864,A_OBSERVED,B_RECOVERED,0.3,3.1465537221977864,23350.549999999996,26155.543353837864,25950.45,29246.87417773785,12.702763064755517,12.01253655197787
D7_I405_N,L405N-076,NT,5,0.0845,132,0,21,69.547,49.17715531118082,48.6829,7420.992,1484.1984,profile,7420.992,7752.0,10000.0,,,,,,none,,,,,0.0,0.0,34084.54999999999,52650.67001140151,0.0,A_OBSERVED,B_RECOVERED,0.3,0.0,0.0,0.0,34084.54999999999,52650.67001140151,54.470779316146256,
D7_I405_N,L405N-098,AM,6,0.663,36,36,21,71.09815789473686,50.27398957724031,49.7687105263158,7357.752631578947,1226.292105263158,profile,7357.752631578947,8887.739999999994,12000.0,,,,,,spillover_from_PM,,,,,20613.15789473684,20527.394887512197,20613.15789473684,20527.394887512197,2.8015562532323584,A_OBSERVED,B_RECOVERED,0.3,2.8015562532323584,20613.15789473684,20527.394887512197,20613.15789473684,20527.394887512197,-0.4160595269419675,-0.4160595269419675
D7_I405_N,L405N-098,MD,6,0.663,72,72,21,71.09815789473686,50.27398957724031,49.7687105263158,7357.752631578947,1226.292105263158,profile,7357.752631578947,8887.739999999994,12000.0,,,,,,spillover_from_PM,,,,,39561.63157894737,40871.529018171845,39561.63157894737,40871.529018171845,5.376863501655611,A_OBSERVED,B_RECOVERED,0.3,5.376863501655611,39561.63157894737,40871.529018171845,39561.63157894737,40871.529018171845,3.3110298714816833,3.3110298714816833
D7_I405_N,L405N-098,PM,6,0.663,48,47,21,71.09815789473686,50.27398957724031,49.7687105263158,7357.752631578947,1226.292105263158,profile,7357.752631578947,8887.739999999994,12000.0,06:00,15:25,18:55,12.916666666666666,allday_below_cutoff,own_episode,30.505263157894735,0.39321976603772724,5496.947368421053,0.7470959739565787,21691.315789473683,27349.264844380006,22178.210526315786,27962.392783841708,2.948089841506238,A_OBSERVED,B_RECOVERED,0.3,2.948089841506238,21691.315789473683,27349.264844380006,22178.210526315786,27962.392783841708,26.080473222411875,26.083936584667676
D7_I405_N,L405N-098,NT,6,0.663,132,0,21,71.09815789473686,50.27398957724031,49.7687105263158,7357.752631578947,1226.292105263158,profile,7357.752631578947,8887.739999999994,12000.0,,,,,,none,,,,,0.0,0.0,39393.73684210526,51061.24903377019,0.0,A_OBSERVED,B_RECOVERED,0.3,0.0,0.0,0.0,39393.73684210526,51061.24903377019,29.617683233326385,
D7_I405_N,L405N-115,AM,6,0.5021,36,0,21,69.53088235294116,49.165758413648746,48.67161764705881,8709.007058823528,1451.501176470588,profile,8709.007058823528,9678.720000000005,12000.0,,,,,,none,,,,,0.0,0.0,18173.058823529413,16996.18818411613,0.0,A_OBSERVED,B_RECOVERED,0.3,0.0,0.0,0.0,18173.058823529413,16996.18818411613,-6.475908380869483,
D7_I405_N,L405N-115,MD,6,0.5021,72,8,21,69.53088235294116,49.165758413648746,48.67161764705881,8709.007058823528,1451.501176470588,profile,8709.007058823528,9678.720000000005,12000.0,,,,,,spillover_from_PM,,,,,5357.882352941177,5779.545747249609,46285.64705882353,47890.51568556839,0.6152116213423939,A_OBSERVED,B_RECOVERED,0.3,0.6152116213423939,5357.882352941177,5779.545747249609,46285.64705882353,47890.51568556839,3.4673137975261774,7.8699636634791545
D7_I405_N,L405N-115,PM,6,0.5021,48,48,21,69.53088235294116,49.165758413648746,48.67161764705881,8709.007058823528,1451.501176470588,profile,8709.007058823528,9678.720000000005,12000.0,14:20,16:40,19:40,5.333333333333333,normal,own_episode,22.700000000000003,0.5382965557244749,6829.411764705883,0.7841780031383332,27483.45588235294,30187.81232680069,27483.45588235294,30187.81232680069,3.155750787284996,A_OBSERVED,B_RECOVERED,0.3,3.155750787284996,27483.45588235294,30187.81232680069,27483.45588235294,30187.81232680069,9.839943186272325,9.839943186272325
D7_I405_N,L405N-115,NT,6,0.5021,132,8,21,69.53088235294116,49.165758413648746,48.67161764705881,8709.007058823528,1451.501176470588,profile,8709.007058823528,9678.720000000005,12000.0,,,,,,spillover_from_PM,,,,,4997.808823529411,5783.93738300768,42304.30514705881,62560.03447956462,0.5738666635326564,A_OBSERVED,B_RECOVERED,0.3,0.5738666635326564,4997.808823529411,5783.93738300768,42304.30514705881,62560.03447956462,47.881011783771335,15.729464396021294
D7_I405_N,L405N-122,AM,6,0.5524,36,0,21,70.97825,50.189201891754074,49.684775,7951.197,1325.1995,profile,7951.197,8942.46,12000.0,,,,,,none,,,,,0.0,0.0,17416.050000000003,17035.310859024168,0.0,A_OBSERVED,B_RECOVERED,0.3,0.0,0.0,0.0,17416.050000000003,17035.310859024168,-2.1861394574305577,
D7_I405_N,L405N-122,MD,6,0.5524,72,29,21,70.97825,50.189201891754074,49.684775,7951.197,1325.1995,profile,7951.197,8942.46,12000.0,,,,,,spillover_from_PM,,,,,18725.649999999998,18350.092541915186,43835.15,44466.083832531745,2.355073078933901,A_OBSERVED,B_RECOVERED,0.3,2.355073078933901,18725.649999999998,18350.092541915186,43835.15,44466.083832531745,1.4393331208670301,-2.0055776866747568
D7_I405_N,L405N-122,PM,6,0.5524,48,48,21,70.97825,50.189201891754074,49.684775,7951.197,1325.1995,profile,7951.197,8942.46,12000.0,12:35,17:05,20:00,7.416666666666666,long,own_episode,20.855,0.5844723722648714,6787.8,0.8536827851202782,26542.399999999998,26985.05135511312,26542.399999999998,26985.05135511312,3.3381640525319645,A_OBSERVED,B_RECOVERED,0.3,3.3381640525319645,26542.399999999998,26985.05135511312,26542.399999999998,26985.05135511312,1.6677141295177569,1.6677141295177569
D7_I405_N,L405N-122,NT,6,0.5524,132,12,21,70.97825,50.189201891754074,49.684775,7951.197,1325.1995,profile,7951.197,8942.46,12000.0,,,,,,spillover_from_PM,,,,,7087.0,7864.4123210998005,39363.84999999999,53416.17599981314,0.8913123395131576,A_OBSERVED,B_RECOVERED,0.3,0.8913123395131576,7087.0,7864.4123210998005,39363.84999999999,53416.17599981314,35.69855590805561,10.96955441089037
D7_I405_N,L405N-129,AM,4,0.1678,36,36,21,69.29789473684211,49.001011290372624,48.508526315789474,6205.945263157894,1551.4863157894736,profile,6205.945263157894,6828.0,8000.0,05:50,08:25,10:20,4.5,normal,own_episode,17.64736842105263,0.6398570568987448,4936.421052631579,0.7954341914578348,15451.52631578947,15741.678290666914,15451.52631578947,15741.678290666914,2.489794166815929,A_OBSERVED,B_RECOVERED,0.3,2.489794166815929,15451.52631578947,15741.678290666914,15451.52631578947,15741.678290666914,1.8778207987190658,1.8778207987190658
D7_I405_N,L405N-129,MD,4,0.1678,72,16,21,69.29789473684211,49.001011290372624,48.508526315789474,6205.945263157894,1551.4863157894736,profile,6205.945263157894,6828.0,8000.0,,,,,,spillover_from_AM,,,,,6770.526315789473,7554.619270528824,32794.52631578947,33779.024767174546,1.0909742236985656,A_OBSERVED,B_RECOVERED,0.3,1.0909742236985656,6770.526315789473,7554.619270528824,32794.52631578947,33779.024767174546,3.00202064791242,11.580974922300733
D7_I405_N,L405N-129,PM,4,0.1678,48,31,21,69.29789473684211,49.001011290372624,48.508526315789474,6205.945263157894,1551.4863157894736,profile,6205.945263157894,6828.0,8000.0,16:15,17:30,18:50,2.583333333333333,normal,own_episode,25.184210526315795,0.4860471271280923,4943.0526315789475,0.7965027762851514,13323.78947368421,14632.933961758084,21017.789473684206,23269.46870541205,2.1469395730545653,A_OBSERVED,B_RECOVERED,0.3,2.1469395730545653,13323.78947368421,14632.933961758084,21017.789473684206,23269.46870541205,10.71320670780869,9.825616733584415
D7_I405_N,L405N-129,NT,4,0.1678,132,2,21,69.29789473684211,49.001011290372624,48.508526315789474,6205.945263157894,1551.4863157894736,profile,6205.945263157894,6828.0,8000.0,,,,,,spillover_from_AM,,,,,922.1052631578947,1012.3353324963542,30615.052631578947,42701.58460511486,0.14858417598879717,A_OBSERVED,B_RECOVERED,0.3,0.14858417598879717,922.1052631578947,1012.3353324963542,30615.052631578947,42701.58460511486,39.47905012277799,9.78522441455897
D7_I405_N,L405N-135,AM,4,0.0976,36,34,21,69.95541666666666,49.46594950573043,48.96879166666666,6960.03,1740.0075,profile,6960.03,7097.879999999997,8000.0,06:10,08:45,15:00,8.833333333333332,allday_below_cutoff,own_episode,9.35,0.8109810871230352,4886.0,0.7020084683543031,11113.916666666666,12219.902542898253,12208.333333333332,13363.6563707725,1.5968202244338985,A_OBSERVED,B_RECOVERED,0.3,1.5968202244338985,11113.916666666666,12219.902542898253,12208.333333333332,13363.6563707725,9.463396893699668,9.951360167641955
D7_I405_N,L405N-135,MD,4,0.0976,72,72,21,69.95541666666666,49.46594950573043,48.96879166666666,6960.03,1740.0075,profile,6960.03,7097.879999999997,8000.0,,,,,,spillover_from_AM,,,,,28833.083333333332,33214.107668177116,28833.083333333332,33214.107668177116,4.142666530651927,A_OBSERVED,B_RECOVERED,0.3,4.142666530651927,28833.083333333332,33214.107668177116,28833.083333333332,33214.107668177116,15.194435795144296,15.194435795144296
D7_I405_N,L405N-135,PM,4,0.0976,48,0,21,69.95541666666666,49.46594950573043,48.96879166666666,6960.03,1740.0075,profile,6960.03,7097.879999999997,8000.0,,,,,,none,,,,,0.0,0.0,21982.356060606056,24740.726655745548,0.0,A_OBSERVED,B_RECOVERED,0.3,0.0,0.0,0.0,21982.356060606056,24740.726655745548,12.548111710749183,
D7_I405_N,L405N-135,NT,4,0.0976,132,0,21,69.95541666666666,49.46594950573043,48.96879166666666,6960.03,1740.0075,profile,6960.03,7097.879999999997,8000.0,,,,,,none,,,,,0.0,0.0,34325.704545454544,48244.35618615556,0.0,A_OBSERVED,B_RECOVERED,0.3,0.0,0.0,0.0,34325.704545454544,48244.35618615556,40.54877190436034,
D7_I405_N,L405N-215,AM,5,0.1423,36,12,21,70.29666666666665,49.70724969481033,49.207666666666654,5962.046153846154,1192.4092307692308,profile,5962.046153846154,7860.0,10000.0,07:45,08:20,08:45,1.0,normal,own_episode,47.22307692307693,0.04997606560382195,5279.384615384615,0.8854987833294197,5255.333333333333,5955.331787469566,16293.97435897436,17437.69644553054,0.8814647182734545,A_OBSERVED,B_RECOVERED,0.3,0.8814647182734545,5255.333333333333,5955.331787469566,16293.97435897436,17437.69644553054,7.019294748836049,13.3197726906552
D7_I405_N,L405N-215,MD,5,0.1423,72,12,21,70.29666666666665,49.70724969481033,49.207666666666654,5962.046153846154,1192.4092307692308,profile,5962.046153846154,7860.0,10000.0,,,,,,spillover_from_PM,,,,,4853.410256410256,5903.666791637654,29773.435897435895,34822.20998432462,0.814051104465082,A_OBSERVED,B_RECOVERED,0.3,0.814051104465082,4853.410256410256,5903.666791637654,29773.435897435895,34822.20998432462,16.957310887063347,21.63955816099096
D7_I405_N,L405N-215,PM,5,0.1423,48,48,21,70.29666666666665,49.70724969481033,49.207666666666654,5962.046153846154,1192.4092307692308,profile,5962.046153846154,7860.0,10000.0,14:00,17:30,19:05,5.083333333333333,normal,own_episode,27.684615384615384,0.4430467274976634,4650.461538461538,0.7800109926122419,18351.692307692305,22202.088009570805,18351.692307692305,22202.088009570805,3.0780862532997184,A_OBSERVED,B_RECOVERED,0.3,3.0780862532997184,18351.692307692305,22202.088009570805,18351.692307692305,22202.088009570805,20.981147881738224,20.981147881738224
D7_I405_N,L405N-215,NT,5,0.1423,132,1,21,70.29666666666665,49.70724969481033,49.207666666666654,5962.046153846154,1192.4092307692308,profile,5962.046153846154,7860.0,10000.0,,,,,,spillover_from_PM,,,,,398.46153846153845,496.5400206724233,28266.23076923077,43696.69475814366,0.06683301809136254,A_OBSERVED,B_RECOVERED,0.3,0.06683301809136254,398.46153846153845,496.5400206724233,28266.23076923077,43696.69475814366,54.589747444182535,24.614290902345616
D7_I405_N,L405N-217,AM,5,0.2846,36,0,21,66.24230769230768,46.84038497067656,46.36961538461537,8255.312307692308,1651.0624615384615,profile,8255.312307692308,9156.0,10000.0,,,,,,none,,,,,0.0,0.0,23878.384615384613,20102.142604260316,0.0,A_OBSERVED,B_RECOVERED,0.3,0.0,0.0,0.0,23878.384615384613,20102.142604260316,-15.814478541782517,
D7_I405_N,L405N-217,MD,5,0.2846,72,0,21,66.24230769230768,46.84038497067656,46.36961538461537,8255.312307692308,1651.0624615384615,profile,8255.312307692308,9156.0,10000.0,,,,,,none,,,,,0.0,0.0,46083.46153846154,46269.965075610104,0.0,A_OBSERVED,B_RECOVERED,0.3,0.0,0.0,0.0,46083.46153846154,46269.965075610104,0.4047081771253396,
D7_I405_N,L405N-217,PM,5,0.2846,48,0,21,66.24230769230768,46.84038497067656,46.36961538461537,8255.312307692308,1651.0624615384615,profile,8255.312307692308,9156.0,10000.0,,,,,,none,,,,,0.0,0.0,31170.846153846156,30357.589327614336,0.0,A_OBSERVED,B_RECOVERED,0.3,0.0,0.0,0.0,31170.846153846156,30357.589327614336,-2.6090303170402467,
D7_I405_N,L405N-217,NT,5,0.2846,132,0,21,66.24230769230768,46.84038497067656,46.36961538461537,8255.312307692308,1651.0624615384615,profile,8255.312307692308,9156.0,10000.0,,,,,,none,,,,,0.0,0.0,46762.153846153844,62578.30759232762,0.0,A_OBSERVED,B_RECOVERED,0.3,0.0,0.0,0.0,46762.153846153844,62578.30759232762,33.822551882893315,
D7_I405_N,L405N-241,AM,4,0.1442,36,35,21,68.52625,48.45537606428466,47.968375,7142.976,1785.744,profile,7142.976,7500.0,8000.0,06:05,07:45,13:00,6.916666666666666,long,own_episode,10.365000000000002,0.7860918469346108,5398.2,0.7557354245625353,12798.449999999999,13920.645410330939,13345.45,14512.20257657893,1.7917531852269977,A_OBSERVED,B_RECOVERED,0.3,1.7917531852269977,12798.449999999999,13920.645410330939,13345.45,14512.20257657893,8.742699396265609,8.768213419054183
D7_I405_N,L405N-241,MD,4,0.1442,72,48,21,68.52625,48.45537606428466,47.968375,7142.976,1785.744,profile,7142.976,7500.0,8000.0,,,,,,spillover_from_AM,,,,,21603.799999999996,25628.826325929484,33861.049999999996,39519.84995892665,3.024481672624967,A_OBSERVED,B_RECOVERED,0.3,3.024481672624967,21603.799999999996,25628.826325929484,33861.049999999996,39519.84995892665,16.711826594056166,18.63110344443796
D7_I405_N,L405N-241,PM,4,0.1442,48,0,21,68.52625,48.45537606428466,47.968375,7142.976,1785.744,profile,7142.976,7500.0,8000.0,,,,,,none,,,,,0.0,0.0,26247.2,22880.644163204885,0.0,A_OBSERVED,B_RECOVERED,0.3,0.0,0.0,0.0,26247.2,22880.644163204885,-12.826342759590037,
D7_I405_N,L405N-241,NT,4,0.1442,132,0,21,68.52625,48.45537606428466,47.968375,7142.976,1785.744,profile,7142.976,7500.0,8000.0,,,,,,none,,,,,0.0,0.0,33287.25,50733.959069476245,0.0,A_OBSERVED,B_RECOVERED,0.3,0.0,0.0,0.0,33287.25,50733.959069476245,52.412587610800664,
D7_I405_N,L405N-273,AM,3,0.1081,36,0,21,67.89500000000001,48.00901490866065,47.526500000000006,4878.129,1626.043,profile,4878.129,5712.0,6000.0,,,,,,none,,,,,0.0,0.0,8760.5,7731.976774637802,0.0,A_OBSERVED,B_RECOVERED,0.3,0.0,0.0,0.0,8760.5,7731.976774637802,-11.740462591886285,
D7_I405_N,L405N-273,MD,3,0.1081,72,12,21,67.89500000000001,48.00901490866065,47.526500000000006,4878.129,1626.043,profile,4878.129,5712.0,6000.0,,,,,,spillover_from_PM,,,,,4581.15,4747.75095832971,24346.6,24564.922993813645,0.939120306166565,A_OBSERVED,B_RECOVERED,0.3,0.939120306166565,4581.15,4747.75095832971,24346.6,24564.922993813645,0.8967288812961419,3.6366623736334773
D7_I405_N,L405N-273,PM,3,0.1081,48,48,21,67.89500000000001,48.00901490866065,47.526500000000006,4878.129,1626.043,profile,4878.129,5712.0,6000.0,14:00,17:50,19:35,5.583333333333333,normal,own_episode,12.77,0.7340082893953248,4399.8,0.9019441675281651,15878.85,13646.017749960552,15878.85,13646.017749960552,3.2551107197042146,A_OBSERVED,B_RECOVERED,0.3,3.2551107197042146,15878.85,13646.017749960552,15878.85,13646.017749960552,-14.06167480667333,-14.06167480667333
D7_I405_N,L405N-273,NT,3,0.1081,132,7,21,67.89500000000001,48.00901490866065,47.526500000000006,4878.129,1626.043,profile,4878.129,5712.0,6000.0,,,,,,spillover_from_PM,,,,,2528.1,2774.074764222204,23046.549999999996,30745.65832508188,0.5182519773462325,A_OBSERVED,B_RECOVERED,0.3,0.5182519773462325,2528.1,2774.074764222204,23046.549999999996,30745.65832508188,33.40677162127037,9.729629532937945
D7_I405_S,L405S-001,AM,5,0.1485,36,0,22,71.99049999999998,50.90497073101014,50.393349999999984,7471.338,1494.2676,profile,7471.338,8480.340000000002,10000.0,,,,,,none,,,,,0.0,0.0,20435.7,19803.281141294872,0.0,A_OBSERVED,B_RECOVERED,0.3,0.0,0.0,0.0,20435.7,19803.281141294872,-3.0946767603024536,
D7_I405_S,L405S-001,MD,5,0.1485,72,14,22,71.99049999999998,50.90497073101014,50.393349999999984,7471.338,1494.2676,profile,7471.338,8480.340000000002,10000.0,,,,,,spillover_from_PM,,,,,6365.4,8521.37484868709,34767.799999999996,43258.34855920257,0.8519759111420203,A_OBSERVED,B_RECOVERED,0.3,0.8519759111420203,6365.4,8521.37484868709,34767.799999999996,43258.34855920257,24.42072423104877,33.87021787612861
D7_I405_S,L405S-001,PM,5,0.1485,36,36,22,71.99049999999998,50.90497073101014,50.393349999999984,7471.338,1494.2676,profile,7471.338,8480.340000000002,10000.0,13:50,17:20,19:10,4.333333333333333,normal,own_episode,24.43,0.5200861595797401,4996.2,0.6687155633970783,14618.8,20186.406195973934,14618.8,20186.406195973934,1.956650870299269,A_OBSERVED,B_RECOVERED,0.3,1.956650870299269,14618.8,20186.406195973934,14618.8,20186.406195973934,38.08524773561397,38.08524773561397
D7_I405_S,L405S-001,NT,5,0.1485,130,2,22,71.99049999999998,50.90497073101014,50.393349999999984,7471.338,1494.2676,profile,7471.338,8480.340000000002,10000.0,,,,,,spillover_from_PM,,,,,921.3,1241.1741209504366,33903.799999999996,48401.57056859541,0.12331124625870225,A_OBSERVED,B_RECOVERED,0.3,0.12331124625870225,921.3,1241.1741209504366,33903.799999999996,48401.57056859541,42.76149153957791,34.71986551073882
D7_I405_S,L405S-061,AM,4,0.2243,36,0,22,67.81972222222221,47.95578548152132,47.47380555555554,5555.013333333333,1388.7533333333333,profile,5555.013333333333,6780.0,8000.0,,,,,,none,,,,,0.0,0.0,14481.611111111111,12955.058393354624,0.0,A_OBSERVED,B_RECOVERED,0.3,0.0,0.0,0.0,14481.611111111111,12955.058393354624,-10.54131826938254,
D7_I405_S,L405S-061,MD,4,0.2243,72,18,22,67.81972222222221,47.95578548152132,47.47380555555554,5555.013333333333,1388.7533333333333,profile,5555.013333333333,6780.0,8000.0,,,,,,spillover_from_PM,,,,,7385.833333333332,8209.233126604451,29789.166666666664,30607.922315942007,1.3295797669852576,A_OBSERVED,B_RECOVERED,0.3,1.3295797669852576,7385.833333333332,8209.233126604451,29789.166666666664,30607.922315942007,2.748501354324591,11.148366827545335
D7_I405_S,L405S-061,PM,4,0.2243,48,43,22,67.81972222222221,47.95578548152132,47.47380555555554,5555.013333333333,1388.7533333333333,profile,5555.013333333333,6780.0,8000.0,13:30,16:05,18:35,5.083333333333333,normal,own_episode,32.33888888888888,0.3256519820460465,4615.666666666666,0.8309010959469643,16591.944444444445,19038.725396381393,18670.0,21353.179720843134,2.9868415157319355,A_OBSERVED,B_RECOVERED,0.3,2.9868415157319355,16591.944444444445,19038.725396381393,18670.0,21353.179720843134,14.371610716888775,14.746800534015856
D7_I405_S,L405S-061,NT,4,0.2243,132,0,22,67.81972222222221,47.95578548152132,47.47380555555554,5555.013333333333,1388.7533333333333,profile,5555.013333333333,6780.0,8000.0,,,,,,none,,,,,0.0,0.0,28328.166666666664,36567.09463756264,0.0,A_OBSERVED,B_RECOVERED,0.3,0.0,0.0,0.0,28328.166666666664,36567.09463756264,29.08387283879757,
D7_I405_S,L405S-073,AM,5,0.243,36,12,22,69.54805555555556,49.177901701672084,48.68363888888889,7276.163333333333,1455.2326666666665,profile,7276.163333333333,8967.060000000001,10000.0,08:00,08:35,09:00,1.0,normal,own_episode,41.32777777777778,0.1596270611852354,6552.666666666667,0.9005661866670577,6639.833333333333,7179.899129168321,18255.944444444445,18564.08288184903,0.9125459433978255,A_OBSERVED,B_RECOVERED,0.3,0.9125459433978255,6639.833333333333,7179.899129168321,18255.944444444445,18564.08288184903,1.6878800126846123,8.13372518137988
D7_I405_S,L405S-073,MD,5,0.243,72,37,22,69.54805555555556,49.177901701672084,48.68363888888889,7276.163333333333,1455.2326666666665,profile,7276.163333333333,8967.060000000001,10000.0,,,,,,spillover_from_PM,,,,,18940.277777777774,21509.28175156936,37493.22222222222,41745.70626285295,2.603058357831134,A_OBSERVED,B_RECOVERED,0.3,2.603058357831134,18940.277777777774,21509.28175156936,37493.22222222222,41745.70626285295,11.342007404501734,13.563708008579182
D7_I405_S,L405S-073,PM,5,0.243,48,48,22,69.54805555555556,49.177901701672084,48.68363888888889,7276.163333333333,1455.2326666666665,profile,7276.163333333333,8967.060000000001,10000.0,11:55,16:00,19:55,8.0,long,own_episode,31.44444444444445,0.36059808661223713,5616.0,0.771835339961674,22235.055555555555,26831.330863651692,22235.055555555555,26831.330863651692,3.055876364634781,A_OBSERVED,B_RECOVERED,0.3,3.055876364634781,22235.055555555555,26831.330863651692,22235.055555555555,26831.330863651692,20.671301209983852,20.671301209983852
D7_I405_S,L405S-073,NT,5,0.243,132,11,22,69.54805555555556,49.177901701672084,48.68363888888889,7276.163333333333,1455.2326666666665,profile,7276.163333333333,8967.060000000001,10000.0,,,,,,spillover_from_PM,,,,,5276.333333333333,6489.968528222355,35849.61111111111,45143.07824437882,0.7251532286475152,A_OBSERVED,B_RECOVERED,0.3,0.7251532286475152,5276.333333333333,6489.968528222355,35849.61111111111,45143.07824437882,25.923481023166033,23.001488310487506
D7_I405_S,L405S-084,AM,4,0.1653,36,0,22,64.92033333333333,45.905607936891066,45.44423333333333,7179.7480000000005,1794.9370000000001,profile,7179.7480000000005,8244.0,8000.0,,,,,,none,,,,,0.0,0.0,18733.333333333336,17477.645026673425,0.0,A_OBSERVED,B_RECOVERED,0.3,0.0,0.0,0.0,18733.333333333336,17477.645026673425,-6.702962491067141,
D7_I405_S,L405S-084,MD,4,0.1653,72,32,22,64.92033333333333,45.905607936891066,45.44423333333333,7179.7480000000005,1794.9370000000001,profile,7179.7480000000005,8244.0,8000.0,,,,,,spillover_from_PM,,,,,17150.666666666664,18629.00797846807,39358.2,41958.92864390097,2.3887560770470864,A_OBSERVED,B_RECOVERED,0.3,2.3887560770470864,17150.666666666664,18629.00797846807,39358.2,41958.92864390097,6.6078444743432625,8.619730885882417
D7_I405_S,L405S-084,PM,4,0.1653,48,48,22,64.92033333333333,45.905607936891066,45.44423333333333,7179.7480000000005,1794.9370000000001,profile,7179.7480000000005,8244.0,8000.0,12:20,16:50,20:55,8.583333333333332,allday_below_cutoff,own_episode,22.986666666666665,0.4992623407086192,5588.0,0.778300296890643,21794.333333333332,24671.932025587863,21794.333333333332,24671.932025587863,3.035529009281848,A_OBSERVED,B_RECOVERED,0.3,3.035529009281848,21794.333333333332,24671.932025587863,21794.333333333332,24671.932025587863,13.20342608440052,13.20342608440052
D7_I405_S,L405S-084,NT,4,0.1653,132,23,22,64.92033333333333,45.905607936891066,45.44423333333333,7179.7480000000005,1794.9370000000001,profile,7179.7480000000005,8244.0,8000.0,,,,,,spillover_from_PM,,,,,11172.466666666667,12907.717376574881,35414.53333333333,52976.748868934345,1.5561084688023405,A_OBSERVED,B_RECOVERED,0.3,1.5561084688023405,11172.466666666667,12907.717376574881,35414.53333333333,52976.748868934345,49.590419194006074,15.531491493148758
D7_I405_S,L405S-087,AM,5,0.5872,36,0,22,70.23852941176469,49.66614044762958,49.16697058823528,7160.255294117647,1432.0510588235295,profile,7160.255294117647,8508.0,10000.0,,,,,,none,,,,,0.0,0.0,18597.264705882353,17358.158727158796,0.0,A_OBSERVED,B_RECOVERED,0.3,0.0,0.0,0.0,18597.264705882353,17358.158727158796,-6.662839930065766,
D7_I405_S,L405S-087,MD,5,0.5872,72,42,22,70.23852941176469,49.66614044762958,49.16697058823528,7160.255294117647,1432.0510588235295,profile,7160.255294117647,8508.0,10000.0,,,,,,spillover_from_PM,,,,,22304.75668449198,23307.169936077265,39529.697860962566,40539.146114715186,3.115078411075087,A_OBSERVED,B_RECOVERED,0.3,3.115078411075087,22304.75668449198,23307.169936077265,39529.697860962566,40539.146114715186,2.5536452550260895,4.494168063632111
D7_I405_S,L405S-087,PM,5,0.5872,48,48,22,70.23852941176469,49.66614044762958,49.16697058823528,7160.255294117647,1432.0510588235295,profile,7160.255294117647,8508.0,10000.0,11:30,17:10,20:50,9.333333333333332,allday_below_cutoff,own_episode,19.16764705882353,0.614070131359717,4919.470588235294,0.6870524005305758,18248.272727272728,21904.98088320821,18248.272727272728,21904.98088320821,2.548550572249037,A_OBSERVED,B_RECOVERED,0.3,2.548550572249037,18248.272727272728,21904.98088320821,18248.272727272728,21904.98088320821,20.03865357881458,20.03865357881458
D7_I405_S,L405S-087,NT,5,0.5872,132,22,22,70.23852941176469,49.66614044762958,49.16697058823528,7160.255294117647,1432.0510588235295,profile,7160.255294117647,8508.0,10000.0,,,,,,spillover_from_PM,,,,,10233.35294117647,11922.980892696502,37979.23529411765,46034.86401417277,1.4291882790245565,A_OBSERVED,B_RECOVERED,0.3,1.4291882790245565,10233.35294117647,11922.980892696502,37979.23529411765,46034.86401417277,21.210613267147057,16.510990691246345
D7_I405_S,L405S-231,AM,4,0.3188,36,0,22,68.75625000000001,48.61801062395757,48.129375,6707.264999999999,1676.8162499999999,profile,6707.264999999999,7144.919999999998,8000.0,,,,,,none,,,,,0.0,0.0,16666.699999999997,16740.34445716685,0.0,A_OBSERVED,B_RECOVERED,0.3,0.0,0.0,0.0,16666.699999999997,16740.34445716685,0.441865859269408,
D7_I405_S,L405S-231,MD,4,0.3188,72,0,22,68.75625000000001,48.61801062395757,48.129375,6707.264999999999,1676.8162499999999,profile,6707.264999999999,7144.919999999998,8000.0,,,,,,none,,,,,0.0,0.0,35758.75,38736.40301087343,0.0,A_OBSERVED,B_RECOVERED,0.3,0.0,0.0,0.0,35758.75,38736.40301087343,8.327061239202797,
D7_I405_S,L405S-231,PM,4,0.3188,48,10,22,68.75625000000001,48.61801062395757,48.129375,6707.264999999999,1676.8162499999999,profile,6707.264999999999,7144.919999999998,8000.0,18:10,18:50,19:15,1.0833333333333333,normal,own_episode,45.475,0.06464704301184998,5909.4,0.8810446582921653,4959.7,5576.892262016639,23873.65,26604.391492958675,0.7394519226540177,A_OBSERVED,B_RECOVERED,0.3,0.7394519226540177,4959.7,5576.892262016639,23873.65,26604.391492958675,11.438307476898899,12.444145049431192
D7_I405_S,L405S-231,NT,4,0.3188,132,3,22,68.75625000000001,48.61801062395757,48.129375,6707.264999999999,1676.8162499999999,profile,6707.264999999999,7144.919999999998,8000.0,,,,,,spillover_from_PM,,,,,1469.35,1673.6727648494016,30831.099999999995,42735.53390650988,0.21906842804034132,A_OBSERVED,B_RECOVERED,0.3,0.21906842804034132,1469.35,1673.6727648494016,30831.099999999995,42735.53390650988,38.611771576459766,13.90565657259344
D7_I405_S,L405S-234,AM,5,0.2355,36,0,22,66.86289473684212,47.27920627818339,46.804026315789486,6644.977894736842,1328.9955789473684,profile,6644.977894736842,6984.0,10000.0,,,,,,none,,,,,0.0,0.0,15602.368421052628,14943.501268412325,0.0,A_OBSERVED,B_RECOVERED,0.3,0.0,0.0,0.0,15602.368421052628,14943.501268412325,-4.222866265299048,
D7_I405_S,L405S-234,MD,5,0.2355,72,0,22,66.86289473684212,47.27920627818339,46.804026315789486,6644.977894736842,1328.9955789473684,profile,6644.977894736842,6984.0,10000.0,,,,,,none,,,,,0.0,0.0,35256.21052631579,37824.89985384339,0.0,A_OBSERVED,B_RECOVERED,0.3,0.0,0.0,0.0,35256.21052631579,37824.89985384339,7.28577827617149,
D7_I405_S,L405S-234,PM,5,0.2355,48,42,22,66.86289473684212,47.27920627818339,46.804026315789486,6644.977894736842,1328.9955789473684,profile,6644.977894736842,6984.0,10000.0,15:30,16:40,19:35,4.083333333333333,normal,own_episode,39.30526315789474,0.1686564506470608,6447.789473684211,0.9703251953315278,22549.36842105263,22967.61467953114,25781.105263157897,26289.01427573691,3.3934452120469607,A_OBSERVED,B_RECOVERED,0.3,3.3934452120469607,22549.36842105263,22967.61467953114,25781.105263157897,26289.01427573691,1.970082381630214,1.8548025411125268
D7_I405_S,L405S-234,NT,5,0.2355,132,7,22,66.86289473684212,47.27920627818339,46.804026315789486,6644.977894736842,1328.9955789473684,profile,6644.977894736842,6984.0,10000.0,,,,,,spillover_from_PM,,,,,3627.4210526315787,3874.0937266812853,29651.473684210523,42636.71799718128,0.5458891075476232,A_OBSERVED,B_RECOVERED,0.3,0.5458891075476232,3627.4210526315787,3874.0937266812853,29651.473684210523,42636.71799718128,43.7929138067948,6.800221713185277
D7_I405_S,L405S-336,AM,5,0.0112,36,21,22,72.31184210526317,51.1321939127225,50.618289473684214,8240.10947368421,1648.021894736842,profile,8240.10947368421,9000.0,10000.0,07:15,08:20,09:45,2.5,normal,own_episode,37.315789473684205,0.2702094978091788,6551.368421052632,0.7950584202764809,11297.947368421053,13912.914589427593,20549.894736842107,24081.12037981829,1.3710919016916487,A_OBSERVED,B_RECOVERED,0.3,1.3710919016916487,11297.947368421053,13912.914589427593,20549.894736842107,24081.12037981829,17.183667790985606,23.145507194657743
D7_I405_S,L405S-336,MD,5,0.0112,72,9,22,72.31184210526317,51.1321939127225,50.618289473684214,8240.10947368421,1648.021894736842,profile,8240.10947368421,9000.0,10000.0,,,,,,spillover_from_AM,,,,,5026.8421052631575,6111.372830929697,43714.31578947369,45549.019438512274,0.6100455487050249,A_OBSERVED,B_RECOVERED,0.3,0.6100455487050249,5026.8421052631575,6111.372830929697,43714.31578947369,45549.019438512274,4.197031603730098,21.57479194604151
D7_I405_S,L405S-336,PM,5,0.0112,48,16,22,72.31184210526317,51.1321939127225,50.618289473684214,8240.10947368421,1648.021894736842,profile,8240.10947368421,9000.0,10000.0,17:05,17:35,18:25,1.3333333333333333,normal,own_episode,42.121052631578955,0.17623224414201066,7054.421052631578,0.856107685845768,9429.0,10853.19397332862,29647.45906432748,31765.095230590032,1.1442809139990988,A_OBSERVED,B_RECOVERED,0.3,1.1442809139990988,9429.0,10853.19397332862,29647.45906432748,31765.095230590032,7.142723973976384,15.104401032226322
D7_I405_S,L405S-336,NT,5,0.0112,132,0,22,72.31184210526317,51.1321939127225,50.618289473684214,8240.10947368421,1648.021894736842,profile,8240.10947368421,9000.0,10000.0,,,,,,none,,,,,0.0,0.0,38613.51754385964,59591.9029186307,0.0,A_OBSERVED,B_RECOVERED,0.3,0.0,0.0,0.0,38613.51754385964,59591.9029186307,54.329122828404586,
D7_I405_S,L405S-392,AM,1,0.2964,36,6,22,71.50049999999999,50.55848840822873,50.05034999999999,7142.391,7142.391,profile,7142.391,7670.459999999999,2000.0,08:30,08:50,09:30,1.0,normal,own_episode,39.47,0.21932001444932459,6519.3,0.9127615668198508,3316.2,3483.211828730277,18565.8,17417.683586216986,0.46429830010706497,A_OBSERVED,B_RECOVERED,0.3,0.46429830010706497,3316.2,3483.211828730277,18565.8,17417.683586216986,-6.184039544662837,5.036241141374981
D7_I405_S,L405S-392,MD,1,0.2964,72,48,22,71.50049999999999,50.55848840822873,50.05034999999999,7142.391,7142.391,profile,7142.391,7670.459999999999,2000.0,,,,,,spillover_from_AM+PM,,,,,24255.1,24980.490078672694,37833.3,38896.812072981906,3.39593561875848,A_OBSERVED,B_RECOVERED,0.3,3.39593561875848,24255.1,24980.490078672694,37833.3,38896.812072981906,2.811047603518336,2.990670327777232
D7_I405_S,L405S-392,PM,1,0.2964,48,48,22,71.50049999999999,50.55848840822873,50.05034999999999,7142.391,7142.391,profile,7142.391,7670.459999999999,2000.0,11:30,17:25,21:00,9.5,allday_below_cutoff,own_episode,10.245,0.7973634038011992,4730.4,0.6622992216472047,16543.0,16586.970826600114,16543.0,16586.970826600114,2.316171153329466,A_OBSERVED,B_RECOVERED,0.3,2.316171153329466,16543.0,16586.970826600114,16543.0,16586.970826600114,0.26579717463648905,0.26579717463648905
D7_I405_S,L405S-392,NT,1,0.2964,132,24,22,71.50049999999999,50.55848840822873,50.05034999999999,7142.391,7142.391,profile,7142.391,7670.459999999999,2000.0,,,,,,spillover_from_PM,,,,,10451.25,11777.738106169914,36579.49999999999,47392.82309284792,1.4632704930323754,A_OBSERVED,B_RECOVERED,0.3,1.4632704930323754,10451.25,11777.738106169914,36579.49999999999,47392.82309284792,29.561156092477823,12.692147888242214
D7_I405_S,L405S-417,AM,1,1.0712,36,35,22,68.75525,48.617303517176374,48.128675,7507.872,7507.872,profile,7507.872,7886.459999999999,2000.0,06:05,07:55,13:10,7.083333333333333,long,own_episode,18.885,0.6115580537425738,5760.0,0.7671947523878936,16444.05,17414.860585514725,17057.699999999997,18037.767039293776,2.190241122917386,A_OBSERVED,B_RECOVERED,0.3,2.190241122917386,16444.05,17414.860585514725,17057.699999999997,18037.767039293776,5.745598992207503,5.9037194943747195
D7_I405_S,L405S-417,MD,1,1.0712,72,50,22,68.75525,48.617303517176374,48.128675,7507.872,7507.872,profile,7507.872,7886.459999999999,2000.0,,,,,,spillover_from_AM,,,,,24633.099999999995,27471.805393622362,36225.149999999994,40708.388532232,3.280969627612191,A_OBSERVED,B_RECOVERED,0.3,3.280969627612191,24633.099999999995,27471.805393622362,36225.149999999994,40708.388532232,12.376038559487,11.523947020969217
D7_I405_S,L405S-417,PM,1,1.0712,48,0,22,68.75525,48.617303517176374,48.128675,7507.872,7507.872,profile,7507.872,7886.459999999999,2000.0,,,,,,none,,,,,0.0,0.0,23445.0,23502.725935676706,0.0,A_OBSERVED,B_RECOVERED,0.3,0.0,0.0,0.0,23445.0,23502.725935676706,0.2462185356225476,
D7_I405_S,L405S-417,NT,1,1.0712,132,0,22,68.75525,48.617303517176374,48.128675,7507.872,7507.872,profile,7507.872,7886.459999999999,2000.0,,,,,,none,,,,,0.0,0.0,34442.15,55116.06874486206,0.0,A_OBSERVED,B_RECOVERED,0.3,0.0,0.0,0.0,34442.15,55116.06874486206,60.02505286360479,
D7_I405_S,L405S-425,AM,4,0.051,36,12,22,68.3028947368421,48.297440043092,47.812026315789474,5967.372631578947,1491.8431578947368,profile,5967.372631578947,6211.739999999994,8000.0,08:00,08:30,09:00,1.0,normal,own_episode,26.13684210526316,0.4588358703495814,5101.578947368422,0.854912079793911,5029.526315789474,5532.608697580154,14406.105263157893,13534.516883604872,0.8428376483770342,A_OBSERVED,B_RECOVERED,0.3,0.8428376483770342,5029.526315789474,5532.608697580154,14406.105263157893,13534.516883604872,-6.050131965799368,10.00257977001382
D7_I405_S,L405S-425,MD,4,0.051,72,33,22,68.3028947368421,48.297440043092,47.812026315789474,5967.372631578947,1491.8431578947368,profile,5967.372631578947,6211.739999999994,8000.0,12:15,14:55,20:10,7.916666666666666,long,own_episode,12.005263157894737,0.7514306524904139,3706.1052631578946,0.6210614774658829,12523.0,13000.277250950978,29019.789473684214,30580.51402471125,2.0985785157322168,A_OBSERVED,B_RECOVERED,0.3,2.0985785157322168,12523.0,13000.277250950978,29019.789473684214,30580.51402471125,5.378138778168381,3.811205389690791
D7_I405_S,L405S-425,PM,4,0.051,48,48,22,68.3028947368421,48.297440043092,47.812026315789474,5967.372631578947,1491.8431578947368,profile,5967.372631578947,6211.739999999994,8000.0,,,,,,spillover_from_MD,,,,,14718.0,17126.099805605616,14718.0,17126.099805605616,2.4664120893193937,A_OBSERVED,B_RECOVERED,0.3,2.4664120893193937,14718.0,17126.099805605616,14718.0,17126.099805605616,16.361596722418916,16.361596722418916
D7_I405_S,L405S-425,NT,4,0.051,132,14,22,68.3028947368421,48.297440043092,47.812026315789474,5967.372631578947,1491.8431578947368,profile,5967.372631578947,6211.739999999994,8000.0,,,,,,spillover_from_MD,,,,,5139.894736842106,6507.429910877255,25962.68421052631,39357.61019635627,0.861332960781118,A_OBSERVED,B_RECOVERED,0.3,0.861332960781118,5139.894736842106,6507.429910877255,25962.68421052631,39357.61019635627,51.59299353338481,26.60628756135475
